{"valid_accuracy": [], "total_train_loss": [477.9458923339844, 23.731369581222534, 5.506134067773819, 4.680629040002823, 4.257021557092667, 4.039660964012146, 4.000257742404938, 3.925586370229721, 3.759742522239685, 3.690016655921936, 3.6644891220331193, 3.6728104829788206, 3.6747411739826203, 3.6892071390151977, 3.6917134404182432, 3.749175933599472], "train_loss": [], "train_acc": [], "step_at_epoch": [], "dt_forward": [], "dt_backward": [], "dt_step": [], "best_acc": -1, "best_acc_epoch": null, "best_acc_step": null, "test_loss": [398.76788330078125, 6.409634590148926, 5.137185096740723, 4.5435099601745605, 4.39358377456665, 4.108046054840088, 4.3609538078308105, 4.275082111358643, 4.009708881378174, 3.7640700340270996, 3.893033981323242, 4.052201747894287, 4.1399149894714355, 3.9240121841430664, 3.9391231536865234, 4.035268783569336], "best_loss": 3.7640700340270996, "neuron_loss": [200.741455078125, 10.32799130499363, 1.1522337074577809, 0.8607960289716721, 0.7797197887301445, 0.7263407570123672, 0.6799190109968185, 0.63211212977767, 0.598407122194767, 0.5847745209932327, 0.5722022348642349, 0.565382374227047, 0.5616820214688778, 0.5598705522716045, 0.5590613748133183, 0.5604852187633514], "trial_loss": [277.2044372558594, 13.40337825536728, 4.353900353908539, 3.8198329985141752, 3.477301775217056, 3.313320205807686, 3.32033872961998, 3.2934742349386217, 3.161335396170616, 3.1052421337366103, 3.0922868824005127, 3.107428099513054, 3.113059153556824, 3.129336583018303, 3.1326520580053328, 3.1886907196044922], "tm_mle_loss": [0.0, 0.0, 0.0, 0.0, 0.0, 0.0, 0.0, 0.0, 0.0, 0.0, 0.0, 0.0, 0.0, 0.0, 0.0, 0.0], "fr_loss": [0.0, 0.0, 0.0, 0.0, 0.0, 0.0, 0.0, 0.0, 0.0, 0.0, 0.0, 0.0, 0.0, 0.0, 0.0, 0.0], "cross_corr_loss": [0.0, 0.0, 0.0, 0.0, 0.0, 0.0, 0.0, 0.0, 0.0, 0.0, 0.0, 0.0, 0.0, 0.0, 0.0, 0.0], "t_trial_pearson": [0.07573264837265015, 0.3707664746418595, 0.5231323667615652, 0.5883613328635693, 0.6287879356741906, 0.6505393028259278, 0.6621482047438622, 0.6675161708891392, 0.6835433979332447, 0.692551649659872, 0.6918240256607533, 0.6898136226832867, 0.6860818649828434, 0.6886282339692116, 0.6818304742872715, 0.6810474960505962], "trial_type_accuracy": [0.0, 0.0, 0.0, 0.0, 0.0, 1.0, 0.0, 0.0, 1.0, 1.0, 1.0, 1.0, 0.0, 1.0, 1.0, 1.0], "opto_hit_rate": [], "t_trial_pearson_ratio": [0.11106842011213303, 0.657537579536438, 0.7478253245353699, 0.843013346195221, 0.863842248916626, 0.9068677425384521, 0.8852602243423462, 0.8890910148620605, 0.9327771663665771, 0.9466642737388611, 0.9540516138076782, 0.9330469369888306, 0.9207504987716675, 0.946456789970398, 0.9467517137527466, 0.9128806591033936], "data_loss": [477.9458923339844, 23.731369581222534, 5.506134067773819, 4.680629040002823, 4.257021557092667, 4.039660964012146, 4.000257742404938, 3.925586370229721, 3.759742522239685, 3.690016655921936, 3.6644891220331193, 3.6728104829788206, 3.6747411739826203, 3.6892071390151977, 3.6917134404182432, 3.749175933599472]}