{
    "valid_accuracy": [],
    "total_train_loss": [
        153.25,
        17.92210571527481,
        9.064426815509796,
        8.306814589500426,
        7.8270170116424564,
        7.48564661860466,
        7.2567526209354405,
        7.135171293020249,
        7.05640011548996,
        7.0081870245933535,
        6.95159136891365,
        6.867908928394318,
        6.753461170196533,
        6.60150251865387,
        6.537956922054291,
        6.468187435865402,
        6.420647636651993,
        6.440949442386628,
        6.544744681119919,
        6.827439261674881,
        7.296785063743592,
        7.043176115751266,
        7.100276823043823
    ],
    "train_loss": [],
    "train_acc": [],
    "step_at_epoch": [],
    "dt_forward": [],
    "dt_backward": [],
    "dt_step": [],
    "best_acc": -1,
    "best_acc_epoch": null,
    "best_acc_step": null,
    "test_loss": [
        151.10824584960938,
        11.69522762298584,
        10.003238677978516,
        9.228494644165039,
        8.818249702453613,
        8.690057754516602,
        8.88593578338623,
        8.821674346923828,
        8.911680221557617,
        9.111745834350586,
        9.366607666015625,
        9.839166641235352,
        9.968084335327148,
        9.843029975891113,
        9.778722763061523,
        9.923415184020996,
        10.58676528930664,
        11.128069877624512,
        12.488262176513672,
        14.362624168395996,
        15.357942581176758,
        14.528801918029785,
        14.891173362731934
    ],
    "best_loss": 6.420647636651993,
    "neuron_loss": [
        39.61700439453125,
        1.9965247537195683,
        0.3714524899423122,
        0.24621298618614673,
        0.19474003322422503,
        0.16631671130657197,
        0.14638899721205234,
        0.13340688742697238,
        0.12630668543279172,
        0.12405326679348945,
        0.12122690856456757,
        0.12221082769334317,
        0.12263094075024128,
        0.12375003308057785,
        0.12420080222189427,
        0.12277931310236453,
        0.12117452219128609,
        0.12126188062131404,
        0.12140159912407399,
        0.1200971844792366,
        0.12917911291122436,
        0.1399328652024269,
        0.1378600476682186
    ],
    "trial_loss": [
        56.27388000488281,
        12.304697110652924,
        8.235452764034271,
        7.654168910980225,
        7.241968482732773,
        6.941070311069488,
        6.741749285459519,
        6.6403892660140995,
        6.575292276144028,
        6.526428372859955,
        6.475596177577972,
        6.388455404043198,
        6.274663701057434,
        6.124954123497009,
        6.056021320819855,
        5.986069583892823,
        5.945647519826889,
        5.966484143733978,
        6.074671828746796,
        6.358292599916458,
        6.817243329286575,
        6.545627958774567,
        6.606819316148758
    ],
    "tm_mle_loss": [
        0.0,
        0.0,
        0.0,
        0.0,
        0.0,
        0.0,
        0.0,
        0.0,
        0.0,
        0.0,
        0.0,
        0.0,
        0.0,
        0.0,
        0.0,
        0.0,
        0.0,
        0.0,
        0.0,
        0.0,
        0.0,
        0.0,
        0.0
    ],
    "fr_loss": [
        57.35911178588867,
        3.620883851721883,
        0.45752158589661124,
        0.40643269300460816,
        0.390308496132493,
        0.3782595809549093,
        0.36861434124410153,
        0.3613751371204853,
        0.3548011537641287,
        0.3577053754776716,
        0.3547682745754719,
        0.3572426998615265,
        0.3561665377765894,
        0.35279836900532247,
        0.3577347782254219,
        0.35933853954076767,
        0.35382558990269897,
        0.35320343434810636,
        0.3486712482199073,
        0.3490494867414236,
        0.3503626124560833,
        0.35761529721319674,
        0.3555974516272545
    ],
    "cross_corr_loss": [
        0.0,
        0.0,
        0.0,
        0.0,
        0.0,
        0.0,
        0.0,
        0.0,
        0.0,
        0.0,
        0.0,
        0.0,
        0.0,
        0.0,
        0.0,
        0.0,
        0.0,
        0.0,
        0.0,
        0.0,
        0.0,
        0.0,
        0.0
    ],
    "t_trial_pearson": [
        0.2131994217634201,
        0.3794535071030259,
        0.48555583707988265,
        0.5109595762193203,
        0.5295336838066578,
        0.542774718850851,
        0.5522121073305607,
        0.5562718066573143,
        0.5557373857498169,
        0.5597121019661426,
        0.5586153584718704,
        0.5659765572845936,
        0.5664293107390403,
        0.569946546703577,
        0.5744096577167511,
        0.5818516571819782,
        0.5870045088231564,
        0.58742107629776,
        0.5794698871672154,
        0.5668820975720883,
        0.5508678269386291,
        0.5581127704679966,
        0.556972605586052
    ],
    "trial_type_accuracy": [
        0.0,
        0.0,
        0.0,
        0.0,
        0.0,
        0.0,
        0.0,
        0.0,
        0.0,
        0.0,
        0.0,
        0.0,
        0.0,
        0.0,
        0.0,
        0.0,
        1.0,
        1.0,
        0.0,
        0.0,
        1.0,
        1.0,
        1.0
    ],
    "opto_hit_rate": [],
    "t_trial_pearson_ratio": [
        0.37002551555633545,
        0.800826370716095,
        0.8599093556404114,
        0.8627538681030273,
        0.9059596061706543,
        0.9050489068031311,
        0.9380460381507874,
        0.9307336211204529,
        0.9391521215438843,
        0.9253624677658081,
        0.9493107199668884,
        0.9123896956443787,
        0.9071066379547119,
        0.9081103205680847,
        0.9006519913673401,
        0.9191336631774902,
        0.9596758484840393,
        0.9966675639152527,
        0.9804234504699707,
        0.9752141237258911,
        0.9197707176208496,
        0.9434955716133118,
        0.9427165389060974
    ],
    "data_loss": [
        153.25,
        17.92210571527481,
        9.064426815509796,
        8.306814589500426,
        7.8270170116424564,
        7.48564661860466,
        7.2567526209354405,
        7.135171293020249,
        7.05640011548996,
        7.0081870245933535,
        6.95159136891365,
        6.867908928394318,
        6.753461170196533,
        6.60150251865387,
        6.537956922054291,
        6.468187435865402,
        6.420647636651993,
        6.440949442386628,
        6.544744681119919,
        6.827439261674881,
        7.296785063743592,
        7.043176115751266,
        7.100276823043823
    ]
}