{"valid_accuracy": [], "total_train_loss": [53.185855865478516, 7.380817250609398, 3.5926613396406175, 3.2622175574302674, 3.270902135372162, 3.6699944591522216, 3.4741839653253557, 3.6657562762498856, 3.9267420703172684, 4.446611367464065, 3.864067381620407, 3.945125856399536, 4.569864740371704, 4.129149450063705, 3.7056508523225786, 4.229282978773117, 3.9388967818021774, 6.30874756038189, 6.250829296708107, 3.5685847926139833, 3.354674668312073, 3.3643855875730515, 3.3354711043834686, 3.3775976049900054, 3.3327560597658157, 3.31176902115345, 3.255886136293411, 4.186302975416184, 3.265312522649765, 3.7568313992023468, 3.2300492799282075, 3.515142710208893, 3.4861185115575792, 33.49267063200474, 88.34470270395279, 158.93341292381285, 124.22819669246674, 42.681981554031374, 24.418256556987764, 25.91110411643982, 55.99651686668396, 223.69492018699646, 75.71394617557526, 244.7511720275879, 578.5757599878311, 37.0512773513794, 23.51951810121536, 26.59923228263855, 31.546749820709227, 26.717775259017944, 92.50928938865661, 112.90773205757141, 2.6332128289341927], "train_loss": [], "train_acc": [], "step_at_epoch": [], "dt_forward": [], "dt_backward": [], "dt_step": [], "best_acc": -1, "best_acc_epoch": null, "best_acc_step": null, "test_loss": [105.58759307861328, 11.999330520629883, 23.737485885620117, 20.957862854003906, 22.300792694091797, 31.725570678710938, 26.042022705078125, 25.144296646118164, 36.46396255493164, 58.18644714355469, 47.56440734863281, 62.98081970214844, 44.950706481933594, 48.517086029052734, 66.32195281982422, 52.453521728515625, 57.21769332885742, 65.0745849609375, 61.616371154785156, 48.16143035888672, 47.25021743774414, 49.72911071777344, 39.474754333496094, 46.10121154785156, 47.281185150146484, 43.49409866333008, 41.145931243896484, 26.481443405151367, 39.07075500488281, 39.37883758544922, 39.12309646606445, 43.309471130371094, 45.611961364746094, 49.603546142578125, 47.380577087402344, 40.81645202636719, 41.72711944580078, 63.80368423461914, 55.343482971191406, 45.69047164916992, 37.120391845703125, 191.14654541015625, 66.3250961303711, 895.5773315429688, 47.68120193481445, 44.851505279541016, 46.11794662475586, 125.11776733398438, 40.07432556152344, 112.81947326660156, 205.49920654296875, 55.10987854003906, 36.5576286315918], "best_loss": 2.6332128289341927, "neuron_loss": [26.874664306640625, 3.65906561255455, 2.3332903629541395, 2.169356545805931, 2.147443296313286, 2.4206329613924025, 2.2722060084342957, 2.3428895896673203, 2.3507817822694776, 2.4431314378976823, 2.3267185056209563, 2.316995166540146, 2.4310947239398955, 2.31595289170742, 2.291327071785927, 2.4106572169065474, 2.283000460267067, 2.563798363804817, 2.430424904227257, 2.2741383695602417, 2.190095454454422, 2.2224423998594283, 2.175803517699242, 2.1747290283441543, 2.1819425189495085, 2.163683035373688, 2.146479436159134, 2.284061316251755, 2.1382508248090746, 2.4672951287031175, 2.1258936917781828, 2.1647573465108874, 2.1520473521947863, 9.507034378051758, 19.50186113655567, 34.72124172449112, 33.01151838362217, 10.445804541707039, 6.139372749328613, 6.542037321329117, 10.841205765008926, 36.019580824375154, 14.992050313949585, 39.87215543866157, 86.97296651124954, 6.58011880338192, 5.203440224528313, 5.639247753620148, 4.411958168745041, 4.613167669177056, 20.705517402887345, 18.61153402328491, 1.0400944186747074], "trial_loss": [1.3930354118347168, 0.9805858202278614, 0.8883347864449024, 0.8777225263416767, 0.8888573515415191, 0.8935920332372188, 0.8780509296059609, 0.8738483969867229, 0.8756640668213368, 0.8893537412583828, 0.8634218513965607, 0.8870211952924728, 0.9021551147103309, 0.8892015746235847, 0.8599731996655464, 0.8666622592508793, 0.8664095351099967, 0.9336189445853234, 0.8740310519933701, 0.8490456502139568, 0.8440771523118019, 0.8417632687091827, 0.8419026535749435, 0.8442909336090088, 0.838684521317482, 0.8366357176005841, 0.8323503170907497, 0.835717199742794, 0.8312388277053833, 0.8332005879282951, 0.8263765889406204, 0.8281247590482235, 0.8274026638269425, 0.9556503163278103, 1.158580778092146, 1.4190799617767333, 1.391260947138071, 1.0721919405460358, 0.9886496862769127, 0.9806296548247337, 1.0437677873671054, 1.4563720507919788, 1.1935418966412543, 1.5346905851364137, 2.0376094092428683, 1.0150435230135917, 0.9823358738422394, 1.016164486706257, 0.9742209985852242, 0.9507484176754951, 1.0452187567949296, 1.0690741392970085, 0.8177361257374287], "tm_mle_loss": [0.0, 0.0, 0.0, 0.0, 0.0, 0.0, 0.0, 0.0, 0.0, 0.0, 0.0, 0.0, 0.0, 0.0, 0.0, 0.0, 0.0, 0.0, 0.0, 0.0, 0.0, 0.0, 0.0, 0.0, 0.0, 0.0, 0.0, 0.0, 0.0, 0.0, 0.0, 0.0, 0.0, 0.0, 0.0, 0.0, 0.0, 0.0, 0.0, 0.0, 0.0, 0.0, 0.0, 0.0, 0.0, 0.0, 0.0, 0.0, 0.0, 0.0, 0.0, 0.0, 0.0], "fr_loss": [24.918155670166016, 2.7411657670140266, 0.3710361844673753, 0.2151384823769331, 0.2346014841273427, 0.3557694634795189, 0.32392703358083963, 0.44901828940957783, 0.7002962224557996, 1.114126200452447, 0.6739270348101855, 0.7411094910651446, 1.2366148904711007, 0.923994986191392, 0.5543505848944187, 0.951963507309556, 0.7894867800176144, 2.8113302271813154, 2.9463733425736427, 0.4454007842764258, 0.3205020653828978, 0.3001799215748906, 0.3177649350464344, 0.35857763793319464, 0.31212901763617995, 0.3114502677693963, 0.27705638356506823, 1.0665244640037417, 0.2958228699862957, 0.45633568972349164, 0.2777789905294776, 0.5222606064379215, 0.5066684852540493, 23.029985917657612, 67.68426123857498, 122.7930912065506, 89.8254175901413, 31.16398509502411, 17.290234167575836, 18.388437111377716, 44.111543292999265, 186.21896625995635, 59.52835393428803, 203.34432542800903, 489.565183467865, 29.456115071773528, 17.333741936683655, 19.943820071220397, 26.160570657253267, 21.153859210014343, 70.75855307102204, 93.22712363243103, 0.7753822850435972], "cross_corr_loss": [0.0, 0.0, 0.0, 0.0, 0.0, 0.0, 0.0, 0.0, 0.0, 0.0, 0.0, 0.0, 0.0, 0.0, 0.0, 0.0, 0.0, 0.0, 0.0, 0.0, 0.0, 0.0, 0.0, 0.0, 0.0, 0.0, 0.0, 0.0, 0.0, 0.0, 0.0, 0.0, 0.0, 0.0, 0.0, 0.0, 0.0, 0.0, 0.0, 0.0, 0.0, 0.0, 0.0, 0.0, 0.0, 0.0, 0.0, 0.0, 0.0, 0.0, 0.0, 0.0, 0.0], "t_trial_pearson": [0.16867640614509583, 0.25275431752204897, 0.34916114166378975, 0.35258521534502507, 0.32622170597314837, 0.32775133289396763, 0.3461981539428234, 0.3555455675058048, 0.3440502516925335, 0.3346022286266088, 0.3653411367535591, 0.3328240732103586, 0.3124783869087696, 0.32404659755527976, 0.3736014645546675, 0.3682728949189186, 0.35499105110764506, 0.2711490311473608, 0.3507145240157843, 0.39110885620117186, 0.3991947521269321, 0.4054616709053516, 0.40146802105009555, 0.39582131333649156, 0.40355562679469587, 0.4000169303268194, 0.4139511499553919, 0.4049445004016161, 0.41361495696008205, 0.40914385885000226, 0.4154168203473091, 0.41406503863632677, 0.4095161946117878, 0.3387781224027276, 0.26609971271827815, 0.16422067928127945, 0.23303063395433127, 0.26622412011027335, 0.3119125831872225, 0.29178404062986374, 0.20871316116303207, 0.14920526866801084, 0.1844505126774311, 0.12250765616307036, 0.13926851755706593, 0.25392280615866186, 0.3186706205457449, 0.2510825391113758, 0.28750123344361783, 0.30612291920930146, 0.23677368141710758, 0.19935940701514482, 0.43337292203208067], "trial_type_accuracy": [0.25, 0.0, 0.5, 0.25, 0.25, 0.25, 0.25, 0.25, 0.25, 0.5, 0.25, 0.25, 0.25, 0.75, 0.5, 0.25, 0.5, 0.25, 0.25, 0.75, 0.25, 0.5, 0.25, 0.25, 0.25, 0.75, 0.75, 0.25, 0.75, 0.25, 0.25, 0.25, 0.5, 0.25, 0.25, 0.0, 0.25, 0.0, 0.25, 0.25, 0.25, 0.25, 0.25, 0.25, 0.25, 0.5, 0.25, 0.25, 0.5, 0.25, 0.25, 0.25, 0.25], "opto_hit_rate": [],