{"valid_accuracy": [], "total_train_loss": [796221.5625, 86.56139288067817, 3.6488605839014054, 3.3543091726303103, 3.1750690388679503, 3.0162728798389433, 2.89886191368103, 2.8284608095884325, 2.805768676400185, 2.7653930234909057, 2.642432622909546, 2.6589514887332917, 2.6437656897306443, 2.6039027905464174, 2.5690836590528487, 2.556740300655365, 2.495866646170616, 2.4985244077444078, 2.4518597143888474, 2.4391099709272384, 2.409023656249046, 2.410236005783081, 2.399197018146515, 2.373851855993271, 2.3836229854822157, 2.3776946485042574, 2.3520983827114104, 2.340089265704155, 2.3620498323440553, 2.3655590188503264], "train_loss": [], "train_acc": [], "step_at_epoch": [], "dt_forward": [], "dt_backward": [], "dt_step": [], "best_acc": -1, "best_acc_epoch": null, "best_acc_step": null, "test_loss": [10370.919921875, 4.16998815536499, 3.916034698486328, 3.223707914352417, 3.009305477142334, 2.948214530944824, 2.8618669509887695, 2.8897759914398193, 2.7095584869384766, 2.6484997272491455, 2.593611717224121, 2.615142822265625, 3.140317678451538, 3.6005008220672607, 2.7046561241149902, 2.5323843955993652, 2.4952895641326904, 2.760258674621582, 2.6108388900756836, 2.5227794647216797, 2.6851625442504883, 2.4156651496887207, 2.4300589561462402, 2.3638908863067627, 2.4293360710144043, 2.6043269634246826, 2.4083378314971924, 2.659975051879883, 2.370270013809204, 2.4196200370788574], "best_loss": 2.3638908863067627, "neuron_loss": [167470.828125, 33.21017722249031, 1.0130613477528094, 0.8364503483474255, 0.6897092112898826, 0.5786232389509678, 0.5051272056251764, 0.4572097374498844, 0.4327655409276485, 0.3939357152581215, 0.348406975120306, 0.3308011732250452, 0.3077295159548521, 0.2938552768528461, 0.2808510356023908, 0.26455109428614376, 0.2454009035974741, 0.23703897267580032, 0.22852045863866807, 0.21921757243573667, 0.2085055124014616, 0.19870013758540153, 0.19704402316361666, 0.18510449159890413, 0.18233886916190387, 0.18494325328618288, 0.17568800561130046, 0.17169067077338696, 0.17677320189774037, 0.1780725449323654], "trial_loss": [628750.75, 53.351216902136805, 2.635799241065979, 2.5178588223457337, 2.4853598296642305, 2.437649631500244, 2.3937347024679183, 2.3712510752677916, 2.3730031341314315, 2.3714573109149932, 2.2940256440639497, 2.3281503182649614, 2.336036180257797, 2.3100475174188615, 2.2882326197624208, 2.2921892017126084, 2.2504657447338103, 2.261485435962677, 2.223339258134365, 2.2198924028873446, 2.200518143773079, 2.2115358722209932, 2.2021529972553253, 2.188747369647026, 2.201284114122391, 2.192751399874687, 2.176410380601883, 2.1683985990285874, 2.1852766296267507, 2.1874864786863326], "tm_mle_loss": [0.0, 0.0, 0.0, 0.0, 0.0, 0.0, 0.0, 0.0, 0.0, 0.0, 0.0, 0.0, 0.0, 0.0, 0.0, 0.0, 0.0, 0.0, 0.0, 0.0, 0.0, 0.0, 0.0, 0.0, 0.0, 0.0, 0.0, 0.0, 0.0, 0.0], "fr_loss": [0.0, 0.0, 0.0, 0.0, 0.0, 0.0, 0.0, 0.0, 0.0, 0.0, 0.0, 0.0, 0.0, 0.0, 0.0, 0.0, 0.0, 0.0, 0.0, 0.0, 0.0, 0.0, 0.0, 0.0, 0.0, 0.0, 0.0, 0.0, 0.0, 0.0], "cross_corr_loss": [0.0, 0.0, 0.0, 0.0, 0.0, 0.0, 0.0, 0.0, 0.0, 0.0, 0.0, 0.0, 0.0, 0.0, 0.0, 0.0, 0.0, 0.0, 0.0, 0.0, 0.0, 0.0, 0.0, 0.0, 0.0, 0.0, 0.0, 0.0, 0.0, 0.0], "t_trial_pearson": [0.008609266020357609, 0.44292291878024115, 0.6904718098044396, 0.7110401660203933, 0.7074442134797573, 0.7176186169683934, 0.7252924337983131, 0.7288784338533878, 0.7263719490170479, 0.7252777998149395, 0.7404497151076793, 0.7348227941989899, 0.7340172983705997, 0.7343559846282005, 0.737980625629425, 0.7376180639863015, 0.7415284718573093, 0.7455755305290223, 0.7440071593225003, 0.750313256084919, 0.7509785206615924, 0.7491292998194694, 0.7481830348074436, 0.7512061178684235, 0.7468171134591103, 0.7483236376941204, 0.7537604005634785, 0.7482218758761883, 0.7531605257093906, 0.7465522408485412], "trial_type_accuracy": [0.0, 1.0, 1.0, 0.0, 1.0, 0.0, 0.0, 1.0, 1.0, 1.0, 0.0, 1.0, 1.0, 0.0, 0.0, 1.0, 0.0, 1.0, 1.0, 1.0, 1.0, 1.0, 1.0, 0.0, 1.0, 1.0, 1.0, 1.0, 0.0, 0.0], "opto_hit_rate": [], "t_trial_pearson_ratio": [0.08064529299736023, 0.8983361721038818, 0.9352726936340332, 0.9418017864227295, 0.98032546043396, 0.9534993171691895, 0.9533109068870544, 0.981531023979187, 1.0099012851715088, 1.0139695405960083, 1.0112196207046509, 1.0163109302520752, 0.9640401005744934, 0.9239455461502075, 0.9735839366912842, 1.0244946479797363, 1.0093148946762085, 1.0060017108917236, 1.0143952369689941, 1.0250922441482544, 1.0164740085601807, 1.0378533601760864, 1.0215693712234497, 1.0282824039459229, 1.039359450340271, 1.0223867893218994, 1.0335503816604614, 1.024379014968872, 1.0233700275421143, 1.023254632949829], "data_loss": [796221.5625, 86.56139288067817, 3.6488605839014054, 3.3543091726303103, 3.1750690388679503, 3.0162728798389433, 2.89886191368103, 2.8284608095884325, 2.805768676400185, 2.7653930234909057, 2.642432622909546, 2.6589514887332917, 2.6437656897306443, 2.6039027905464174, 2.5690836590528487, 2.556740300655365, 2.495866646170616, 2.4985244077444078, 2.4518597143888474, 2.4391099709272384, 2.409023656249046, 2.410236005783081, 2.399197018146515, 2.373851855993271, 2.3836229854822157, 2.3776946485042574, 2.3520983827114104, 2.340089265704155, 2.3620498323440553, 2.3655590188503264]}