{"valid_accuracy": [], "total_train_loss": [461.0985412597656, 17.047878289222716, 4.700335693359375, 4.140816150903702, 3.942778639793396, 3.8391679060459136, 3.792475675344467, 3.895752593278885, 3.7426130390167236, 3.721697235107422, 3.7407814621925355, 4.092521980404854, 3.6074268823862075, 3.6020098155736924, 7.728801490068435, 4.93769753396511, 3.619704633355141, 3.5840481305122376, 3.539297828674316, 3.575802012681961, 3.565856482386589, 3.5338710153102877, 3.5591935795545577, 3.5719279938936235, 3.698523735404015, 4.556363607645035, 4.727427136301994, 3.665817500948906], "train_loss": [], "train_acc": [], "step_at_epoch": [], "dt_forward": [], "dt_backward": [], "dt_step": [], "best_acc": -1, "best_acc_epoch": null, "best_acc_step": null, "test_loss": [371.01416015625, 5.468099117279053, 4.462951183319092, 4.152634143829346, 4.0498175621032715, 4.315781116485596, 4.1103901863098145, 4.360217094421387, 3.793161630630493, 4.228212356567383, 3.7095141410827637, 3.7125585079193115, 3.716965675354004, 4.426446914672852, 12.903463363647461, 3.9793543815612793, 3.697061538696289, 3.7593917846679688, 4.13511848449707, 3.806614875793457, 3.662639617919922, 3.58052134513855, 3.8092522621154785, 3.678635358810425, 4.268381595611572, 4.556190490722656, 4.219538688659668, 3.829556941986084], "best_loss": 3.58052134513855, "neuron_loss": [198.58535766601562, 7.180150500535965, 1.0927845618128778, 0.9656903927028179, 0.8839710713922977, 0.8559415218234062, 0.8377350623905658, 0.8749484331905841, 0.7987952636182308, 0.8005875323712826, 0.8038432291150093, 0.9533256052434445, 0.72851985424757, 0.727739821523428, 3.5192691791057586, 1.2891061283648013, 0.6745201531052589, 0.6617330259084702, 0.6579137554764748, 0.6726543232798576, 0.6689114925265313, 0.6666652779281139, 0.6717155456542969, 0.6828710970282554, 0.725549947321415, 1.0210211490094663, 1.261488487124443, 0.6617917470633984], "trial_loss": [262.51318359375, 9.867727726697922, 3.6075511395931246, 3.1751257574558256, 3.0588075667619705, 2.9832263827323913, 2.9547406107187273, 3.0208041578531266, 2.9438177621364594, 2.9211097157001493, 2.936938225030899, 3.1391963720321656, 2.8789070290327072, 2.8742700004577637, 4.209532340168953, 3.648591412305832, 2.9451844871044157, 2.922315101027489, 2.88138407766819, 2.903147688508034, 2.8969449895620345, 2.867205737233162, 2.8874780333042143, 2.8890568923950197, 2.972973790168762, 3.5353424566984177, 3.4659386456012724, 3.0040257495641707], "tm_mle_loss": [0.0, 0.0, 0.0, 0.0, 0.0, 0.0, 0.0, 0.0, 0.0, 0.0, 0.0, 0.0, 0.0, 0.0, 0.0, 0.0, 0.0, 0.0, 0.0, 0.0, 0.0, 0.0, 0.0, 0.0, 0.0, 0.0, 0.0, 0.0], "fr_loss": [0.0, 0.0, 0.0, 0.0, 0.0, 0.0, 0.0, 0.0, 0.0, 0.0, 0.0, 0.0, 0.0, 0.0, 0.0, 0.0, 0.0, 0.0, 0.0, 0.0, 0.0, 0.0, 0.0, 0.0, 0.0, 0.0, 0.0, 0.0], "cross_corr_loss": [0.0, 0.0, 0.0, 0.0, 0.0, 0.0, 0.0, 0.0, 0.0, 0.0, 0.0, 0.0, 0.0, 0.0, 0.0, 0.0, 0.0, 0.0, 0.0, 0.0, 0.0, 0.0, 0.0, 0.0, 0.0, 0.0, 0.0, 0.0], "t_trial_pearson": [0.06356112658977509, 0.4093646401166916, 0.5784608688950539, 0.6370429444313049, 0.6565009397268295, 0.6670880733430385, 0.6718193325400352, 0.6702010238170624, 0.6802495339512825, 0.6817592783272266, 0.6782005602121353, 0.666265624910593, 0.6901921191811562, 0.6886683349311352, 0.6044112599641085, 0.6152345848828554, 0.6834771898388863, 0.687898304015398, 0.6909257365763187, 0.6911154472827912, 0.6887421227991581, 0.6969412042200566, 0.6956211879849434, 0.6946876674890519, 0.6912175862491131, 0.6401105915009976, 0.641751299649477, 0.6872649915516377], "trial_type_accuracy": [0.0, 1.0, 0.0, 1.0, 1.0, 0.0, 0.0, 0.0, 0.0, 1.0, 0.0, 1.0, 0.0, 0.0, 0.0, 1.0, 1.0, 1.0, 0.0, 1.0, 1.0, 1.0, 1.0, 1.0, 0.0, 1.0, 1.0, 1.0], "opto_hit_rate": [], "t_trial_pearson_ratio": [0.10682864487171173, 0.7414012551307678, 0.8252385258674622, 0.8917275667190552, 0.9275025129318237, 0.9007068276405334, 0.8458095192909241, 0.8331210017204285, 0.9116452932357788, 0.9612810015678406, 0.9159327745437622, 0.9560531973838806, 0.9206722974777222, 0.9104107618331909, 0.3923250436782837, 0.9246981739997864, 0.9351404309272766, 0.9522389769554138, 0.9410958290100098, 0.9494499564170837, 0.9595104455947876, 0.9428125023841858, 0.9520535469055176, 0.9501188397407532, 0.9104829430580139, 0.9051828980445862, 0.9193039536476135, 0.9530584216117859], "data_loss": [461.0985412597656, 17.047878289222716, 4.700335693359375, 4.140816150903702, 3.942778639793396, 3.8391679060459136, 3.792475675344467, 3.895752593278885, 3.7426130390167236, 3.721697235107422, 3.7407814621925355, 4.092521980404854, 3.6074268823862075, 3.6020098155736924, 7.728801490068435, 4.93769753396511, 3.619704633355141, 3.5840481305122376, 3.539297828674316, 3.575802012681961, 3.565856482386589, 3.5338710153102877, 3.5591935795545577, 3.5719279938936235, 3.698523735404015, 4.556363607645035, 4.727427136301994, 3.665817500948906]}