{"valid_accuracy": [], "total_train_loss": [863792.4375, 94.8046591436863, 3.746226853132248, 3.327961698770523, 3.108932707309723, 2.9503725349903105, 2.8485496681928635, 2.759439880847931, 2.6941871786117555, 2.6471976149082184, 2.617700497508049, 2.604437000751495, 2.577545006275177, 2.577740994691849], "train_loss": [], "train_acc": [], "step_at_epoch": [], "dt_forward": [], "dt_backward": [], "dt_step": [], "best_acc": -1, "best_acc_epoch": null, "best_acc_step": null, "test_loss": [12437.244140625, 4.585949897766113, 3.534435749053955, 3.7634613513946533, 4.399722099304199, 3.3921375274658203, 3.0174150466918945, 2.848752975463867, 3.5393667221069336, 3.1691832542419434, 3.4324593544006348, 2.9917798042297363, 3.0275604724884033, 3.1432628631591797], "best_loss": 2.848752975463867, "neuron_loss": [177052.9375, 35.33553154736757, 0.9501925836503505, 0.7211785233020782, 0.5881594961881638, 0.4905865377932787, 0.42606177501380443, 0.3802010749280453, 0.34372435659170153, 0.32167178221046927, 0.29294632248580454, 0.27442901223897936, 0.26377649024128913, 0.2604705097526312], "trial_loss": [686739.5, 59.46912882447243, 2.7960342609882356, 2.606783180832863, 2.5207732027769088, 2.45978600025177, 2.422487895488739, 2.3792388063669203, 2.3504628211259844, 2.325525839924812, 2.324754177927971, 2.330007980465889, 2.3137685120105744, 2.317270490527153], "tm_mle_loss": [0.0, 0.0, 0.0, 0.0, 0.0, 0.0, 0.0, 0.0, 0.0, 0.0, 0.0, 0.0, 0.0, 0.0], "fr_loss": [0.0, 0.0, 0.0, 0.0, 0.0, 0.0, 0.0, 0.0, 0.0, 0.0, 0.0, 0.0, 0.0, 0.0], "cross_corr_loss": [0.0, 0.0, 0.0, 0.0, 0.0, 0.0, 0.0, 0.0, 0.0, 0.0, 0.0, 0.0, 0.0, 0.0], "t_trial_pearson": [0.00282254908233881, 0.43282936806092037, 0.6611517913639545, 0.6905191524326801, 0.7112733234465122, 0.7160829085111619, 0.7170333869755268, 0.7289095591008663, 0.7293978123366833, 0.7326896221935749, 0.7327899686992169, 0.732360697388649, 0.734782742857933, 0.7275688177347184], "trial_type_accuracy": [0.0, 1.0, 1.0, 0.0, 0.0, 1.0, 1.0, 1.0, 0.0, 1.0, 0.0, 1.0, 1.0, 1.0], "opto_hit_rate": [], "t_trial_pearson_ratio": [0.10984443873167038, 0.8830668330192566, 0.9574000835418701, 0.9013307094573975, 0.8273633718490601, 0.9313517808914185, 0.9746432900428772, 1.0041338205337524, 0.9166319966316223, 0.9453853964805603, 0.9173499941825867, 0.9631727933883667, 0.9637252688407898, 0.9374415874481201], "data_loss": [863792.4375, 94.8046591436863, 3.746226853132248, 3.327961698770523, 3.108932707309723, 2.9503725349903105, 2.8485496681928635, 2.759439880847931, 2.6941871786117555, 2.6471976149082184, 2.617700497508049, 2.604437000751495, 2.577545006275177, 2.577740994691849]}