{"valid_accuracy": [], "total_train_loss": [477.9458923339844, 16.57029481768608, 4.63026654958725, 4.080989817976952, 3.8827448898553847, 3.780777853727341, 3.735110576748848, 3.7645316153764723, 3.893743520975113, 4.691909947395325, 3.646536115407944, 3.6835304909944533, 3.815150463581085, 11.870483234524727, 5.212661362290382, 3.8709104645252226, 3.7024620378017428, 3.783352704048157, 3.6549075776338578, 3.8015040236711504, 3.902772204875946, 17.537245494127273], "train_loss": [], "train_acc": [], "step_at_epoch": [], "dt_forward": [], "dt_backward": [], "dt_step": [], "best_acc": -1, "best_acc_epoch": null, "best_acc_step": null, "test_loss": [370.1761169433594, 5.292083263397217, 4.452387809753418, 4.1118059158325195, 4.331200122833252, 3.817441940307617, 3.9495277404785156, 3.8743491172790527, 3.7425851821899414, 3.819807529449463, 3.718052387237549, 4.323829174041748, 3.968433141708374, 6.353209495544434, 4.057175159454346, 3.6931087970733643, 5.480525493621826, 3.6993982791900635, 4.294373035430908, 4.284544944763184, 4.707688808441162, 41.343109130859375], "best_loss": 3.6931087970733643, "neuron_loss": [200.741455078125, 6.456403204500675, 1.0767834331095218, 0.964197393655777, 0.8966993787884712, 0.8627499510347844, 0.8371926480531693, 0.8227105064690113, 0.8292425864934921, 1.2565551756322384, 0.7234638337790966, 0.7243684244155884, 0.8199346908926963, 7.515657970756292, 1.6308878111839293, 0.8535735653340817, 0.7008208607137203, 0.7394059740006924, 0.693827782124281, 0.777232027053833, 0.819533622264862, 11.527217059135436], "trial_loss": [277.2044372558594, 10.1138916015625, 3.5534831136465073, 3.1167924159765246, 2.9860455137491226, 2.918027896285057, 2.897917930483818, 2.9418211060762407, 3.0645009344816208, 3.43535475730896, 2.9230722790956496, 2.9591620683670046, 2.995215771794319, 4.354825313687325, 3.581773533821106, 3.017336895465851, 3.001641173362732, 3.0439467346668243, 2.961079792380333, 3.024271988272667, 3.083238589763641, 6.010028456449509], "tm_mle_loss": [0.0, 0.0, 0.0, 0.0, 0.0, 0.0, 0.0, 0.0, 0.0, 0.0, 0.0, 0.0, 0.0, 0.0, 0.0, 0.0, 0.0, 0.0, 0.0, 0.0, 0.0, 0.0], "fr_loss": [0.0, 0.0, 0.0, 0.0, 0.0, 0.0, 0.0, 0.0, 0.0, 0.0, 0.0, 0.0, 0.0, 0.0, 0.0, 0.0, 0.0, 0.0, 0.0, 0.0, 0.0, 0.0], "cross_corr_loss": [0.0, 0.0, 0.0, 0.0, 0.0, 0.0, 0.0, 0.0, 0.0, 0.0, 0.0, 0.0, 0.0, 0.0, 0.0, 0.0, 0.0, 0.0, 0.0, 0.0, 0.0, 0.0], "t_trial_pearson": [0.07573264837265015, 0.4127188365533948, 0.6020931375026702, 0.6571332047879695, 0.671555258333683, 0.6808036118745804, 0.6841758991777896, 0.6819185626506805, 0.6695485101640224, 0.6262746423482894, 0.6831341640651226, 0.6817068578302861, 0.6771606592833996, 0.585663498044014, 0.6423904699087143, 0.6858147321641446, 0.6872362603247165, 0.6812560474872589, 0.6918831491470336, 0.6856678621470929, 0.6851355084776878, 0.5150021062046289], "trial_type_accuracy": [0.0, 1.0, 1.0, 1.0, 0.0, 1.0, 1.0, 0.0, 1.0, 1.0, 1.0, 0.0, 1.0, 0.0, 1.0, 1.0, 0.0, 0.0, 0.0, 0.0, 0.0, 0.0], "opto_hit_rate": [], "t_trial_pearson_ratio": [0.11450095474720001, 0.7503161430358887, 0.8763675093650818, 0.9083556532859802, 0.896816611289978, 0.9439876079559326, 0.9267227053642273, 0.8800066709518433, 0.9298343658447266, 0.9183355569839478, 0.9334090948104858, 0.9013004302978516, 0.9153087139129639, 0.8784276247024536, 0.9386475086212158, 0.941429853439331, 0.8023213744163513, 0.9199811220169067, 0.9012882709503174, 0.9337188005447388, 0.788745641708374, 0.5059038996696472], "data_loss": [477.9458923339844, 16.57029481768608, 4.63026654958725, 4.080989817976952, 3.8827448898553847, 3.780777853727341, 3.735110576748848, 3.7645316153764723, 3.893743520975113, 4.691909947395325, 3.646536115407944, 3.6835304909944533, 3.815150463581085, 11.870483234524727, 5.212661362290382, 3.8709104645252226, 3.7024620378017428, 3.783352704048157, 3.6549075776338578, 3.8015040236711504, 3.902772204875946, 17.537245494127273]}