{"valid_accuracy": [], "total_train_loss": [467.80010986328125, 25.139927277565004, 5.694688909053802, 4.936358851194382, 4.489094882011414, 4.231952347755432, 4.1200464713573455, 3.964846608042717, 3.8785292959213256, 3.855269886255264, 3.8238999915122984, 3.8015922147035597, 3.783445664048195, 3.7556350618600844, 3.7443612408638, 3.733701065182686, 3.731014369726181, 3.7123945033550263, 3.6991571086645125, 3.70488380253315, 3.7014283537864685, 3.7081486666202546, 3.708354269862175, 3.697154125571251, 3.704514667391777, 3.7114041125774384, 3.7012988525629043, 3.704795858860016], "train_loss": [], "train_acc": [], "step_at_epoch": [], "dt_forward": [], "dt_backward": [], "dt_step": [], "best_acc": -1, "best_acc_epoch": null, "best_acc_step": null, "test_loss": [400.81622314453125, 6.556134223937988, 5.204503536224365, 4.763672828674316, 4.458328723907471, 4.340005397796631, 4.339637279510498, 4.077337265014648, 4.028565406799316, 4.073939323425293, 4.024185657501221, 4.009851932525635, 4.148378849029541, 3.8498265743255615, 4.035520553588867, 3.835782051086426, 3.8647966384887695, 3.9203622341156006, 3.838984489440918, 3.831381320953369, 3.7896153926849365, 3.672560214996338, 3.8009791374206543, 3.9432950019836426, 3.865511894226074, 3.713442802429199, 3.8058104515075684, 3.792041540145874], "best_loss": 3.672560214996338, "neuron_loss": [210.11215209960938, 12.14512054145336, 1.2395539011061192, 0.8840509395301342, 0.8016910651326179, 0.7401083970069885, 0.6506563639640808, 0.6220744994282722, 0.6090977966785431, 0.6036286269128323, 0.5982327857613563, 0.5968336020410061, 0.5929934282600879, 0.5892047448456288, 0.5856534720957279, 0.5847762134671212, 0.5795238576829433, 0.576741240620613, 0.576347453892231, 0.5749346815049649, 0.5725546972453595, 0.5720185013115406, 0.572163340896368, 0.5709229561686516, 0.5709229315817356, 0.5718453939259053, 0.5705132266879082, 0.5716450127959252], "trial_loss": [257.6879577636719, 12.994806903600693, 4.455135023593902, 4.0523079180717465, 3.687403820157051, 3.4918439477682113, 3.4693901056051253, 3.3427721101045607, 3.269431499838829, 3.251641261577606, 3.2256672060489655, 3.2047586113214495, 3.190452236533165, 3.1664303171634676, 3.1587077695131303, 3.14892484664917, 3.1514905142784118, 3.135653254389763, 3.122809660434723, 3.1299491184949875, 3.128873654007912, 3.136130167245865, 3.1361909252405167, 3.126231164932251, 3.133591733574867, 3.1395587241649627, 3.1307856327295305, 3.1331508445739744], "tm_mle_loss": [0.0, 0.0, 0.0, 0.0, 0.0, 0.0, 0.0, 0.0, 0.0, 0.0, 0.0, 0.0, 0.0, 0.0, 0.0, 0.0, 0.0, 0.0, 0.0, 0.0, 0.0, 0.0, 0.0, 0.0, 0.0, 0.0, 0.0, 0.0], "fr_loss": [0.0, 0.0, 0.0, 0.0, 0.0, 0.0, 0.0, 0.0, 0.0, 0.0, 0.0, 0.0, 0.0, 0.0, 0.0, 0.0, 0.0, 0.0, 0.0, 0.0, 0.0, 0.0, 0.0, 0.0, 0.0, 0.0, 0.0, 0.0], "cross_corr_loss": [0.0, 0.0, 0.0, 0.0, 0.0, 0.0, 0.0, 0.0, 0.0, 0.0, 0.0, 0.0, 0.0, 0.0, 0.0, 0.0, 0.0, 0.0, 0.0, 0.0, 0.0, 0.0, 0.0, 0.0, 0.0, 0.0, 0.0, 0.0], "t_trial_pearson": [0.07406903058290482, 0.36158394036814573, 0.5122615300863981, 0.5515231131017209, 0.6019105710089206, 0.6377175723016262, 0.6503357322514057, 0.6612721402943135, 0.6710235692560673, 0.6721204264461994, 0.6688546314835548, 0.6713091291487217, 0.6711096563935279, 0.675954074561596, 0.6765656732022762, 0.6818931941688061, 0.6832767255604267, 0.6822408291697503, 0.6830827644467354, 0.6840142291784287, 0.6870390394330025, 0.684972302466631, 0.6814590053260327, 0.6866826902329922, 0.682999017983675, 0.6866900916397571, 0.687453713864088, 0.6879281270503997], "trial_type_accuracy": [0.0, 0.0, 0.0, 1.0, 0.0, 0.0, 0.0, 0.0, 0.0, 0.0, 0.0, 0.0, 0.0, 0.0, 0.0, 0.0, 1.0, 0.0, 0.0, 0.0, 0.0, 1.0, 1.0, 0.0, 0.0, 1.0, 1.0, 0.0], "opto_hit_rate": [], "t_trial_pearson_ratio": [0.09705624729394913, 0.6812280416488647, 0.7362564206123352, 0.7938001751899719, 0.8422520756721497, 0.8759097456932068, 0.8559951186180115, 0.8933985233306885, 0.8956872820854187, 0.8970304727554321, 0.891255259513855, 0.9010348320007324, 0.8939370512962341, 0.9189034700393677, 0.8968855738639832, 0.9260338544845581, 0.934023916721344, 0.9182775616645813, 0.931975245475769, 0.9308139681816101, 0.9334683418273926, 0.9486269354820251, 0.9392285943031311, 0.9196344017982483, 0.9320259094238281, 0.9481061697006226, 0.94329833984375, 0.9424464702606201], "data_loss": [467.80010986328125, 25.139927277565004, 5.694688909053802, 4.936358851194382, 4.489094882011414, 4.231952347755432, 4.1200464713573455, 3.964846608042717, 3.8785292959213256, 3.855269886255264, 3.8238999915122984, 3.8015922147035597, 3.783445664048195, 3.7556350618600844, 3.7443612408638, 3.733701065182686, 3.731014369726181, 3.7123945033550263, 3.6991571086645125, 3.70488380253315, 3.7014283537864685, 3.7081486666202546, 3.708354269862175, 3.697154125571251, 3.704514667391777, 3.7114041125774384, 3.7012988525629043, 3.704795858860016]}