{
    "valid_accuracy": [],
    "total_train_loss": [
        52.83991622924805,
        12.915952600240708,
        3.5681630432605744,
        2.5429702472686766,
        2.269191199541092,
        2.1576641857624055,
        2.1019278395175935,
        2.068265636563301,
        2.0432115310430525,
        2.0289397102594378,
        2.0258116635680197,
        2.0752288943529127,
        2.2208232110738755,
        2.0523618024587633,
        2.0167185524106026,
        2.0017123636603356,
        1.9858011031150817,
        1.9856443589925765,
        1.9904269608855247,
        1.990172257721424,
        1.9855788546800612,
        1.979958375096321,
        1.9823745167255402,
        2.0388147330284117,
        1.997049343585968,
        2.0355519953370096,
        2.1816647323966025,
        2.1787573584914206,
        2.2020706689357756,
        2.9553564727306365,
        3.0743956243991852,
        3.029840893745422,
        3.732439417243004,
        4.066061446666717,
        4.049109270572663,
        3.774337702989578,
        3.8936273300647737,
        4.294722821712494,
        4.055897170901298,
        3.510068854093552,
        3.4272674667835235,
        3.4915550208091735,
        3.286406895518303
    ],
    "train_loss": [],
    "train_acc": [],
    "step_at_epoch": [],
    "dt_forward": [],
    "dt_backward": [],
    "dt_step": [],
    "best_acc": -1,
    "best_acc_epoch": null,
    "best_acc_step": null,
    "test_loss": [
        49.03357696533203,
        8.229145050048828,
        10.47646713256836,
        15.212122917175293,
        16.674715042114258,
        20.201095581054688,
        23.684391021728516,
        26.723371505737305,
        29.02178955078125,
        31.02075958251953,
        26.544836044311523,
        26.43147087097168,
        31.97272300720215,
        26.675968170166016,
        30.52090835571289,
        30.231019973754883,
        30.287826538085938,
        36.38671875,
        31.600759506225586,
        30.915538787841797,
        28.769237518310547,
        38.473304748535156,
        38.910953521728516,
        36.83882522583008,
        32.884517669677734,
        39.72587966918945,
        37.17868423461914,
        48.314449310302734,
        44.00450897216797,
        42.54142379760742,
        32.28533172607422,
        34.033199310302734,
        40.56853103637695,
        26.708560943603516,
        36.45481872558594,
        32.23429489135742,
        31.35795783996582,
        45.73495101928711,
        27.071727752685547,
        37.15117263793945,
        33.883026123046875,
        32.17989730834961,
        36.034271240234375
    ],
    "best_loss": 1.979958375096321,
    "neuron_loss": [
        26.501401901245117,
        4.862192216515541,
        1.6277866291999816,
        1.2411058694124222,
        1.1251192745566367,
        1.0715443435311318,
        1.0406695717573167,
        1.0175266413390636,
        1.0008973287045955,
        0.9893058235943317,
        0.982014998793602,
        1.0014982338249683,
        1.091482622921467,
        0.996818544268608,
        0.9817483432590961,
        0.9752731154859066,
        0.9682457660138607,
        0.967058971375227,
        0.9680060383677482,
        0.9654164344072342,
        0.9628551352024078,
        0.9595938062667847,
        0.9619355741143226,
        0.979592170715332,
        0.9608511106669902,
        0.9778169351816177,
        1.033707364797592,
        1.0224915616214276,
        1.026014396250248,
        1.165582254678011,
        1.3235900008678436,
        1.1960241708159447,
        1.3077733799815179,
        1.3717840832471848,
        1.309968227148056,
        1.2301626491546631,
        1.2134536844491959,
        1.3739906358718872,
        1.2656552466750144,
        1.1590046021342277,
        1.1531831577420235,
        1.1444309210777284,
        1.12603466629982
    ],
    "trial_loss": [
        1.3668779134750366,
        1.0805408881604672,
        0.8730641601979733,
        0.8518710152804851,
        0.8446120896935463,
        0.842361505329609,
        0.8414929877221584,
        0.8413360247015953,
        0.8400203378498554,
        0.8392053668200969,
        0.8381411884725094,
        0.8378711019456386,
        0.8403266848623753,
        0.8257869495451451,
        0.8192456430196762,
        0.8160337628424168,
        0.8126880170404911,
        0.8103891183435917,
        0.8092113192379474,
        0.808647915571928,
        0.8086026912927627,
        0.8064630384743213,
        0.8041451451182365,
        0.805412826538086,
        0.8040221464633942,
        0.804500342309475,
        0.8196635544300079,
        0.8123054084181786,
        0.8096361322700978,
        0.857219117283821,
        0.8956971997022629,
        0.8551267319917679,
        0.8494536876678467,
        0.8581119371950626,
        0.8535765311121941,
        0.8431569398939609,
        0.8419452914595604,
        0.8357004645466805,
        0.8439228700101375,
        0.8326160186529159,
        0.8261730296909809,
        0.8242547015845776,
        0.8245614737272262
    ],
    "tm_mle_loss": [
        0.0,
        0.0,
        0.0,
        0.0,
        0.0,
        0.0,
        0.0,
        0.0,
        0.0,
        0.0,
        0.0,
        0.0,
        0.0,
        0.0,
        0.0,
        0.0,
        0.0,
        0.0,
        0.0,
        0.0,
        0.0,
        0.0,
        0.0,
        0.0,
        0.0,
        0.0,
        0.0,
        0.0,
        0.0,
        0.0,
        0.0,
        0.0,
        0.0,
        0.0,
        0.0,
        0.0,
        0.0,
        0.0,
        0.0,
        0.0,
        0.0,
        0.0,
        0.0
    ],
    "fr_loss": [
        24.971635818481445,
        6.97321950495243,
        1.0673122538626194,
        0.44999335914850236,
        0.29945983484387395,
        0.24375833075493575,
        0.21976527515798808,
        0.20940297309309244,
        0.2022938621416688,
        0.20042851962149144,
        0.20565548311918974,
        0.235859555862844,
        0.2890138966217637,
        0.22975630916655063,
        0.21572456818073987,
        0.21040548875927925,
        0.20486732002347707,
        0.20819626785814763,
        0.2132096039876342,
        0.21610790938138963,
        0.21412102729082108,
        0.2139015307277441,
        0.21629379749298094,
        0.25380973786115646,
        0.23217608340084553,
        0.25323471188545227,
        0.3282938074320555,
        0.3439603915065527,
        0.366420140042901,
        0.9325550981611014,
        0.8551084188744426,
        0.9786899956315755,
        1.5752123457193374,
        1.8361654075980187,
        1.8855645310878755,
        1.7010181066393852,
        1.8382283541560174,
        2.0850317189097405,
        1.9463190537691117,
        1.5184482339024543,
        1.4479112794995308,
        1.5228693975508214,
        1.33581076040864
    ],
    "cross_corr_loss": [
        0.0,
        0.0,
        0.0,
        0.0,
        0.0,
        0.0,
        0.0,
        0.0,
        0.0,
        0.0,
        0.0,
        0.0,
        0.0,
        0.0,
        0.0,
        0.0,
        0.0,
        0.0,
        0.0,
        0.0,
        0.0,
        0.0,
        0.0,
        0.0,
        0.0,
        0.0,
        0.0,
        0.0,
        0.0,
        0.0,
        0.0,
        0.0,
        0.0,
        0.0,
        0.0,
        0.0,
        0.0,
        0.0,
        0.0,
        0.0,
        0.0,
        0.0,
        0.0
    ],