{"valid_accuracy": [], "total_train_loss": [477.9458923339844, 23.67420350551605, 5.446042428016662, 4.6422367346286775, 4.252783518433571, 4.063492218852043, 3.964020048379898, 3.9321214252710344, 3.898442888855934, 3.8163711786270142, 3.7667236548662184, 3.719407587647438, 3.6813538771867753, 3.6765780252218248, 3.6803722161054613, 3.6696049571037292, 3.6902905064821243, 3.6718105524778366, 3.684718250632286, 3.6938639187812807, 3.7101234179735183, 3.682028579711914, 3.705354397892952, 3.724455791711807, 3.708784003853798], "train_loss": [], "train_acc": [], "step_at_epoch": [], "dt_forward": [], "dt_backward": [], "dt_step": [], "best_acc": -1, "best_acc_epoch": null, "best_acc_step": null, "test_loss": [398.82855224609375, 6.015974998474121, 5.236044406890869, 5.1118083000183105, 4.2677903175354, 4.34564733505249, 4.094271183013916, 4.124867916107178, 4.31475305557251, 4.155051231384277, 4.1241254806518555, 3.9441449642181396, 3.9206361770629883, 4.2063093185424805, 3.992673397064209, 4.054830551147461, 3.981275796890259, 4.0774245262146, 3.9090888500213623, 4.324234962463379, 3.9684102535247803, 4.009336471557617, 4.223652362823486, 3.932166814804077, 3.931877613067627], "best_loss": 3.9090888500213623, "neuron_loss": [200.741455078125, 10.306103484630585, 1.1250328062474728, 0.8568345065414905, 0.7832552082836628, 0.7314308425784111, 0.6931123758852482, 0.6659176275134087, 0.6242690302431584, 0.5936714674532414, 0.5811135469377041, 0.5701868186891079, 0.5639934650063515, 0.5593157151341438, 0.5576700891554356, 0.5558635604381561, 0.5553223116695881, 0.5520118819177151, 0.5527516476809978, 0.5515647205710411, 0.5525481596589088, 0.5527455596625805, 0.5524838922917843, 0.5535753847658634, 0.5531069739162922], "trial_loss": [277.2044372558594, 13.368100196123123, 4.321009617447853, 3.7854022163152696, 3.4695283085107804, 3.3320613753795625, 3.2709076732397078, 3.266203804016113, 3.274173858165741, 3.2226997125148773, 3.1856101042032243, 3.1492207723855974, 3.1173604100942613, 3.117262306213379, 3.1227021276950837, 3.1137413954734803, 3.1349681997299195, 3.1197986686229706, 3.1319666039943694, 3.142299196124077, 3.15757525742054, 3.129283021092415, 3.1528705084323883, 3.1708804070949554, 3.1556770277023314], "tm_mle_loss": [0.0, 0.0, 0.0, 0.0, 0.0, 0.0, 0.0, 0.0, 0.0, 0.0, 0.0, 0.0, 0.0, 0.0, 0.0, 0.0, 0.0, 0.0, 0.0, 0.0, 0.0, 0.0, 0.0, 0.0, 0.0], "fr_loss": [0.0, 0.0, 0.0, 0.0, 0.0, 0.0, 0.0, 0.0, 0.0, 0.0, 0.0, 0.0, 0.0, 0.0, 0.0, 0.0, 0.0, 0.0, 0.0, 0.0, 0.0, 0.0, 0.0, 0.0, 0.0], "cross_corr_loss": [0.0, 0.0, 0.0, 0.0, 0.0, 0.0, 0.0, 0.0, 0.0, 0.0, 0.0, 0.0, 0.0, 0.0, 0.0, 0.0, 0.0, 0.0, 0.0, 0.0, 0.0, 0.0, 0.0, 0.0, 0.0], "t_trial_pearson": [0.07573264837265015, 0.3717463098093867, 0.5284429191052914, 0.5934428974986077, 0.6298934324085712, 0.6466812838613987, 0.657365948855877, 0.6637996287643909, 0.6723079578578472, 0.6741553701460361, 0.6774176771938801, 0.684285783469677, 0.6858105857670307, 0.6888108110427856, 0.6809799663722516, 0.686090734899044, 0.6849208737909794, 0.6844531834125519, 0.6861522103846073, 0.685873012393713, 0.6846691000461579, 0.6841777862608432, 0.6862912817299366, 0.6812725166976452, 0.6880938772857189], "trial_type_accuracy": [0.0, 1.0, 0.0, 0.0, 1.0, 0.0, 1.0, 1.0, 0.0, 0.0, 1.0, 1.0, 1.0, 0.0, 1.0, 1.0, 1.0, 1.0, 1.0, 0.0, 1.0, 1.0, 0.0, 1.0, 1.0], "opto_hit_rate": [], "t_trial_pearson_ratio": [0.11105809360742569, 0.699188768863678, 0.7488999962806702, 0.7833271622657776, 0.8769855499267578, 0.8937293291091919, 0.9065238833427429, 0.901414692401886, 0.885447084903717, 0.9191167950630188, 0.9185099601745605, 0.9356382489204407, 0.9303802847862244, 0.907321035861969, 0.9352918267250061, 0.9218912720680237, 0.9471952319145203, 0.9346315264701843, 0.9389443397521973, 0.8993015885353088, 0.9367121458053589, 0.9297900199890137, 0.9018741250038147, 0.9431430697441101, 0.9472285509109497], "data_loss": [477.9458923339844, 23.67420350551605, 5.446042428016662, 4.6422367346286775, 4.252783518433571, 4.063492218852043, 3.964020048379898, 3.9321214252710344, 3.898442888855934, 3.8163711786270142, 3.7667236548662184, 3.719407587647438, 3.6813538771867753, 3.6765780252218248, 3.6803722161054613, 3.6696049571037292, 3.6902905064821243, 3.6718105524778366, 3.684718250632286, 3.6938639187812807, 3.7101234179735183, 3.682028579711914, 3.705354397892952, 3.724455791711807, 3.708784003853798]}