{"valid_accuracy": [], "total_train_loss": [467.80010986328125, 17.435311621427537, 5.191972556114197, 4.544134198427201, 4.3093228590488435, 4.239292967319488, 4.168855190873146, 4.105823054313659, 4.05790946662426, 4.042862700223923, 4.027518894672394, 7.141933062076569, 4.105648747682571, 4.075829884409904, 5.919802749752998, 12.215087642669678, 8.72453988790512, 8.382619259357453, 9.913487228155136], "train_loss": [], "train_acc": [], "step_at_epoch": [], "dt_forward": [], "dt_backward": [], "dt_step": [], "best_acc": -1, "best_acc_epoch": null, "best_acc_step": null, "test_loss": [373.26953125, 5.747756481170654, 4.81152868270874, 4.466827869415283, 4.337184429168701, 4.2219977378845215, 4.172244548797607, 4.200193881988525, 4.18639612197876, 4.380637168884277, 3.965855598449707, 4.521459102630615, 3.94878888130188, 3.9746010303497314, 15.846220970153809, 10.051639556884766, 7.990179061889648, 8.209708213806152, 11.824532508850098], "best_loss": 3.94878888130188, "neuron_loss": [210.11215209960938, 7.402885192036629, 1.2213885307312011, 1.0319204685091972, 0.9590365126729011, 0.9243141715228558, 0.8805250452458858, 0.8562670543789863, 0.8538552749156952, 0.8534217211604118, 0.8576246480643749, 3.056105976551771, 0.7779376272857189, 0.7620027123391628, 2.1152379216253756, 6.0266584312915805, 3.063591203689575, 2.3301106441020965, 2.821566281914711], "trial_loss": [257.6879577636719, 10.032426553964616, 3.970584021806717, 3.5122137492895127, 3.350286343693733, 3.314978796839714, 3.2883301520347596, 3.2495560032129287, 3.204054181575775, 3.1894409787654876, 3.169894243478775, 4.085827072858811, 3.327711109519005, 3.31382717192173, 3.8045648074150087, 6.18842924118042, 5.66094871878624, 6.0525086152553556, 7.091920914649964], "tm_mle_loss": [0.0, 0.0, 0.0, 0.0, 0.0, 0.0, 0.0, 0.0, 0.0, 0.0, 0.0, 0.0, 0.0, 0.0, 0.0, 0.0, 0.0, 0.0, 0.0], "fr_loss": [0.0, 0.0, 0.0, 0.0, 0.0, 0.0, 0.0, 0.0, 0.0, 0.0, 0.0, 0.0, 0.0, 0.0, 0.0, 0.0, 0.0, 0.0, 0.0], "cross_corr_loss": [0.0, 0.0, 0.0, 0.0, 0.0, 0.0, 0.0, 0.0, 0.0, 0.0, 0.0, 0.0, 0.0, 0.0, 0.0, 0.0, 0.0, 0.0, 0.0], "t_trial_pearson": [0.07406903058290482, 0.3993125986866653, 0.5519006790220737, 0.610540354847908, 0.6359632182121276, 0.6440206974744797, 0.6476421737670899, 0.6578472051024437, 0.6655396799743175, 0.6665887600183487, 0.6675095500051975, 0.5911073370277882, 0.6524403025209904, 0.6587387792766094, 0.6288010092824697, 0.4676749403774738, 0.4883975954353809, 0.4602073534578085, 0.4146492625772953], "trial_type_accuracy": [0.0, 0.0, 0.0, 0.0, 1.0, 1.0, 1.0, 0.0, 0.0, 1.0, 1.0, 1.0, 1.0, 0.0, 0.0, 1.0, 1.0, 1.0, 0.0], "opto_hit_rate": [], "t_trial_pearson_ratio": [0.0980808436870575, 0.727608859539032, 0.8291576504707336, 0.857767641544342, 0.8720243573188782, 0.8893592357635498, 0.8888721466064453, 0.8879464864730835, 0.8958116173744202, 0.8900758028030396, 0.9206399917602539, 0.8413630127906799, 0.9203818440437317, 0.9105978608131409, 0.6213600039482117, 0.666054904460907, 0.6686490178108215, 0.6240502595901489, 0.572401225566864], "data_loss": [467.80010986328125, 17.435311621427537, 5.191972556114197, 4.544134198427201, 4.3093228590488435, 4.239292967319488, 4.168855190873146, 4.105823054313659, 4.05790946662426, 4.042862700223923, 4.027518894672394, 7.141933062076569, 4.105648747682571, 4.075829884409904, 5.919802749752998, 12.215087642669678, 8.72453988790512, 8.382619259357453, 9.913487228155136]}