{"valid_accuracy": [], "total_train_loss": [10493.427734375, 10.334699361920357, 1.9902686381340027, 1.9175124463438988, 1.8489633741974831, 1.708970221579075, 1.67287819981575, 1.5771244359016419, 1.587161079645157, 1.5547578498721122, 1.5363217747211457, 1.5090155711770057, 1.4554190626740455, 1.502787055671215, 1.4512253510951996, 1.414028927385807, 1.4197319677472116, 1.433934101462364, 1.5011180791258811, 1.3968497708439827, 1.3887121713161468, 1.3985960948467255, 1.382599024474621, 1.3902232801914216, 1.3824963507056236, 1.3842691510915757, 1.3404106774926186, 1.3683880442380905, 1.3660291835665703, 1.3505970838665962, 1.3344129595160483, 1.3090281721949577, 1.3103503587841987, 1.286269103884697, 1.314519695341587], "train_loss": [], "train_acc": [], "step_at_epoch": [], "dt_forward": [], "dt_backward": [], "dt_step": [], "best_acc": -1, "best_acc_epoch": null, "best_acc_step": null, "test_loss": [580.7134399414062, 13.016942977905273, 18.475666046142578, 23.2805118560791, 85.92745971679688, 31.503097534179688, 36.73793411254883, 31.092445373535156, 44.38376998901367, 42.36351013183594, 28.013246536254883, 35.559722900390625, 30.877418518066406, 33.19267654418945, 37.78045654296875, 31.5667781829834, 32.866966247558594, 28.18938446044922, 32.525665283203125, 32.393890380859375, 29.239770889282227, 26.932207107543945, 24.706087112426758, 23.939313888549805, 23.397075653076172, 25.32024383544922, 23.78972625732422, 22.06968116760254, 25.814285278320312, 23.060955047607422, 20.449268341064453, 21.538724899291992, 22.793325424194336, 18.99396324157715, 22.37586212158203], "best_loss": 1.286269103884697, "neuron_loss": [5696.33984375, 4.279750529527664, 0.9189855989813804, 0.8135326078534126, 0.7656224204599857, 0.7308055831491947, 0.7012005594372749, 0.6606598719954491, 0.6539033481478691, 0.6356267429888248, 0.6252211445569992, 0.6104530332982541, 0.586880898475647, 0.5957951356470584, 0.5762191854417325, 0.5613864453136921, 0.5604892897605896, 0.5610195259749889, 0.5693370096385479, 0.5407051073014736, 0.5357746481150388, 0.5299714650958777, 0.5253061049431562, 0.5209627185016871, 0.5185672575980425, 0.5158195218443871, 0.5042336980253458, 0.5072098474949598, 0.5035970016568899, 0.49997273668646813, 0.4921691863238811, 0.4866084285825491, 0.48576775424182417, 0.4788325058668852, 0.48116835199296476], "trial_loss": [23.607818603515625, 0.9179958352446556, 0.7943410344421864, 0.7809277126193046, 0.7724252542853356, 0.7504028250277043, 0.7448742394149304, 0.7341492438316345, 0.7324105404317379, 0.7287110698223114, 0.7247865511476994, 0.721999971717596, 0.7181673952937127, 0.7183476054668426, 0.7163645893335342, 0.7129283501207828, 0.7129769346117973, 0.7125585797429085, 0.7146569976210594, 0.7094702726602554, 0.7078969399631023, 0.7071571555733681, 0.707503013163805, 0.7060431960225105, 0.7045796233415603, 0.7052630224823951, 0.7035755428671837, 0.704083292633295, 0.7030328516662121, 0.7033275353908539, 0.7024116140604019, 0.7022804471850396, 0.700661851465702, 0.6997374185919761, 0.7001667833328247], "tm_mle_loss": [0.0, 0.0, 0.0, 0.0, 0.0, 0.0, 0.0, 0.0, 0.0, 0.0, 0.0, 0.0, 0.0, 0.0, 0.0, 0.0, 0.0, 0.0, 0.0, 0.0, 0.0, 0.0, 0.0, 0.0, 0.0, 0.0, 0.0, 0.0, 0.0, 0.0, 0.0, 0.0, 0.0, 0.0, 0.0], "fr_loss": [4773.47998046875, 5.136953134536743, 0.2769420003890991, 0.3230521222576499, 0.3109157010540366, 0.22776181321591138, 0.2268033958040178, 0.1823153194412589, 0.2008471870981157, 0.19042003784328698, 0.18631407737731934, 0.1765625661984086, 0.15037076545879244, 0.18864431243389845, 0.15864157738164067, 0.1397141306195408, 0.14626574294641614, 0.1603559920191765, 0.21712407045997678, 0.1466743916925043, 0.14504058321006597, 0.16146747465245426, 0.14978990767151118, 0.16321736311540008, 0.15934947242960334, 0.16318660590797662, 0.1326014401484281, 0.1570949024707079, 0.15939932697452605, 0.14729681094177066, 0.13983215850777925, 0.12013929451815784, 0.12392074990086258, 0.10769918088801206, 0.13318455973640084], "cross_corr_loss": [0.0, 0.0, 0.0, 0.0, 0.0, 0.0, 0.0, 0.0, 0.0, 0.0, 0.0, 0.0, 0.0, 0.0, 0.0, 0.0, 0.0, 0.0, 0.0, 0.0, 0.0, 0.0, 0.0, 0.0, 0.0, 0.0, 0.0, 0.0, 0.0, 0.0, 0.0, 0.0, 0.0, 0.0, 0.0], "t_trial_pearson": [0.08307360112667084, 0.3376369331404567, 0.42356913559138776, 0.44093909725546837, 0.4525712413340807, 0.4764318741858006, 0.48080110527575015, 0.4932969629764557, 0.5000665479898453, 0.5043467730283737, 0.5097911380976439, 0.5150775831192732, 0.5189623402059078, 0.518667834252119, 0.5244564455747605, 0.5262548615038395, 0.528637401163578, 0.5227865114808082, 0.5246221093833446, 0.5284172748029232, 0.530577227473259, 0.5360982285439968, 0.5296045807003975, 0.530708114951849, 0.5351185359060764, 0.5308294922113419, 0.5342587535083294, 0.5342786820232868, 0.5379626064002514, 0.5345618879795074, 0.535632467418909, 0.5343073450028897, 0.5347654908895493, 0.5386784315109253, 0.5388057757914066], "trial_type_accuracy": [0.25, 0.5, 0.5, 0.0, 0.25, 0.0, 0.0, 0.0, 0.75, 0.5, 0.25, 0.5, 0.5, 0.75, 0.5, 0.5, 0.75, 0.5, 0.75, 0.75, 0.25, 0.75, 0.25, 0.5, 0.5, 0.75, 0.0, 0.5, 0.5, 0.75, 0.25, 0.5, 0.75, 0.5, 0.75], "opto_hit_rate": [], "t_trial_pearson_ratio": [0.20895180106163025, 0.7753244042396545, 0.836137056350708, 0.8922577500343323, 0.8491541147232056, 0.9506248831748962, 1.0072468519210815, 1.0137752294540405, 1.0506047010421753, 1.045939326286316, 0.9855931997299194, 1.0843098163604736, 1.05898916721344, 1.0841662883758545, 1.0930415391921997, 1.0615278482437134, 1.088516116142273, 1.0645556449890137, 1.0938174724578857, 1.1017978191375732, 1.0946763753890991, 1.0896599292755127, 1.076321005821228, 1.060631513595581, 1.0896514654159546, 1.1018798351287842, 1.0135642290115356, 1.0621963739395142, 1.040777564048767, 1.0946272611618042, 1.0636614561080933, 1.0439258813858032, 1.1036993265151978, 1.0452783107757568, 1.0926473140716553], "data_loss": [10493.427734375, 10.334699361920357, 1.9902686381340027, 1.9175124463438988, 1.8489633741974831, 1.708970221579075, 1.67287819981575, 1.5771244359016419, 1.587161079645157, 1.5547578498721122, 1.5363217747211457, 1.5090155711770057, 1.4554190626740455, 1.502787055671215, 1.4512253510951996, 1.414028927385807, 1.4197319677472116, 1.433934101462364, 1.5011180791258811, 1.3968497708439827, 1.3887121713161468, 1.3985960948467255, 1.382599024474621, 1.3902232801914216, 1.3824963507056236, 1.3842691510915757, 1.3404106774926186, 1.3683880442380905, 1.3660291835665703, 1.3505970838665962, 1.3344129595160483, 1.3090281721949577, 1.3103503587841987, 1.286269103884697, 1.314519695341587]}