{"valid_accuracy": [], "total_train_loss": [480.5836181640625, 24.991279987096785, 5.476736440658569, 4.623185101747513, 4.243054672479629, 4.086873143911362, 3.9996878862380982, 3.983248834013939, 3.9325222438573837, 3.837456489801407, 3.766048935055733, 3.7528291887044904, 3.7610839384794237, 3.7638743352890014, 3.764773602485657, 3.767885257601738, 3.768268083333969], "train_loss": [], "train_acc": [], "step_at_epoch": [], "dt_forward": [], "dt_backward": [], "dt_step": [], "best_acc": -1, "best_acc_epoch": null, "best_acc_step": null, "test_loss": [408.94342041015625, 6.104021072387695, 4.8666863441467285, 4.256574630737305, 4.365584373474121, 3.9904491901397705, 3.9198760986328125, 3.8639588356018066, 3.8704938888549805, 3.7617526054382324, 3.6633598804473877, 3.7003214359283447, 3.7075085639953613, 3.8010387420654297, 3.8285634517669678, 3.6893134117126465, 3.7571935653686523], "best_loss": 3.6633598804473877, "neuron_loss": [210.22607421875, 11.865864302515984, 1.285141986310482, 0.8791294120252132, 0.7770667007565498, 0.7318785603344441, 0.7023701789975166, 0.664016350209713, 0.6277281427383423, 0.6105834777653217, 0.6021389588713646, 0.5990859271585941, 0.5946397338807583, 0.5885461975634098, 0.5851409527659416, 0.584223365187645, 0.5816083811223507], "trial_loss": [270.3575439453125, 13.125415787696838, 4.1915944355726245, 3.744055685400963, 3.465987972617149, 3.354994584918022, 3.29731771171093, 3.3192324763536454, 3.3047941064834596, 3.2268730169534683, 3.163909973502159, 3.153743262887001, 3.1664441990852357, 3.1753281354904175, 3.179632653594017, 3.1836618918180464, 3.1866597056388857], "tm_mle_loss": [0.0, 0.0, 0.0, 0.0, 0.0, 0.0, 0.0, 0.0, 0.0, 0.0, 0.0, 0.0, 0.0, 0.0, 0.0, 0.0, 0.0], "fr_loss": [0.0, 0.0, 0.0, 0.0, 0.0, 0.0, 0.0, 0.0, 0.0, 0.0, 0.0, 0.0, 0.0, 0.0, 0.0, 0.0, 0.0], "cross_corr_loss": [0.0, 0.0, 0.0, 0.0, 0.0, 0.0, 0.0, 0.0, 0.0, 0.0, 0.0, 0.0, 0.0, 0.0, 0.0, 0.0, 0.0], "t_trial_pearson": [0.08766532689332962, 0.36851200049743055, 0.5311628049612045, 0.5820841088891029, 0.6164149494469165, 0.6328550663590431, 0.6394333197176456, 0.6410209274291992, 0.6511545461416245, 0.6515906645357609, 0.6543428055942059, 0.6539671567082405, 0.65171988889575, 0.6541298730671405, 0.6519264620542526, 0.6452909836173057, 0.6581298206746579], "trial_type_accuracy": [0.0, 1.0, 0.0, 0.0, 1.0, 0.0, 0.0, 1.0, 0.0, 0.0, 0.0, 1.0, 0.0, 0.0, 0.0, 1.0, 0.0], "opto_hit_rate": [], "t_trial_pearson_ratio": [0.0998113825917244, 0.7093808054924011, 0.7786009907722473, 0.8291271924972534, 0.8534547686576843, 0.8714773058891296, 0.8609611988067627, 0.9038283824920654, 0.8742636442184448, 0.8970955014228821, 0.9259392619132996, 0.9167366623878479, 0.9142065048217773, 0.8933919668197632, 0.893729567527771, 0.9169735312461853, 0.8803523778915405], "data_loss": [480.5836181640625, 24.991279987096785, 5.476736440658569, 4.623185101747513, 4.243054672479629, 4.086873143911362, 3.9996878862380982, 3.983248834013939, 3.9325222438573837, 3.837456489801407, 3.766048935055733, 3.7528291887044904, 3.7610839384794237, 3.7638743352890014, 3.764773602485657, 3.767885257601738, 3.768268083333969]}