{"valid_accuracy": [], "total_train_loss": [868253.6875, 230.37791197776795, 5.101973648071289, 3.726755131483078, 3.2402408200502397, 3.0515580689907074, 2.942222098708153, 2.871823859810829, 2.798050230741501, 2.7575531148910524, 2.7286359030008316, 2.712319388985634, 2.687873079776764, 2.653656551837921, 2.6468641072511674, 2.63648750603199, 2.6167153000831602, 2.596908091306686, 2.6097358989715578, 2.5893014168739317, 2.5866220635175705, 2.586082079410553, 2.5615232199430467, 2.5485382962226866, 2.5550879472494126, 2.538536343574524], "train_loss": [], "train_acc": [], "step_at_epoch": [], "dt_forward": [], "dt_backward": [], "dt_step": [], "best_acc": -1, "best_acc_epoch": null, "best_acc_step": null, "test_loss": [39053.37109375, 7.068357467651367, 4.242213726043701, 3.4590914249420166, 3.2430613040924072, 3.1092119216918945, 2.92830228805542, 2.9290060997009277, 2.796252489089966, 2.757963180541992, 2.7460286617279053, 2.818423271179199, 2.711822509765625, 2.7282114028930664, 2.678731679916382, 2.6558785438537598, 2.6522257328033447, 2.6570396423339844, 2.6532468795776367, 2.6358225345611572, 2.6442856788635254, 2.6529154777526855, 2.699115753173828, 2.7697365283966064, 2.6582891941070557, 2.674614906311035], "best_loss": 2.6358225345611572, "neuron_loss": [177938.953125, 81.96729911625386, 1.4854032738506795, 0.6651344338804484, 0.42202637538313864, 0.3540787286311388, 0.3303742302954197, 0.31535301841795443, 0.2855154138803482, 0.2651209145784378, 0.24834571585059165, 0.23557996172457935, 0.22926086418330668, 0.2214936500415206, 0.2162704586610198, 0.2138697635009885, 0.20927683543413877, 0.20535783283412457, 0.2050208819285035, 0.2029679123312235, 0.2006550145149231, 0.19738851487636566, 0.1950377804413438, 0.1916220311820507, 0.1921991052106023, 0.18840967528522015], "trial_loss": [690314.75, 148.41061022877693, 3.616570397019386, 3.061620703935623, 2.8182144451141355, 2.6974793380498885, 2.6118478673696517, 2.556470836400986, 2.5125348192453383, 2.492432202100754, 2.4802901899814604, 2.4767394244670866, 2.4586122196912767, 2.4321628969907763, 2.4305936443805694, 2.4226177453994753, 2.4074384647607805, 2.3915502619743347, 2.4047150123119354, 2.3863335001468657, 2.3859670531749724, 2.388693560361862, 2.3664854365587233, 2.3569162625074385, 2.362888835668564, 2.3501266592741015], "tm_mle_loss": [0.0, 0.0, 0.0, 0.0, 0.0, 0.0, 0.0, 0.0, 0.0, 0.0, 0.0, 0.0, 0.0, 0.0, 0.0, 0.0, 0.0, 0.0, 0.0, 0.0, 0.0, 0.0, 0.0, 0.0, 0.0, 0.0], "fr_loss": [0.0, 0.0, 0.0, 0.0, 0.0, 0.0, 0.0, 0.0, 0.0, 0.0, 0.0, 0.0, 0.0, 0.0, 0.0, 0.0, 0.0, 0.0, 0.0, 0.0, 0.0, 0.0, 0.0, 0.0, 0.0, 0.0], "cross_corr_loss": [0.0, 0.0, 0.0, 0.0, 0.0, 0.0, 0.0, 0.0, 0.0, 0.0, 0.0, 0.0, 0.0, 0.0, 0.0, 0.0, 0.0, 0.0, 0.0, 0.0, 0.0, 0.0, 0.0, 0.0, 0.0, 0.0], "t_trial_pearson": [0.0013926953542977571, 0.2818267854984151, 0.5625914050638676, 0.6241071037948132, 0.6593025346100331, 0.6750496603548527, 0.6861360350251198, 0.6947703722119332, 0.7002780184149742, 0.7014769667387009, 0.7041021251678466, 0.7047946071624756, 0.7084108951687813, 0.7094635558128357, 0.713662279099226, 0.7106177885830403, 0.7150128056108952, 0.7134736712276936, 0.7152159942686558, 0.7173834209144115, 0.7176295541226864, 0.7186638161540031, 0.7217630334198475, 0.7228234566748142, 0.7225704991817474, 0.7261132627725602], "trial_type_accuracy": [0.0, 1.0, 0.0, 0.0, 1.0, 1.0, 0.0, 0.0, 0.0, 0.0, 0.0, 0.0, 0.0, 0.0, 0.0, 0.0, 0.0, 1.0, 1.0, 0.0, 0.0, 1.0, 1.0, 1.0, 0.0, 0.0], "opto_hit_rate": [], "t_trial_pearson_ratio": [0.09192255139350891, 0.6983155608177185, 0.8278417587280273, 0.8976287245750427, 0.9183676242828369, 0.9386485815048218, 0.9661935567855835, 0.9569219946861267, 0.9794614911079407, 0.9824432134628296, 0.9819697737693787, 0.9708788394927979, 0.9863794445991516, 0.9818530082702637, 0.9907198548316956, 0.9893612265586853, 0.9925847053527832, 1.0011073350906372, 1.0021480321884155, 1.002417802810669, 0.9999158382415771, 1.003131628036499, 0.9989919066429138, 0.993002712726593, 0.9983257055282593, 0.9955397844314575], "data_loss": [868253.6875, 230.37791197776795, 5.101973648071289, 3.726755131483078, 3.2402408200502397, 3.0515580689907074, 2.942222098708153, 2.871823859810829, 2.798050230741501, 2.7575531148910524, 2.7286359030008316, 2.712319388985634, 2.687873079776764, 2.653656551837921, 2.6468641072511674, 2.63648750603199, 2.6167153000831602, 2.596908091306686, 2.6097358989715578, 2.5893014168739317, 2.5866220635175705, 2.586082079410553, 2.5615232199430467, 2.5485382962226866, 2.5550879472494126, 2.538536343574524]}