{
    "valid_accuracy": [],
    "total_train_loss": [
        9122.462890625,
        236.9538619327545,
        22.32102087020874,
        11.745907711982728,
        7.2641149473190305,
        5.171447631120682,
        3.9530894422531127,
        3.2460349726676943,
        2.789349427819252,
        2.477648161649704,
        2.279963155388832,
        2.19236126601696,
        2.0594166040420534,
        1.9635591575503348,
        1.864782030582428,
        1.819086798131466,
        1.7568328315019608,
        1.710404529571533,
        1.6709674671292305,
        1.6217189142107964,
        1.58576633810997,
        1.5768645998835564,
        1.5385980504751204,
        1.5231063124537467,
        1.503696281313896,
        1.4958200201392173,
        1.4677372977137566,
        1.4815214258432388,
        1.4538888734579087,
        1.4461859029531479,
        1.4341245126724242,
        1.4250297683477402,
        1.495072906911373,
        1.4060232174396514,
        1.4064052388072015,
        1.40440249979496,
        1.414441928565502,
        1.399315154850483,
        1.4192201027274132,
        1.4056833443045615,
        1.410164398252964,
        1.3960710269212724,
        1.379355161190033,
        1.4100759747624396,
        1.4097117042541505,
        1.387449038028717,
        1.3788041624426841,
        1.3775377407670022,
        1.4006669905781746,
        1.4183140555024147,
        1.3968719571828843
    ],
    "train_loss": [],
    "train_acc": [],
    "step_at_epoch": [],
    "dt_forward": [],
    "dt_backward": [],
    "dt_step": [],
    "best_acc": -1,
    "best_acc_epoch": null,
    "best_acc_step": null,
    "test_loss": [
        8648.046875,
        58.98495101928711,
        38.569068908691406,
        35.202659606933594,
        26.387861251831055,
        27.22603416442871,
        26.786733627319336,
        25.34250831604004,
        25.606884002685547,
        24.93330955505371,
        24.21897315979004,
        28.620342254638672,
        20.643802642822266,
        22.082761764526367,
        29.422773361206055,
        24.430362701416016,
        26.353973388671875,
        31.523365020751953,
        24.253292083740234,
        27.57738494873047,
        29.555620193481445,
        26.94679069519043,
        31.320463180541992,
        27.767993927001953,
        31.746328353881836,
        29.410783767700195,
        32.74699401855469,
        38.32972717285156,
        35.97910690307617,
        40.678958892822266,
        39.598304748535156,
        39.538726806640625,
        44.135536193847656,
        47.232566833496094,
        43.68043518066406,
        50.918113708496094,
        48.64263153076172,
        55.632877349853516,
        42.09923553466797,
        55.9505500793457,
        42.609683990478516,
        58.30385971069336,
        52.03050231933594,
        66.44741821289062,
        49.04113006591797,
        59.864627838134766,
        43.454864501953125,
        56.13998031616211,
        46.23708724975586,
        51.85124588012695,
        54.40974807739258
    ],
    "best_loss": 1.3775377407670022,
    "neuron_loss": [
        4951.044921875,
        64.6457039552927,
        1.725029022693634,
        1.2568477976322174,
        1.031861385703087,
        0.9117190657556057,
        0.8329543863236905,
        0.783623383641243,
        0.748912513256073,
        0.7225344687700271,
        0.7068450033664704,
        0.7032188184559345,
        0.6937094466388225,
        0.6828623503446579,
        0.6742611461877823,
        0.6708860547840595,
        0.6644312672317028,
        0.6582231034338474,
        0.6543140411376953,
        0.6442363840341568,
        0.6375006517767906,
        0.6339885652065277,
        0.6250195547938346,
        0.620644755512476,
        0.6147597958147526,
        0.614368600845337,
        0.605721614509821,
        0.6055706250667572,
        0.6000402846932411,
        0.5947810685634614,
        0.5892521803081036,
        0.5885507835447789,
        0.5973833647370338,
        0.5792477299273014,
        0.5802925671637058,
        0.5780307641625404,
        0.5813712814450264,
        0.5741072906553746,
        0.576510878354311,
        0.5735654704272747,
        0.574335490912199,
        0.5712886643409729,
        0.568270990550518,
        0.5676001092791557,
        0.5716332225501537,
        0.5675425577163696,
        0.5644286286830902,
        0.5627851356565953,
        0.5664593870937824,
        0.568591206818819,
        0.5627107176184655
    ],
    "trial_loss": [
        69.41702270507812,
        8.41743605569005,
        0.8521994069218636,
        0.8181770814955235,
        0.8021490229666233,
        0.7941153571009636,
        0.7876931953430176,
        0.7830343556404114,
        0.779292082041502,
        0.7759102287888527,
        0.7716928946971894,
        0.7655946686863899,
        0.7585979035496712,
        0.7559687386453152,
        0.7530304467678071,
        0.7508389601111412,
        0.7490699660778045,
        0.7476648709177971,
        0.7462519171833992,
        0.7445702838897705,
        0.7440635235607624,
        0.7422923094034195,
        0.7407788081467152,
        0.7408539399504661,
        0.7380769363045693,
        0.7372111827135086,
        0.7350777438282967,
        0.7340440930426121,
        0.7324304485321045,
        0.7316769912838936,
        0.7299998477101326,
        0.7291437216103077,
        0.7290288493037224,
        0.7274680405855178,
        0.7272738245129585,
        0.7265286727249622,
        0.7267109850049018,
        0.7259071843326091,
        0.7259341311454773,
        0.7254596219956875,
        0.725387039333582,
        0.7241959178447723,
        0.7229522380232811,
        0.7235070152580738,
        0.723235454261303,
        0.7232455064356327,
        0.7232479843497276,
        0.7221831715106964,
        0.7223436561226845,
        0.7217562600970269,
        0.7223214000463486
    ],
    "tm_mle_loss": [
        0.0,
        0.0,
        0.0,
        0.0,
        0.0,
        0.0,
        0.0,
        0.0,
        0.0,
        0.0,
        0.0,
        0.0,
        0.0,
        0.0,
        0.0,
        0.0,
        0.0,
        0.0,
        0.0,
        0.0,
        0.0,
        0.0,
        0.0,
        0.0,
        0.0,
        0.0,
        0.0,
        0.0,
        0.0,
        0.0,
        0.0,
        0.0,
        0.0,
        0.0,
        0.0,
        0.0,
        0.0,
        0.0,
        0.0,
        0.0,
        0.0,
        0.0,
        0.0,
        0.0,
        0.0,
        0.0,
        0.0,
        0.0,
        0.0,
        0.0,
        0.0
    ],