{"valid_accuracy": [], "total_train_loss": [11145.693359375, 25.120256603360176, 2.028042893409729, 1.895069418847561, 1.8432034024596213, 1.8045286971330643, 1.7436272811889648, 1.6509345120191574, 1.6226358652114867, 1.5744266095757484, 1.569965978860855, 1.5291893571615218, 1.4878185760974885, 1.5051124730706216, 1.5241543978452683, 1.4450514283776283, 1.4269184830784798, 1.4452761933207512, 1.4143906658887864, 1.447894324362278, 1.4359609150886536, 1.4335899010300637, 1.3822789949178695, 1.3769475120306014, 1.3591257944703101, 1.3249293461441993, 1.3169786223769189, 1.3407376524806023, 1.3184046190977097, 1.3026265126466752, 1.3164754456281662, 1.2758794471621513, 1.3044017553329468, 1.278222300708294, 1.2888144183158874, 1.2798527356982232, 1.2973696556687355, 1.288946221768856, 1.2821621999144555, 1.2991633480787277, 1.2721140998601914, 1.2808411341905594, 1.2382084289193154, 1.3101852771639824, 1.2933050844073295, 1.2744836363196372, 1.3227465456724168, 1.3429583993554115, 1.3150608950853349, 1.2796269541978835, 1.2623663836717605], "train_loss": [], "train_acc": [], "step_at_epoch": [], "dt_forward": [], "dt_backward": [], "dt_step": [], "best_acc": -1, "best_acc_epoch": null, "best_acc_step": null, "test_loss": [4545.5166015625, 15.038427352905273, 15.917713165283203, 17.102855682373047, 20.22922134399414, 25.04448127746582, 25.13330841064453, 25.357990264892578, 27.72576141357422, 24.836566925048828, 27.55181312561035, 28.52755355834961, 24.481990814208984, 22.593236923217773, 23.965961456298828, 23.676532745361328, 20.807554244995117, 21.68794059753418, 21.021448135375977, 24.081581115722656, 24.338176727294922, 23.92905044555664, 23.50432586669922, 21.888370513916016, 21.608718872070312, 21.70366668701172, 18.209325790405273, 20.69257926940918, 20.046157836914062, 17.890987396240234, 18.244792938232422, 16.32672119140625, 17.874788284301758, 18.697643280029297, 15.984781265258789, 17.35784149169922, 17.60311508178711, 16.97750473022461, 18.787595748901367, 14.831350326538086, 18.343364715576172, 16.92458724975586, 19.535573959350586, 16.477771759033203, 18.705825805664062, 15.759450912475586, 18.05101776123047, 15.989947319030762, 17.65574836730957, 16.062746047973633, 16.95660400390625], "best_loss": 1.2382084289193154, "neuron_loss": [6068.365234375, 11.168111578077077, 0.9438493824005127, 0.823720459640026, 0.7602254286408424, 0.749795574247837, 0.7334191372990608, 0.6908353327214718, 0.670146065801382, 0.6484230729937553, 0.6342719192802906, 0.6188520786166191, 0.6016958498954773, 0.600682117342949, 0.6025737343728542, 0.5719128513336181, 0.5655421589314937, 0.5645980568230152, 0.5528488093614579, 0.5535426631569862, 0.5470202687382698, 0.5395344722270966, 0.524858370050788, 0.5170288003981114, 0.5098465499281883, 0.49929537013173103, 0.4958830005675554, 0.4989626038819551, 0.49208924077451227, 0.48553290121257303, 0.48722331792116164, 0.47637631356716154, 0.4798529637604952, 0.47344309754669667, 0.4737971390038729, 0.47176386281847954, 0.4728754332661629, 0.47022417701780794, 0.4649103371798992, 0.46818288043141365, 0.46272627025842666, 0.46255849830806256, 0.4480110926926136, 0.4642762886732817, 0.4602722019702196, 0.4527980697900057, 0.4619790659099817, 0.4650947427004576, 0.45805561147630214, 0.44726715333759787, 0.44330705344676974], "trial_loss": [107.0108642578125, 0.9650514279305935, 0.7981115911900997, 0.7834970851242542, 0.7738791796565055, 0.7636058032512665, 0.7528388610482216, 0.7414298881590367, 0.736543211787939, 0.7330129411816597, 0.7294595757126808, 0.7242886544764042, 0.7216726243495941, 0.7205747473239899, 0.7208981271088123, 0.7143379908800125, 0.7140627869963646, 0.7125267463922501, 0.7103247192502021, 0.7124510845541954, 0.7088862104713917, 0.7081021812558174, 0.7067040875554085, 0.706204284876585, 0.7053461018204689, 0.7037852782011033, 0.7039846897125244, 0.70429556787014, 0.7033305190503597, 0.7021329483389854, 0.7017241182923317, 0.7029036408662797, 0.7012870660424233, 0.7003503040969372, 0.7010221460461616, 0.702952281832695, 0.7019763441383838, 0.7006234887242317, 0.6969029405713081, 0.6998388895392418, 0.6995897892117501, 0.6967110119760036, 0.6950260484218598, 0.6971406149864197, 0.6982040606439114, 0.6970287120342255, 0.6977129185199737, 0.6955109624564648, 0.6974415321648121, 0.6944126932322979, 0.6919956584274769], "tm_mle_loss": [0.0, 0.0, 0.0, 0.0, 0.0, 0.0, 0.0, 0.0, 0.0, 0.0, 0.0, 0.0, 0.0, 0.0, 0.0, 0.0, 0.0, 0.0, 0.0, 0.0, 0.0, 0.0, 0.0, 0.0, 0.0, 0.0, 0.0, 0.0, 0.0, 0.0, 0.0, 0.0, 0.0, 0.0, 0.0, 0.0, 0.0, 0.0, 0.0, 0.0, 0.0, 0.0, 0.0, 0.0, 0.0, 0.0, 0.0, 0.0, 0.0, 0.0, 0.0], "fr_loss": [4970.31787109375, 12.98709405042231, 0.28608192309737207, 0.287851876616478, 0.309098795466125, 0.2911273195594549, 0.2573692820779979, 0.21866929050534964, 0.2159465908445418, 0.19299059119075537, 0.2062344885803759, 0.18604862690903246, 0.16445010150782763, 0.1838556110858917, 0.2006825323496014, 0.15880058591254056, 0.14731353831477464, 0.16815139122307302, 0.15121714207343756, 0.18190057356841863, 0.1800544396508485, 0.1859532444085926, 0.15071653782390057, 0.15371443019248546, 0.1439331395085901, 0.12184870196506381, 0.11711092460900545, 0.1374794766958803, 0.1229848580993712, 0.11496066270396113, 0.12752800537273287, 0.09659949192777276, 0.12326172495260834, 0.10442890113219619, 0.11399513232521713, 0.10513659058138729, 0.12251787572167813, 0.11809855772182346, 0.12034892461262643, 0.13114157636184245, 0.10979803892783821, 0.12157162429764867, 0.09517128695733845, 0.14876837774179877, 0.13482882508076727, 0.12465685048140586, 0.16305456114932895, 0.18235269421711564, 0.15956375062465666, 0.13794710570946336, 0.1270636739488691], "cross_corr_loss": [0.0, 0.0, 0.0, 0.0, 0.0, 0.0, 0.0, 0.0, 0.0, 0.0, 0.0, 0.0, 0.0, 0.0, 0.0, 0.0, 0.0, 0.0, 0.0, 0.0, 0.0, 0.0, 0.0, 0.0, 0.0, 0.0, 0.0, 0.0, 0.0, 0.0, 0.0, 0.0, 0.0, 0.0, 0.0, 0.0, 0.0, 0.0, 0.0, 0.0, 0.0, 0.0, 0.0, 0.0, 0.0, 0.0, 0.0, 0.0, 0.0, 0.0, 0.0], "t_trial_pearson": [0.13305304944515228, 0.32894713427871464, 0.4062187525629997, 0.431039122864604, 0.4511084055155516, 0.4671371375769377, 0.47587448425590995, 0.48844453364610674, 0.4957431877404451, 0.4956715612113476, 0.5045487724989652, 0.5079035303741694, 0.5131181254982948, 0.5151561000943183, 0.5127768716216088, 0.5265308398008347, 0.52433344617486, 0.5273436847329139, 0.529105766415596, 0.5252179090678691, 0.5309141232073307, 0.534867597669363, 0.5315363211929798, 0.5326514276862144, 0.5355033756792545, 0.5332097782194615, 0.5317040807008744, 0.529685881882906, 0.5352902169525623, 0.5341149543225765, 0.5414263242483139, 0.5334388555586338, 0.5361215232312679, 0.5366016454994679, 0.5310184343159199, 0.5314884282648563, 0.5326531817018986, 0.5398652532696724, 0.5437268018722534, 0.5400744442641735, 0.53587209045887, 0.5450995607674122, 0.5423089709877967, 0.5408092902600765, 0.5369073341786862, 0.5417630222439765, 0.5391328951716423, 0.5439695742726326, 0.5379708136618138, 0.5426423479616642, 0.5472399459779262], "trial_type_accuracy": [0.25, 0.25, 0.25, 0.5, 0.5, 0.5, 0.0, 0.5, 0.5, 0.5, 0.5, 0.5, 0.5, 0.5, 0.5, 0.5, 0.25, 0.5, 0.5, 0.5, 0.5, 0.5, 0.5, 0.5, 0.5, 0.5, 0.75, 0.5, 0.75, 0.5, 0.5, 0.5, 0.0, 0.25, 0.5, 0.25, 0.5, 0.5, 0.5, 0.5, 0.5, 0.25, 0.25, 0.25, 0.5, 0.5, 0.25, 0.5, 0.0, 0.5, 0.5], "opto_hit_rate": [],