{"valid_accuracy": [], "total_train_loss": [52.5340461730957, 10.982584942579269, 3.366997653841972, 2.513431739807129, 2.256175012588501, 2.1760540556907655, 2.1448244392871856, 2.12566519677639, 2.116624547243118, 2.11462004840374, 2.1057475990056993, 2.1075890028476714, 2.092898026704788, 2.0852761417627335, 2.0808948147296906, 2.086780233979225, 2.09277403652668, 2.1289170253276826, 2.087937352657318, 2.1693232053518297, 2.2892262798547747, 10.37434598147869, 2.1640475273132322, 89.41504032671452, 2.7380306750535963, 2.479838082194328, 2.7092961180210113, 12.098241949081421, 3.484488530755043, 2.0620786613225937, 2.056230914592743, 2.056328930258751, 2.922045729160309, 2.6973463666439055, 2.7251202553510665, 2.6422429221868513, 7.402934893965721, 6.445327398180962, 3.174747526049614, 3.1922100627422334, 2.229407361149788, 2.1576002395153044, 18.740010772943496, 12.260001851320267, 2.043904824256897, 2.045228798985481, 5.8398141205310825, 4.109370253682137, 3.008485499024391, 3.9387641102075577, 2.053087105154991, 2.023231652677059, 12.463943834304809, 2.0703107541799546, 3.6026302796602248, 3.2157788825035096, 3.6523448699712753, 3.1888593465089796, 3.370318367481232, 2.912608364224434, 55.59973733663559, 2.319461539387703, 3.257628148496151, 1.4614753127098083, 1.0732255265116692, 1.6197528961300849, 6.819436475634575, 3.2817554593086244, 2.325952100455761, 1.9156727087497711, 17.060040842592716, 1.0726231095194816, 1.0427933990955354, 1.0429005628824235, 4.517417413294315, 3.343577480614185, 2.885734662413597], "train_loss": [], "train_acc": [], "step_at_epoch": [], "dt_forward": [], "dt_backward": [], "dt_step": [], "best_acc": -1, "best_acc_epoch": null, "best_acc_step": null, "test_loss": [113.7664566040039, 10.632647514343262, 18.17340850830078, 35.08944320678711, 40.400421142578125, 37.26704406738281, 37.26868438720703, 36.908512115478516, 43.6876335144043, 41.98011779785156, 46.01992416381836, 39.90037155151367, 40.85740280151367, 44.51176071166992, 54.79543685913086, 42.372257232666016, 41.872920989990234, 44.32855224609375, 54.651851654052734, 39.015445709228516, 44.10859298706055, 53.24388885498047, 42.997642517089844, 80.6471176147461, 120.76191711425781, 137.00904846191406, 53.55396270751953, 40.65319061279297, 42.709754943847656, 51.847049713134766, 44.3946418762207, 53.92546081542969, 140.37750244140625, 165.36874389648438, 148.35435485839844, 156.08642578125, 83.75464630126953, 179.0864715576172, 180.12330627441406, 71.89604949951172, 42.7454948425293, 57.82854080200195, 49.53889083862305, 48.59442901611328, 58.562652587890625, 55.14376449584961, 141.7415771484375, 189.00604248046875, 174.8010711669922, 52.1195182800293, 46.79084777832031, 51.84061050415039, 39.22601318359375, 61.43378829956055, 122.11811828613281, 153.95135498046875, 189.20530700683594, 218.58712768554688, 54.070255279541016, 45.800384521484375, 64.89863586425781, 44.995208740234375, 94.7656478881836, 111.82379913330078, 113.892822265625, 155.26580810546875, 241.35012817382812, 231.55545043945312, 227.9658966064453, 99.25577545166016, 89.45360565185547, 108.71449279785156, 118.64397430419922, 99.64546203613281, 213.01828002929688, 216.3267364501953, 219.63327026367188], "best_loss": 1.0427933990955354, "neuron_loss": [27.562410354614258, 6.739292647838592, 2.6270520889759066, 2.1763296967744825, 2.037375762760639, 1.9886815583705901, 1.965485893189907, 1.94917037576437, 1.9426729097962379, 1.9389361655712127, 1.9308024910092354, 1.9311216112971306, 1.9186051455140114, 1.9118682104349136, 1.9073663473129272, 1.9102937322854996, 1.9111647662520408, 1.9218417713046074, 1.9046044275164604, 1.95786158233881, 1.9913178184628486, 2.2611867502331733, 1.9204521653056146, 4.584119002521038, 2.1571531492471694, 2.095878527760506, 2.05099311619997, 2.135208893418312, 1.9521677240729332, 1.8846613508462906, 1.8799375036358834, 1.877769000530243, 2.133208536207676, 2.1966235816478727, 2.1276415249705316, 2.062799951136112, 2.149623903632164, 2.3724827545881273, 2.1801696014404297, 2.0889089038968085, 1.9133309903740883, 1.9056492903828621, 2.01368901848793, 2.2504782584309577, 1.8645010739564896, 1.8664919236302375, 2.3020697924494744, 2.255165635943413, 2.141326453089714, 1.9736101055145263, 1.8591491934657096, 1.847231180369854, 2.087564142048359, 1.8773276138305663, 2.0984912380576133, 2.1419492709636687, 2.2049009907245636, 2.172756170332432, 2.041421704888344, 1.9274319821596146, 3.247769771516323, 1.9162050426006316, 1.3544226962327957, 1.0127576388418675, 0.8939715790748596, 0.970080469250679, 1.5616814467310904, 1.301605363190174, 1.1899731326103211, 0.9535822498798371, 1.2851295688748359, 0.8797771902382374, 0.8644477453827858, 0.8634276008605957, 1.2257673087716103, 1.33938893198967, 1.203150963038206], "trial_loss": [0.0, 0.0, 0.0, 0.0, 0.0, 0.0, 0.0, 0.0, 0.0, 0.0, 0.0, 0.0, 0.0, 0.0, 0.0, 0.0, 0.0, 0.0, 0.0, 0.0, 0.0, 0.0, 0.0, 0.0, 0.0, 0.0, 0.0, 0.0, 0.0, 0.0, 0.0, 0.0, 0.0, 0.0, 0.0, 0.0, 0.0, 0.0, 0.0, 0.0, 0.0, 0.0, 0.0, 0.0, 0.0, 0.0, 0.0, 0.0, 0.0, 0.0, 0.0, 0.0, 0.0, 0.0, 0.0, 0.0, 0.0, 0.0, 0.0, 0.0, 0.0, 0.0, 0.0, 0.0, 0.0, 0.0, 0.0, 0.0, 0.0, 0.0, 0.0, 0.0, 0.0, 0.0, 0.0, 0.0, 0.0], "tm_mle_loss": [0.0, 0.0, 0.0, 0.0, 0.0, 0.0, 0.0, 0.0, 0.0, 0.0, 0.0, 0.0, 0.0, 0.0, 0.0, 0.0, 0.0, 0.0, 0.0, 0.0, 0.0, 0.0, 0.0, 0.0, 0.0, 0.0, 0.0, 0.0, 0.0, 0.0, 0.0, 0.0, 0.0, 0.0, 0.0, 0.0, 0.0, 0.0, 0.0, 0.0, 0.0, 0.0, 0.0, 0.0, 0.0, 0.0, 0.0, 0.0, 0.0, 0.0, 0.0, 0.0, 0.0, 0.0, 0.0, 0.0, 0.0, 0.0, 0.0, 0.0, 0.0, 0.0, 0.0, 0.0, 0.0, 0.0, 0.0, 0.0, 0.0, 0.0, 0.0, 0.0, 0.0, 0.0, 0.0, 0.0, 0.0], "fr_loss": [24.971635818481445, 4.243292280435562, 0.7399455669522286, 0.3371020386740565, 0.21879924278706311, 0.18737249966710806, 0.17933854151517153, 0.176494820676744, 0.17395163629204036, 0.17568388242274524, 0.17494510062038898, 0.17646738935261966, 0.1742928797751665, 0.17340793408453464, 0.173528466001153, 0.17648650135844945, 0.18160926926881074, 0.20707525294274093, 0.18333293110132218, 0.2114616222307086, 0.2979084549099207, 8.113159209378063, 0.24359536487609149, 84.8309209836647, 0.5808775299042463, 0.3839595486596227, 0.6583030072599649, 9.96303310815245, 1.5323208379000426, 0.17741730399429798, 0.1762934073060751, 0.17855993896722794, 0.7888371923565864, 0.5007227854058146, 0.5974787323921918, 0.579442971535027, 5.25331101115793, 4.0728446249663826, 0.9945779334008694, 1.103301155306399, 0.3160763727873564, 0.2519509545341134, 16.72632168054581, 10.009523596316576, 0.17940375111997128, 0.17873687744140626, 3.53774431809783, 1.8542046241462231, 0.8671590470522642, 1.9651540026068688, 0.19393790736794472, 0.176000473536551, 10.376379674114286, 0.19298314444720746, 1.5041390344500543, 1.0738296069949866, 1.4474438701570034, 1.0161031813174486, 1.3288966637849808, 0.9851763841882348, 52.351967676877976, 0.4032564976811409, 1.9032054425776004, 0.44871767308562993, 0.17925395034253597, 0.6496724285930395, 5.257755034863949, 1.980150084644556, 1.1359789735823869, 0.962090457715094, 15.774911517351866, 0.19284591879695653, 0.1783456526324153, 0.17947296127676965, 3.2916501143574717, 2.004188548773527, 1.6825836995989085], "cross_corr_loss": [0.0, 0.0, 0.0, 0.0, 0.0, 0.0, 0.0, 0.0, 0.0, 0.0, 0.0, 0.0, 0.0, 0.0, 0.0, 0.0, 0.0, 0.0, 0.0, 0.0, 0.0, 0.0, 0.0, 0.0, 0.0, 0.0, 0.0, 0.0, 0.0, 0.0, 0.0, 0.0, 0.0, 0.0, 0.0, 0.0, 0.0, 0.0, 0.0, 0.0, 0.0, 0.0, 0.0, 0.0, 0.0, 0.0, 0.0, 0.0, 0.0, 0.0, 0.0, 0.0, 0.0, 0.0, 0.0, 0.0, 0.0, 0.0, 0.0, 0.0, 0.0, 0.0, 0.0, 0.0, 0.0, 0.0, 0.0, 0.0, 0.0, 0.0, 0.0, 0.0, 0.0, 0.0, 0.0, 0.0, 0.0],