{"valid_accuracy": [], "total_train_loss": [887915.1875, 94.96458279967308, 3.8804128217697142, 3.2895518952608107, 3.070580652356148, 2.8959499019384385, 2.779901245832443, 2.6651055318117143, 2.5906609898805617, 2.5784324860572814, 2.5136960315704346, 2.512937783002853, 2.471696793437004, 2.4592257714271546, 2.453665525317192, 2.429182118177414, 2.433433349132538, 2.4250529634952547, 2.4029275512695314, 2.3851746290922167, 2.366653066277504, 2.3753322058916093, 2.372907320857048, 2.3491625458002092, 2.3295765817165375, 2.295574226975441, 2.302199700474739, 2.303033336997032, 2.307883656024933], "train_loss": [], "train_acc": [], "step_at_epoch": [], "dt_forward": [], "dt_backward": [], "dt_step": [], "best_acc": -1, "best_acc_epoch": null, "best_acc_step": null, "test_loss": [12606.57421875, 5.006821632385254, 4.075512886047363, 3.1426103115081787, 3.0013225078582764, 2.943256139755249, 2.983797311782837, 2.680079936981201, 2.799349784851074, 2.5954670906066895, 2.7064638137817383, 2.97157621383667, 2.616426467895508, 2.5642473697662354, 2.622775077819824, 2.5916059017181396, 2.7129716873168945, 2.5130906105041504, 2.521972417831421, 2.742138147354126, 2.506857395172119, 2.695276975631714, 2.4937424659729004, 3.390594244003296, 2.675741195678711, 2.6406288146972656, 2.621720790863037, 2.658362627029419, 2.54764723777771], "best_loss": 2.4937424659729004, "neuron_loss": [175665.890625, 34.81740054041147, 1.244915162473917, 0.8600983692705632, 0.683312913775444, 0.5699388312548399, 0.4722060789912939, 0.40475985608994963, 0.3508099227398634, 0.3276189363747835, 0.2995192348957062, 0.283993059694767, 0.25921627555042503, 0.24739320240914822, 0.24830955930054188, 0.23790324065834284, 0.23291709911078215, 0.22968819711357355, 0.21909157913178207, 0.20988311380147934, 0.20179241832345723, 0.20160311453044413, 0.1948051254078746, 0.18751686178147792, 0.17747129257768393, 0.16680938981473445, 0.1662588869035244, 0.16599466424435377, 0.1660998457670212], "trial_loss": [712249.3125, 60.14718096196651, 2.635497664809227, 2.429453521370888, 2.3872677332162855, 2.3260110741853715, 2.3076951658725737, 2.2603456735610963, 2.2398510640859604, 2.2508135467767714, 2.214176797866821, 2.228944726586342, 2.2124805170297623, 2.211832568049431, 2.2053559708595274, 2.1912788730859756, 2.2005162543058394, 2.1953647685050965, 2.18383597612381, 2.1752915200591088, 2.1648606476187706, 2.1737290906906126, 2.1781021955609323, 2.161645686328411, 2.1521052840352057, 2.1287648370862007, 2.1359408101439477, 2.1370386788249016, 2.1417838084697722], "tm_mle_loss": [0.0, 0.0, 0.0, 0.0, 0.0, 0.0, 0.0, 0.0, 0.0, 0.0, 0.0, 0.0, 0.0, 0.0, 0.0, 0.0, 0.0, 0.0, 0.0, 0.0, 0.0, 0.0, 0.0, 0.0, 0.0, 0.0, 0.0, 0.0, 0.0], "fr_loss": [0.0, 0.0, 0.0, 0.0, 0.0, 0.0, 0.0, 0.0, 0.0, 0.0, 0.0, 0.0, 0.0, 0.0, 0.0, 0.0, 0.0, 0.0, 0.0, 0.0, 0.0, 0.0, 0.0, 0.0, 0.0, 0.0, 0.0, 0.0, 0.0], "cross_corr_loss": [0.0, 0.0, 0.0, 0.0, 0.0, 0.0, 0.0, 0.0, 0.0, 0.0, 0.0, 0.0, 0.0, 0.0, 0.0, 0.0, 0.0, 0.0, 0.0, 0.0, 0.0, 0.0, 0.0, 0.0, 0.0, 0.0, 0.0, 0.0, 0.0], "t_trial_pearson": [0.002571564633399248, 0.4328848543029744, 0.6889796835184098, 0.7071145893633366, 0.7243493221700191, 0.728063920289278, 0.730094782859087, 0.7330550698935986, 0.7383533795177937, 0.7366455546021462, 0.744074577242136, 0.7412337851524353, 0.7430716007947922, 0.7460958914458752, 0.7420319584012032, 0.7427040822803974, 0.7488950645923614, 0.7426439578831195, 0.7473695340752602, 0.7519870020449162, 0.7506146231293678, 0.7481641748547554, 0.7485231722891331, 0.7493984121084213, 0.750515209287405, 0.7556493499875069, 0.7493855555355549, 0.7510891407728195, 0.7515026953816414], "trial_type_accuracy": [0.0, 0.0, 0.0, 1.0, 1.0, 1.0, 0.0, 1.0, 0.0, 1.0, 1.0, 0.0, 1.0, 1.0, 1.0, 0.0, 1.0, 1.0, 1.0, 1.0, 1.0, 1.0, 1.0, 0.0, 1.0, 1.0, 1.0, 1.0, 1.0], "opto_hit_rate": [], "t_trial_pearson_ratio": [0.11225046217441559, 0.8797087669372559, 0.8437578678131104, 0.9902619123458862, 0.9798727631568909, 0.965890109539032, 0.9303911924362183, 1.0064754486083984, 0.9585016369819641, 0.9883264303207397, 1.0029869079589844, 0.9899064302444458, 1.0222578048706055, 1.0165890455245972, 0.9879979491233826, 0.9691027402877808, 1.0165423154830933, 1.0232689380645752, 1.0209394693374634, 1.0188343524932861, 1.014279842376709, 1.0210163593292236, 1.0194505453109741, 0.9446282982826233, 1.0128669738769531, 1.0109331607818604, 1.0124866962432861, 1.0107067823410034, 1.0248667001724243], "data_loss": [887915.1875, 94.96458279967308, 3.8804128217697142, 3.2895518952608107, 3.070580652356148, 2.8959499019384385, 2.779901245832443, 2.6651055318117143, 2.5906609898805617, 2.5784324860572814, 2.5136960315704346, 2.512937783002853, 2.471696793437004, 2.4592257714271546, 2.453665525317192, 2.429182118177414, 2.433433349132538, 2.4250529634952547, 2.4029275512695314, 2.3851746290922167, 2.366653066277504, 2.3753322058916093, 2.372907320857048, 2.3491625458002092, 2.3295765817165375, 2.295574226975441, 2.302199700474739, 2.303033336997032, 2.307883656024933]}