{"valid_accuracy": [], "total_train_loss": [461.0985412597656, 24.320491185188292, 5.287014489173889, 4.573604162931442, 4.2547945231199265, 4.085881242752075, 4.043368525505066, 3.8716704577207564, 3.7712032228708265, 3.7068733805418015, 3.6846616470813753, 3.6709869545698166, 3.689143894314766, 3.6887961411476136, 3.698438660502434, 3.7164121901988985, 3.717444392442703, 3.7109386146068575, 3.700532206892967, 3.7043686437606813, 3.6845579677820206, 3.707686173915863, 3.7067467933893203], "train_loss": [], "train_acc": [], "step_at_epoch": [], "dt_forward": [], "dt_backward": [], "dt_step": [], "best_acc": -1, "best_acc_epoch": null, "best_acc_step": null, "test_loss": [400.4342041015625, 6.040637969970703, 4.94295597076416, 4.589107036590576, 4.317049980163574, 4.1908979415893555, 4.090717315673828, 3.9599051475524902, 3.8090968132019043, 3.7765252590179443, 3.8551433086395264, 3.771519422531128, 3.988224983215332, 3.959941864013672, 3.837510108947754, 3.899085521697998, 3.7405529022216797, 3.966514825820923, 3.7978897094726562, 3.818770408630371, 3.793292999267578, 3.7788915634155273, 3.7999510765075684], "best_loss": 3.7405529022216797, "neuron_loss": [198.58535766601562, 11.196866859495639, 1.2405875182151795, 0.9456310106813908, 0.7516003730893135, 0.699691862910986, 0.6446581476926804, 0.6007521377503872, 0.584630429148674, 0.5757015919685364, 0.5709113919734955, 0.56812434643507, 0.5663532690703869, 0.5608729213476181, 0.56086261510849, 0.5610515753924846, 0.555695083886385, 0.5542901504039764, 0.5521202830970288, 0.5498402908444404, 0.5490002849698067, 0.5500329680740833, 0.5479403507709503], "trial_loss": [262.51318359375, 13.123624303340911, 4.0464269548654554, 3.6279731512069704, 3.503194151520729, 3.386189383864403, 3.398710361123085, 3.2709183168411253, 3.1865727919340134, 3.1311717879772187, 3.113750252723694, 3.1028626054525374, 3.122790624499321, 3.127923213839531, 3.1375760477781296, 3.155360608100891, 3.1617493069171907, 3.156648463010788, 3.14841192483902, 3.154528352022171, 3.1355576878786087, 3.1576532065868377, 3.1588064396381377], "tm_mle_loss": [0.0, 0.0, 0.0, 0.0, 0.0, 0.0, 0.0, 0.0, 0.0, 0.0, 0.0, 0.0, 0.0, 0.0, 0.0, 0.0, 0.0, 0.0, 0.0, 0.0, 0.0, 0.0, 0.0], "fr_loss": [0.0, 0.0, 0.0, 0.0, 0.0, 0.0, 0.0, 0.0, 0.0, 0.0, 0.0, 0.0, 0.0, 0.0, 0.0, 0.0, 0.0, 0.0, 0.0, 0.0, 0.0, 0.0, 0.0], "cross_corr_loss": [0.0, 0.0, 0.0, 0.0, 0.0, 0.0, 0.0, 0.0, 0.0, 0.0, 0.0, 0.0, 0.0, 0.0, 0.0, 0.0, 0.0, 0.0, 0.0, 0.0, 0.0, 0.0, 0.0], "t_trial_pearson": [0.06356112658977509, 0.36421517811715604, 0.5375030793249607, 0.5880267152190208, 0.617855479568243, 0.6273106354475021, 0.6380719974637031, 0.659504341930151, 0.6708845654129982, 0.6748308980464935, 0.6792828419804573, 0.6764262832701207, 0.67856365904212, 0.6738445699214936, 0.6748800255358219, 0.6739400966465473, 0.6750127080082894, 0.6733407956361771, 0.6766670812666417, 0.6817906193435193, 0.6817980617284775, 0.6854235751926899, 0.6846378915011883], "trial_type_accuracy": [0.0, 0.0, 0.0, 0.0, 0.0, 0.0, 0.0, 0.0, 0.0, 1.0, 0.0, 1.0, 0.0, 1.0, 1.0, 1.0, 1.0, 1.0, 0.0, 0.0, 0.0, 1.0, 1.0], "opto_hit_rate": [], "t_trial_pearson_ratio": [0.10523749887943268, 0.7104209661483765, 0.75052809715271, 0.8168020844459534, 0.8565914630889893, 0.8405606150627136, 0.8587977290153503, 0.8919512033462524, 0.8992860317230225, 0.9095758199691772, 0.887944757938385, 0.9029590487480164, 0.8701587915420532, 0.907923698425293, 0.911098062992096, 0.9152020215988159, 0.9238122701644897, 0.9272112250328064, 0.9059156775474548, 0.9010838270187378, 0.896084189414978, 0.9196044206619263, 0.9307483434677124], "data_loss": [461.0985412597656, 24.320491185188292, 5.287014489173889, 4.573604162931442, 4.2547945231199265, 4.085881242752075, 4.043368525505066, 3.8716704577207564, 3.7712032228708265, 3.7068733805418015, 3.6846616470813753, 3.6709869545698166, 3.689143894314766, 3.6887961411476136, 3.698438660502434, 3.7164121901988985, 3.717444392442703, 3.7109386146068575, 3.700532206892967, 3.7043686437606813, 3.6845579677820206, 3.707686173915863, 3.7067467933893203]}