{"valid_accuracy": [], "total_train_loss": [877986.75, 363.6898462796211, 5.027065358757973, 3.7616907262802126, 3.2836479955911635, 3.0595270466804503, 2.944765527844429, 2.877968687415123, 2.8240085816383362, 2.7846274054050446, 2.747946947813034, 2.7269591975212095, 2.7093501502275465, 2.683324183821678, 2.6698624205589296, 2.669923734664917, 2.669524644613266, 2.652920507192612, 2.6464648461341858, 2.6256045794486997, 2.629186021089554, 2.6230357724428175, 2.6178373563289643, 2.6113050043582917, 2.6042746371030807, 2.6163164353370667, 2.610449070930481, 2.5999116480350493, 2.5898012763261793, 2.585379130244255, 2.5954810708761213, 2.5825080251693726, 2.5820954459905625, 2.569399641156197, 2.5735803842544556, 2.5742820608615875, 2.5691499626636505, 2.578121263384819, 2.571339474320412, 2.5683872437477113, 2.568606874346733], "train_loss": [], "train_acc": [], "step_at_epoch": [], "dt_forward": [], "dt_backward": [], "dt_step": [], "best_acc": -1, "best_acc_epoch": null, "best_acc_step": null, "test_loss": [79246.34375, 6.65872859954834, 4.168715953826904, 3.4422969818115234, 3.2025723457336426, 3.0006167888641357, 2.939830780029297, 2.8315086364746094, 2.7889151573181152, 2.751652717590332, 2.749284029006958, 2.7272205352783203, 2.8175227642059326, 2.6844186782836914, 2.6505818367004395, 2.638362407684326, 2.676480770111084, 2.7531509399414062, 2.6383962631225586, 2.6179027557373047, 2.6196746826171875, 2.6106996536254883, 2.6389925479888916, 2.610546350479126, 2.6286234855651855, 2.628939390182495, 2.6048412322998047, 2.6092076301574707, 2.606527805328369, 2.6909821033477783, 2.6295461654663086, 2.588155746459961, 2.6100170612335205, 2.631077289581299, 2.587578773498535, 2.588123321533203, 2.631269693374634, 2.615734815597534, 2.5907044410705566, 2.5934970378875732, 2.6295228004455566], "best_loss": 2.587578773498535, "neuron_loss": [179638.25, 111.03430362045765, 1.4126335062086581, 0.7085485076904297, 0.48974255509674547, 0.3797267905622721, 0.31885301001369953, 0.2775804141908884, 0.2537997768446803, 0.23574491534382105, 0.22212430294603108, 0.2145335252210498, 0.20655888706445694, 0.1974694573879242, 0.19100004486739636, 0.1871140480414033, 0.18551631785929204, 0.18331474285572769, 0.18045033130794763, 0.17753730677068233, 0.17640648741275072, 0.1745070682093501, 0.17375573441386222, 0.17196765951812268, 0.170950343683362, 0.1704812430590391, 0.16933781750500201, 0.168226201236248, 0.1674151797965169, 0.16497537437826396, 0.16526932593435048, 0.16313201650977135, 0.16310522962361573, 0.16208413008600472, 0.16223945781588556, 0.16100527539849283, 0.16088362354785204, 0.1616632555797696, 0.16058929480612277, 0.16206203065812588, 0.15990408640354872], "trial_loss": [698348.5, 252.655533657074, 3.6144318562746047, 3.0531422156095505, 2.7939054399728773, 2.6798002636432647, 2.625912517905235, 2.600388278365135, 2.5702088034152983, 2.5488824903964997, 2.525822639465332, 2.5124256730079653, 2.5027912616729737, 2.4858547216653823, 2.4788623720407488, 2.482809680700302, 2.4840083211660384, 2.4696057659387587, 2.4660145169496537, 2.4480672764778135, 2.452779531478882, 2.448528706431389, 2.444081624746323, 2.439337354302406, 2.4333242958784105, 2.4458352011442184, 2.441111261844635, 2.431685443520546, 2.422386092543602, 2.4204037553071975, 2.4302117508649825, 2.419376011490822, 2.418990222811699, 2.407315507531166, 2.4113409316539762, 2.4132767832279205, 2.40826633810997, 2.416458002924919, 2.4107501739263535, 2.406325210928917, 2.408702785372734], "tm_mle_loss": [0.0, 0.0, 0.0, 0.0, 0.0, 0.0, 0.0, 0.0, 0.0, 0.0, 0.0, 0.0, 0.0, 0.0, 0.0, 0.0, 0.0, 0.0, 0.0, 0.0, 0.0, 0.0, 0.0, 0.0, 0.0, 0.0, 0.0, 0.0, 0.0, 0.0, 0.0, 0.0, 0.0, 0.0, 0.0, 0.0, 0.0, 0.0, 0.0, 0.0, 0.0], "fr_loss": [0.0, 0.0, 0.0, 0.0, 0.0, 0.0, 0.0, 0.0, 0.0, 0.0, 0.0, 0.0, 0.0, 0.0, 0.0, 0.0, 0.0, 0.0, 0.0, 0.0, 0.0, 0.0, 0.0, 0.0, 0.0, 0.0, 0.0, 0.0, 0.0, 0.0, 0.0, 0.0, 0.0, 0.0, 0.0, 0.0, 0.0, 0.0, 0.0, 0.0, 0.0], "cross_corr_loss": [0.0, 0.0, 0.0, 0.0, 0.0, 0.0, 0.0, 0.0, 0.0, 0.0, 0.0, 0.0, 0.0, 0.0, 0.0, 0.0, 0.0, 0.0, 0.0, 0.0, 0.0, 0.0, 0.0, 0.0, 0.0, 0.0, 0.0, 0.0, 0.0, 0.0, 0.0, 0.0, 0.0, 0.0, 0.0, 0.0, 0.0, 0.0, 0.0, 0.0, 0.0], "t_trial_pearson": [0.0020261406898498535, 0.2758070096373558, 0.5593619001656771, 0.6301760922372341, 0.6639019498229026, 0.6793966683745384, 0.690580432265997, 0.6918081237375736, 0.6982494615018368, 0.7005400612950325, 0.7042757937312126, 0.7054025153815746, 0.7044563621282578, 0.7039491426944733, 0.7088719724118709, 0.706339738368988, 0.7078861726820469, 0.7106495092809201, 0.707474122941494, 0.7118392370641231, 0.7151007501780987, 0.7080040509998798, 0.7091705322265625, 0.7146721005439758, 0.7140406373143197, 0.711083752065897, 0.7116158536076546, 0.7111022807657719, 0.7156028887629509, 0.7150942660868168, 0.7164508746564389, 0.7187243069708348, 0.7187050361931324, 0.7191702000796795, 0.7216729457676411, 0.7187463150918484, 0.7196951316297054, 0.7194873134791852, 0.7180488291382789, 0.718801171630621, 0.7232156273722649], "trial_type_accuracy": [0.0, 0.0, 0.0, 0.0, 0.0, 1.0, 0.0, 1.0, 1.0, 1.0, 1.0, 1.0, 0.0, 1.0, 1.0, 1.0, 1.0, 0.0, 1.0, 1.0, 1.0, 1.0, 1.0, 1.0, 1.0, 1.0, 1.0, 1.0, 1.0, 1.0, 1.0, 1.0, 1.0, 1.0, 1.0, 1.0, 1.0, 1.0, 1.0, 1.0, 1.0], "opto_hit_rate": [], "t_trial_pearson_ratio": [0.048964016139507294, 0.7003925442695618, 0.8343600034713745, 0.8973947167396545, 0.9187240600585938, 0.9384658336639404, 0.9432696104049683, 0.9517999887466431, 0.9569681286811829, 0.9595577716827393, 0.9601784348487854, 0.9640287160873413, 0.9434868097305298, 0.9694982171058655, 0.9687999486923218, 0.9721319079399109, 0.9659547209739685, 0.9586262702941895, 0.9738060235977173, 0.9743152856826782, 0.9761508107185364, 0.9782374501228333, 0.9705809354782104, 0.9773805141448975, 0.9744738936424255, 0.9746254682540894, 0.9750306606292725, 0.9756999611854553, 0.9795131683349609, 0.9720994234085083, 0.9741011261940002, 0.9792352318763733, 0.9806140065193176, 0.9763574004173279, 0.9754301905632019, 0.9797196388244629, 0.968376874923706, 0.9793985486030579, 0.979411244392395, 0.9813486337661743, 0.9791020154953003], "data_loss": [877986.75, 363.6898462796211, 5.027065358757973, 3.7616907262802126, 3.2836479955911635, 3.0595270466804503, 2.944765527844429, 2.877968687415123, 2.8240085816383362, 2.7846274054050446, 2.747946947813034, 2.7269591975212095, 2.7093501502275465, 2.683324183821678, 2.6698624205589296, 2.669923734664917, 2.669524644613266, 2.652920507192612, 2.6464648461341858, 2.6256045794486997, 2.629186021089554, 2.6230357724428175, 2.6178373563289643, 2.6113050043582917, 2.6042746371030807, 2.6163164353370667, 2.610449070930481, 2.5999116480350493, 2.5898012763261793, 2.585379130244255, 2.5954810708761213, 2.5825080251693726, 2.5820954459905625, 2.569399641156197, 2.5735803842544556, 2.5742820608615875, 2.5691499626636505, 2.578121263384819, 2.571339474320412, 2.5683872437477113, 2.568606874346733]}