{
    "valid_accuracy": [],
    "total_train_loss": [
        51.76813888549805,
        13.135656591653824,
        3.5530047142505645,
        2.530604397058487,
        2.2576281946897505,
        2.146724816560745,
        2.0925706499814987,
        2.0623586016893385,
        2.0430026876926424,
        2.023471985757351,
        1.9998830676078796,
        1.9809768617153167,
        1.968382349908352,
        1.960384912788868,
        1.9529839131236075,
        1.9500066068768502,
        1.9490290319919585,
        1.953308720290661,
        1.9589817279577255,
        1.9613361313939095,
        1.9570120552182197,
        1.9609187644720079,
        2.0042425802350046,
        2.109121609032154,
        2.7702461087703707,
        3.0940687263011935,
        3.4512919282913206,
        3.281378509402275,
        3.0407846689224245,
        3.0198812961578367
    ],
    "train_loss": [],
    "train_acc": [],
    "step_at_epoch": [],
    "dt_forward": [],
    "dt_backward": [],
    "dt_step": [],
    "best_acc": -1,
    "best_acc_epoch": null,
    "best_acc_step": null,
    "test_loss": [
        48.280738830566406,
        8.08415412902832,
        9.870057106018066,
        11.063054084777832,
        11.609326362609863,
        12.6088228225708,
        13.254311561584473,
        15.914048194885254,
        16.10727882385254,
        18.42770767211914,
        17.114917755126953,
        18.576616287231445,
        18.73200225830078,
        18.2293758392334,
        20.26708984375,
        19.547746658325195,
        20.83013343811035,
        21.200910568237305,
        19.862823486328125,
        21.571104049682617,
        18.54241371154785,
        23.525897979736328,
        22.284692764282227,
        33.14188766479492,
        24.33852767944336,
        30.115129470825195,
        23.541746139526367,
        18.029008865356445,
        35.15989303588867,
        17.15410614013672
    ],
    "best_loss": 1.9490290319919585,
    "neuron_loss": [
        25.786293029785156,
        4.833218067884445,
        1.6233834812045098,
        1.231400540471077,
        1.1203003278374672,
        1.0704124328494071,
        1.0376514863967896,
        1.0163855975866318,
        1.0022290386259556,
        0.9897697974741458,
        0.9813755241036415,
        0.9715933872759343,
        0.9644513346254826,
        0.9599897968769073,
        0.9555723449587822,
        0.9513743212819099,
        0.9495737339556217,
        0.9508816131949425,
        0.9531063415110111,
        0.9522004157304764,
        0.9491975647211075,
        0.9511002767086029,
        0.9631736822426319,
        0.9946477822959423,
        1.0956249777972698,
        1.0901674515008926,
        1.150234803855419,
        1.11487524330616,
        1.1040970987081529,
        1.1008076652884484
    ],
    "trial_loss": [
        1.386905550956726,
        1.0916812682151795,
        0.8814308997988701,
        0.8536068192124366,
        0.8432742790877819,
        0.8395309984683991,
        0.83859848305583,
        0.8375151407718658,
        0.8370767875015735,
        0.8302982041239738,
        0.8180222614109516,
        0.8125930145382881,
        0.808765176385641,
        0.807500409334898,
        0.8061062197387219,
        0.8052221849560738,
        0.8049222651124001,
        0.8040398433804512,
        0.8045759978890419,
        0.8035390838980675,
        0.8017239725589752,
        0.8014714159071445,
        0.8023948225378991,
        0.8075848941504955,
        0.8118129597604274,
        0.8188659581542015,
        0.8360582332313061,
        0.8233056288957595,
        0.8291595770418644,
        0.8284371256828308
    ],
    "tm_mle_loss": [
        0.0,
        0.0,
        0.0,
        0.0,
        0.0,
        0.0,
        0.0,
        0.0,
        0.0,
        0.0,
        0.0,
        0.0,
        0.0,
        0.0,
        0.0,
        0.0,
        0.0,
        0.0,
        0.0,
        0.0,
        0.0,
        0.0,
        0.0,
        0.0,
        0.0,
        0.0,
        0.0,
        0.0,
        0.0,
        0.0
    ],
    "fr_loss": [
        24.594940185546875,
        7.210757234692574,
        1.0481903436779976,
        0.4455970297008753,
        0.2940535929054022,
        0.23678138330578805,
        0.21632068280130626,
        0.2084578650444746,
        0.20369686029851436,
        0.20340398255735637,
        0.20048528145998717,
        0.1967904606461525,
        0.19516583763062953,
        0.1928947092220187,
        0.19130534403026103,
        0.19341010205447673,
        0.19453303363174201,
        0.19838726084679364,
        0.20129939109086992,
        0.2055966344848275,
        0.2060905195400119,
        0.20834707006812095,
        0.23867407374083996,
        0.3068889287114143,
        0.8628081774711609,
        1.1850353229045867,
        1.4649988901615143,
        1.343197640478611,
        1.107527992874384,
        1.0906365156173705
    ],
    "cross_corr_loss": [
        0.0,
        0.0,
        0.0,
        0.0,
        0.0,
        0.0,
        0.0,
        0.0,
        0.0,
        0.0,
        0.0,
        0.0,
        0.0,
        0.0,
        0.0,
        0.0,
        0.0,
        0.0,
        0.0,
        0.0,
        0.0,
        0.0,
        0.0,
        0.0,
        0.0,
        0.0,
        0.0,
        0.0,
        0.0,
        0.0
    ],
    "t_trial_pearson": [
        0.17042267322540283,
        0.18627152744680642,
        0.3533208438754082,
        0.3860732678323984,
        0.3993385348469019,
        0.4043889606744051,
        0.40255070723593234,
        0.40185291931033135,
        0.4043946132063866,
        0.4050096886605024,
        0.4154231221228838,
        0.42317759081721307,
        0.42810648053884504,
        0.4342311669886112,
        0.431047493442893,
        0.43387447074055674,
        0.4345261748880148,
        0.4410320106893778,
        0.43261668846011164,
        0.4288251516968012,
        0.43880315698683264,
        0.44157967060804365,
        0.4373144017904997,
        0.4328021050989628,
        0.43370234228670596,
        0.4221859730035067,
        0.3990952766686678,
        0.41294454485177995,
        0.4036944556981325,
        0.4052444329857826
    ],
    "trial_type_accuracy": [
        0.25,
        0.25,
        0.25,
        0.5,
        0.0,
        0.25,
        0.25,
        0.0,
        0.25,
        0.5,
        0.5,
        0.5,
        0.5,
        0.25,
        0.5,
        0.25,
        0.25,
        0.5,
        0.5,
        0.25,
        0.25,
        0.75,
        0.75,
        0.75,
        0.25,
        0.5,
        0.25,
        0.5,
        0.25,
        0.5
    ],
    "opto_hit_rate": [],
    "t_trial_pearson_ratio": [
        0.13753649592399597,
        0.4997837245464325,
        0.748628556728363,
        0.7428811192512512,
        0.825641930103302,
        0.7707904577255249,
        0.7915030121803284,
        0.8109205365180969,
        0.7777664661407471,
        0.850040853023529,
        0.8384677171707153,
        0.8513899445533752,
        0.8582412600517273,
        0.7927399277687073,
        0.8809254765510559,
        0.7992565035820007,
        0.8507965803146362,
        0.8705284595489502,
        0.8491975665092468,
        0.8830544352531433,
        0.808211088180542,
        0.9022115468978882,
        0.9098283648490906,
        0.9148083329200745,
        0.8601062893867493,
        0.8654575347900391,
        0.65040522813797,
        0.7065569162368774,
        0.7473955750465393,
        0.6541754603385925
    ],