{"valid_accuracy": [], "total_train_loss": [8842.994140625, 465.93857533454894, 20.970690989494322, 11.44935825586319, 7.151253012418747, 4.705971719026565, 3.4945041584968566, 2.828468411564827, 2.4122999703884123, 2.1518346655368803, 1.981634840965271, 1.9093222534656524, 1.8205991715192795, 1.7411604103446008, 1.7278974843025208, 1.7190176022052766, 1.7086810472607612, 1.666388654112816, 1.641045922935009, 1.6203448647260665, 1.5620067286491395, 1.5465858405828476, 1.5070984891057015, 1.492497941851616, 1.5195382577180863, 1.4754322519898415, 1.4511183139681816, 1.433381273150444, 1.4320385083556175, 1.4249332055449486, 1.4308741366863251, 1.4193055042624474, 1.4179253286123277, 1.4086583802103996, 1.4088288462162017, 1.4228416481614112, 1.4052391785383225, 1.408348833322525, 1.4116736519336701, 1.4093171054124831, 1.4024933886528015, 1.4098268041014672, 1.4028763562440871, 1.3948900845646859, 1.3924145925045013, 1.4076515227556228, 1.3911174833774567, 1.3814611232280731, 1.3881520888209342, 1.3822819304466247, 1.3774149042367936, 1.36668253749609], "train_loss": [], "train_acc": [], "step_at_epoch": [], "dt_forward": [], "dt_backward": [], "dt_step": [], "best_acc": -1, "best_acc_epoch": null, "best_acc_step": null, "test_loss": [47235.015625, 53.81122970581055, 60.38053512573242, 46.26948547363281, 48.3272705078125, 62.576107025146484, 64.92476654052734, 54.72724151611328, 60.75517654418945, 60.865264892578125, 71.23432922363281, 76.8774185180664, 66.33322143554688, 68.65209197998047, 68.1156997680664, 70.7559585571289, 85.74663543701172, 74.8278579711914, 61.51539993286133, 74.50624084472656, 70.67933654785156, 70.73982238769531, 79.4198989868164, 63.726749420166016, 89.96768188476562, 79.70126342773438, 81.98133087158203, 69.98306274414062, 73.07884216308594, 77.56625366210938, 75.18962097167969, 80.71016693115234, 74.32341003417969, 66.69480895996094, 70.9056167602539, 80.31987762451172, 75.37657165527344, 69.26692199707031, 71.3954086303711, 60.925697326660156, 70.9036865234375, 76.18524169921875, 73.62242889404297, 65.79122161865234, 70.01526641845703, 69.87432098388672, 65.36128234863281, 65.39262390136719, 75.76597595214844, 72.42623901367188, 68.25970458984375, 72.14923095703125], "best_loss": 1.36668253749609, "neuron_loss": [4780.541015625, 193.54165799379348, 1.6425806385278703, 1.213731352686882, 1.00056863874197, 0.8629036283493042, 0.7837233749032021, 0.7359567917883396, 0.7028390096127987, 0.6773907835781574, 0.6586579209566117, 0.6513649193942547, 0.6445064359903335, 0.6353700704872608, 0.6341177476942539, 0.6355706116557122, 0.6332888470590115, 0.6378821443021297, 0.6345419952273369, 0.6295245805382729, 0.6219598372280598, 0.6197408838570118, 0.6115687274932862, 0.6058133129775524, 0.6080354449152946, 0.6035575444996357, 0.597677244246006, 0.5921123637259007, 0.5906731329858304, 0.5911667354404926, 0.5895756597816945, 0.5886975093185902, 0.5854875053465366, 0.582737800180912, 0.5833082097768784, 0.5880153720080853, 0.5812673953175544, 0.5812572598457336, 0.5817270088195801, 0.5782898749411106, 0.5760389696061611, 0.5819076180458069, 0.5764886659383773, 0.5740453796088696, 0.5707153427600861, 0.5717974878847599, 0.5676420943439007, 0.564535997658968, 0.5671594899892807, 0.5633103874325752, 0.5638366492092609, 0.5580326689779759], "trial_loss": [47.36478805541992, 42.96737915709615, 0.8467119574546814, 0.8177291895449161, 0.8019282549619675, 0.7923611713945866, 0.7862742011249065, 0.782062773257494, 0.7794280102849007, 0.777000803053379, 0.7748132362961769, 0.7707571259140968, 0.7619507324695587, 0.7565660479664803, 0.7523446598649025, 0.7497144018113613, 0.7456941235065461, 0.7438048835098744, 0.7419320452213287, 0.7397487838566303, 0.7382882186770439, 0.7375240135192871, 0.735558598190546, 0.734705941081047, 0.7348989874124527, 0.734698891788721, 0.7336560428142548, 0.7332153052091599, 0.7331060063838959, 0.7320320427417755, 0.7327302691340446, 0.7311312463879586, 0.730893599241972, 0.7302803801000118, 0.7307010960578918, 0.7309706825017929, 0.7294994725286961, 0.7297868311405182, 0.7297605715692044, 0.7300256228446961, 0.7280216841399669, 0.7278919373452664, 0.7271254785358906, 0.7257967862486839, 0.7254731567203998, 0.7258246123790741, 0.7255378758907318, 0.7241487275063991, 0.7253631690144539, 0.7249192905426025, 0.7234741505980492, 0.7239716224372387], "tm_mle_loss": [0.0, 0.0, 0.0, 0.0, 0.0, 0.0, 0.0, 0.0, 0.0, 0.0, 0.0, 0.0, 0.0, 0.0, 0.0, 0.0, 0.0, 0.0, 0.0, 0.0, 0.0, 0.0, 0.0, 0.0, 0.0, 0.0, 0.0, 0.0, 0.0, 0.0, 0.0, 0.0, 0.0, 0.0, 0.0, 0.0, 0.0, 0.0, 0.0, 0.0, 0.0, 0.0, 0.0, 0.0, 0.0, 0.0, 0.0, 0.0, 0.0, 0.0, 0.0, 0.0], "fr_loss": [4015.088623046875, 229.42953290462495, 18.48139841556549, 9.4178977060318, 5.348756101727486, 3.0507069236040114, 1.9245065766572953, 1.310448844730854, 0.9300329497456551, 0.6974430784583092, 0.5481636801362038, 0.48720020599663255, 0.4141420037299395, 0.34922429159283636, 0.34143507085740565, 0.33373258616775275, 0.3296980767697096, 0.2847016280889511, 0.2645718811452389, 0.25107150483876467, 0.20175867404788733, 0.1893209431692958, 0.15997116219252347, 0.15197869060561062, 0.17660382701084018, 0.13717581618577243, 0.11978502370417118, 0.10805360320955515, 0.10825936863198876, 0.10173442667350173, 0.10856820775195956, 0.09947674643248319, 0.10154422232881188, 0.09564019992947578, 0.09481953928247094, 0.1038555925898254, 0.09447231141850353, 0.09730474393814802, 0.10018607227131725, 0.10100160637870431, 0.09843273770064115, 0.10002724572084844, 0.09926221107132732, 0.09504791676998138, 0.09622609041631222, 0.11002941843122244, 0.09793751269578933, 0.09277639928273856, 0.09562942874617875, 0.09405225261114537, 0.09010411028750241, 0.08467824480496347], "cross_corr_loss": [0.0, 0.0, 0.0, 0.0, 0.0, 0.0, 0.0, 0.0, 0.0, 0.0, 0.0, 0.0, 0.0, 0.0, 0.0, 0.0, 0.0, 0.0, 0.0, 0.0, 0.0, 0.0, 0.0, 0.0, 0.0, 0.0, 0.0, 0.0, 0.0, 0.0, 0.0, 0.0, 0.0, 0.0, 0.0, 0.0, 0.0, 0.0, 0.0, 0.0, 0.0, 0.0, 0.0, 0.0, 0.0, 0.0, 0.0, 0.0, 0.0, 0.0, 0.0, 0.0], "t_trial_pearson": [0.13377457857131958, 0.1989456155151129, 0.35108201056718824, 0.38781624294817446, 0.41268456660211084, 0.42566728346049787, 0.43291464164853094, 0.4396643604338169, 0.44151209443807604, 0.44630776561796665, 0.4523949170857668, 0.45445167072117326, 0.4622491126507521, 0.46319681964814663, 0.4724695948511362, 0.4738090347498655, 0.47880574032664297, 0.4744179616868496, 0.47890528485178946, 0.4835097773373127, 0.4876621148735285, 0.48692624904215337, 0.4847672815620899, 0.4900598295032978, 0.49346599988639356, 0.48975246228277686, 0.4903287844359875, 0.4892135915160179, 0.4895389161258936, 0.4932174725830555, 0.4929106501489878, 0.4955050341039896, 0.49613953329622745, 0.49541031949222086, 0.49178014062345027, 0.49723985850811003, 0.49552447602152827, 0.4973746980726719, 0.4944626872986555, 0.49484697557985785, 0.4990667249262333, 0.5038299246132374, 0.5020915173739194, 0.5013785912841559, 0.5082504566013814, 0.5036294853687286, 0.499555132240057, 0.5035429602116346, 0.49701468177139757, 0.4980966775119305, 0.5078078156709671, 0.5059930430352688], "trial_type_accuracy": [0.25, 0.5, 0.0, 0.25, 0.5, 0.0, 0.0, 0.5, 0.5, 0.5, 0.25, 0.25, 0.25, 0.5, 0.25, 0.0, 0.0, 0.5, 0.5, 0.75, 0.5, 0.5, 0.75, 0.5, 0.75, 0.75, 0.75, 0.5, 0.5, 0.5, 0.75, 0.75, 0.5, 0.5, 0.5, 0.75, 0.75, 0.5, 0.5, 0.5, 0.5, 1.0, 0.75, 0.5, 0.5, 0.5, 0.5, 0.5, 0.25, 0.75, 0.5, 0.0], "opto_hit_rate": [],