{"valid_accuracy": [], "total_train_loss": [871984.125, 112.25435795307159, 4.060883861780167, 3.7355421406030653, 3.450747226476669, 3.331056821346283, 3.133705067038536, 2.9970576679706573, 2.884607518315315, 2.850648153424263, 2.7629126197099687, 2.768645021319389, 2.7310762393474577, 2.6444443291425705, 2.6420571857690813, 2.583908892273903, 2.5775323355197908, 2.5371994936466216, 2.5468734300136564, 2.5144874596595765, 2.549880021214485, 2.538566647171974, 2.5262296986579895, 2.5000660556554792], "train_loss": [], "train_acc": [], "step_at_epoch": [], "dt_forward": [], "dt_backward": [], "dt_step": [], "best_acc": -1, "best_acc_epoch": null, "best_acc_step": null, "test_loss": [14498.482421875, 4.344491958618164, 3.9060492515563965, 4.057568550109863, 3.792473316192627, 4.370147705078125, 3.639993190765381, 2.955354928970337, 3.3693795204162598, 2.740968704223633, 2.697176694869995, 2.6659858226776123, 2.8824493885040283, 3.0714707374572754, 2.8117690086364746, 2.6023294925689697, 2.873689889907837, 2.5037293434143066, 2.5470151901245117, 2.627488613128662, 2.582143545150757, 2.5628645420074463, 2.701697826385498, 2.8502633571624756], "best_loss": 2.5037293434143066, "neuron_loss": [178451.53125, 41.45978791475296, 1.1388325886428357, 0.9756382443010807, 0.84236531406641, 0.7455673830211162, 0.6617770586907864, 0.5687333942204714, 0.4949212006479502, 0.43753087282180786, 0.4050318782776594, 0.3682871126383543, 0.3416527023911476, 0.3047056563943624, 0.28860104020684957, 0.2675653957203031, 0.25403208017349244, 0.2440393488109112, 0.23140283316373825, 0.2231307665258646, 0.2226501989737153, 0.2227057609334588, 0.2132988565042615, 0.20513677187263965], "trial_loss": [693532.5625, 70.79457003235817, 2.9220512712001803, 2.7599039036035538, 2.608381907939911, 2.585489432811737, 2.4719280034303663, 2.4283242738246917, 2.3896863186359405, 2.4131172835826873, 2.357880740761757, 2.4003579092025755, 2.3894235348701476, 2.339738674759865, 2.3534561479091645, 2.3163434940576555, 2.3235002583265305, 2.293160143494606, 2.31547059237957, 2.2913566994667054, 2.3272298222780226, 2.315860885977745, 2.312930842638016, 2.2949292874336242], "tm_mle_loss": [0.0, 0.0, 0.0, 0.0, 0.0, 0.0, 0.0, 0.0, 0.0, 0.0, 0.0, 0.0, 0.0, 0.0, 0.0, 0.0, 0.0, 0.0, 0.0, 0.0, 0.0, 0.0, 0.0, 0.0], "fr_loss": [0.0, 0.0, 0.0, 0.0, 0.0, 0.0, 0.0, 0.0, 0.0, 0.0, 0.0, 0.0, 0.0, 0.0, 0.0, 0.0, 0.0, 0.0, 0.0, 0.0, 0.0, 0.0, 0.0, 0.0], "cross_corr_loss": [0.0, 0.0, 0.0, 0.0, 0.0, 0.0, 0.0, 0.0, 0.0, 0.0, 0.0, 0.0, 0.0, 0.0, 0.0, 0.0, 0.0, 0.0, 0.0, 0.0, 0.0, 0.0, 0.0, 0.0], "t_trial_pearson": [0.003179119434207678, 0.43465809460147287, 0.6607516324520111, 0.6920765660703182, 0.7037509819865226, 0.7073774661123753, 0.7173520313203334, 0.7224260474741458, 0.7255924309790135, 0.722452153712511, 0.7350949896872043, 0.7267645493149757, 0.7245630633831024, 0.7299033069610595, 0.7343288372457027, 0.7361717258393764, 0.7321371529996396, 0.7362831398844719, 0.7299807827174664, 0.7399444615840912, 0.7358767275512218, 0.7346217685937881, 0.735452034175396, 0.73683403134346], "trial_type_accuracy": [0.0, 1.0, 0.0, 0.0, 0.0, 0.0, 0.0, 0.0, 0.0, 1.0, 1.0, 1.0, 0.0, 0.0, 0.0, 1.0, 0.0, 1.0, 1.0, 0.0, 1.0, 1.0, 0.0, 0.0], "opto_hit_rate": [], "t_trial_pearson_ratio": [0.09721005707979202, 0.8906521201133728, 0.9245122075080872, 0.8894199132919312, 0.9165382385253906, 0.855637788772583, 0.9144619703292847, 0.9921284914016724, 0.9221217036247253, 1.0072851181030273, 1.00852370262146, 0.9990069270133972, 0.9772266149520874, 0.9445522427558899, 0.9734066128730774, 1.0015047788619995, 0.9718599319458008, 1.0041918754577637, 1.0072486400604248, 0.9928533434867859, 0.9991693496704102, 1.0072416067123413, 0.9810435771942139, 0.9584512114524841], "data_loss": [871984.125, 112.25435795307159, 4.060883861780167, 3.7355421406030653, 3.450747226476669, 3.331056821346283, 3.133705067038536, 2.9970576679706573, 2.884607518315315, 2.850648153424263, 2.7629126197099687, 2.768645021319389, 2.7310762393474577, 2.6444443291425705, 2.6420571857690813, 2.583908892273903, 2.5775323355197908, 2.5371994936466216, 2.5468734300136564, 2.5144874596595765, 2.549880021214485, 2.538566647171974, 2.5262296986579895, 2.5000660556554792]}