{"valid_accuracy": [], "total_train_loss": [53.82637023925781, 13.769269495010375, 4.6060109215974805, 3.679664125442505, 3.3944481813907625, 3.2716273027658462, 3.205822262763977, 3.1766282480955126, 3.1634685552120207, 3.1412937450408935, 3.1307679057121276, 3.1334447872638704, 3.1256265985965728, 3.127523648738861, 3.121359320282936, 3.1084969806671143, 3.1137285375595094, 3.1158474683761597, 3.106633960604668, 3.111608041524887, 3.1140503722429274, 3.1160750192403794, 3.11322604238987, 3.1182481336593626, 3.1156839191913606, 3.1216634887456896, 3.139446011185646, 3.122037796974182, 3.1713821572065353, 3.168878281712532, 3.4313741195201874, 3.630779639482498, 3.4213666659593582, 3.2776790499687194, 5.109863336086273, 6.14822473526001, 6.0644435679912565, 6.932844710350037, 8.200828648805619, 7.421608400344849, 2.854431048631668, 3.6726727825403214, 3.210333820581436, 2.3096052277088166, 3.712899899482727, 4.294915447235107, 4.470019920468331, 16.498653755187988, 7.57581644654274, 6.740803605318069, 7.674439181089401, 6.354244602918625], "train_loss": [], "train_acc": [], "step_at_epoch": [], "dt_forward": [], "dt_backward": [], "dt_step": [], "best_acc": -1, "best_acc_epoch": null, "best_acc_step": null, "test_loss": [77.0031509399414, 7.622812271118164, 8.98261833190918, 10.879326820373535, 12.583879470825195, 13.921710968017578, 17.80695152282715, 17.09654998779297, 18.833112716674805, 18.62333106994629, 20.44322395324707, 19.37673568725586, 20.102008819580078, 21.025253295898438, 21.455013275146484, 21.771944046020508, 25.672687530517578, 24.30043601989746, 26.08907699584961, 23.78636932373047, 26.102418899536133, 24.144588470458984, 24.391550064086914, 26.514015197753906, 25.4179630279541, 24.487667083740234, 28.358476638793945, 29.943510055541992, 28.543922424316406, 30.86436653137207, 38.87985610961914, 39.772499084472656, 34.079498291015625, 33.061805725097656, 27.370357513427734, 10.284975051879883, 11.214303016662598, 58.58675765991211, 59.85377502441406, 29.07074737548828, 50.649051666259766, 34.87869644165039, 36.30872344970703, 53.796875, 70.44515991210938, 42.54365921020508, 45.87188720703125, 42.069114685058594, 16.84015655517578, 54.83306884765625, 20.820415496826172, 25.05528450012207], "best_loss": 2.3096052277088166, "neuron_loss": [27.820735931396484, 6.415427427887916, 2.731116932630539, 2.3365098053216933, 2.2084471976757047, 2.1526984483003617, 2.1260822361707685, 2.1120672887563705, 2.1090126669406892, 2.094764198064804, 2.0930127543210983, 2.0994608974456788, 2.096762617826462, 2.101657261252403, 2.0983731138706205, 2.0931813740730285, 2.1002655428647996, 2.0997844302654265, 2.093040068745613, 2.097379729747772, 2.098721854686737, 2.098040987253189, 2.095444176197052, 2.0981179016828535, 2.0961669570207597, 2.096279186606407, 2.1064976900815964, 2.097467646598816, 2.1145644223690034, 2.12376800596714, 2.2521805429458617, 2.2767830020189286, 2.1944119429588316, 2.1612179827690126, 2.5795694535970686, 3.1433811455965044, 2.6724362647533417, 2.9985139590501784, 3.0059721541404723, 2.7640911710262297, 1.2307577708363533, 1.526919360458851, 1.331182055771351, 1.0985640500485898, 1.812585983276367, 1.664746254682541, 1.6366112625598908, 5.790764461457729, 2.469966830909252, 1.9580962225794791, 2.1312539383769034, 1.946837500333786], "trial_loss": [1.3816858530044556, 1.0684110128879547, 0.899721202403307, 0.8797484780848026, 0.8763367387652398, 0.8740345549583435, 0.8648123854398727, 0.8587062685191631, 0.8538510054349899, 0.8481542818248272, 0.8429715666174888, 0.8392926062643528, 0.8351596397161484, 0.832665941119194, 0.8298010897636413, 0.826306439936161, 0.825455692410469, 0.8267407189309597, 0.8240876173973084, 0.8243218672275543, 0.8234267142415047, 0.8225791244208813, 0.8223064744472504, 0.8236951491236687, 0.8229803878068924, 0.8231024098396301, 0.8242787028849125, 0.8220874708890915, 0.8259070079028606, 0.8273321355879307, 0.8234330858290195, 0.833449047356844, 0.8346545459330081, 0.8328934398293495, 0.8992595389485359, 0.9495043985545635, 0.9626899446547031, 0.9592953938245773, 0.9545791870355607, 0.9457451090216636, 0.8824941018223762, 0.8957332724332809, 0.8773940546810627, 0.8238576430082322, 0.8681170277297496, 0.9185502576828003, 0.9300461310148239, 0.9621636922657489, 0.92708704829216, 0.9437757681310177, 0.9684951990842819, 0.9026937039196491], "tm_mle_loss": [0.0, 0.0, 0.0, 0.0, 0.0, 0.0, 0.0, 0.0, 0.0, 0.0, 0.0, 0.0, 0.0, 0.0, 0.0, 0.0, 0.0, 0.0, 0.0, 0.0, 0.0, 0.0, 0.0, 0.0, 0.0, 0.0, 0.0, 0.0, 0.0, 0.0, 0.0, 0.0, 0.0, 0.0, 0.0, 0.0, 0.0, 0.0, 0.0, 0.0, 0.0, 0.0, 0.0, 0.0, 0.0, 0.0, 0.0, 0.0, 0.0, 0.0, 0.0, 0.0], "fr_loss": [24.623947143554688, 6.285431101620198, 0.9751727837324142, 0.4634058491140604, 0.3096642513945699, 0.244894293025136, 0.21492765307426454, 0.2058546906337142, 0.2006048796698451, 0.19837527170777322, 0.19478359032422304, 0.1946912782266736, 0.1937043423950672, 0.1932004426419735, 0.19318511191755533, 0.18900916598737239, 0.1880073145776987, 0.1893223190680146, 0.1895062755048275, 0.18990644335746765, 0.19190180264413356, 0.19545490834861995, 0.19547539714723824, 0.19643508322536946, 0.1965365758910775, 0.2022818947210908, 0.20866962123662233, 0.20248267028480768, 0.23091073248535396, 0.21777814015746116, 0.3557604903355241, 0.5205475933849811, 0.3923001775145531, 0.28356761921197177, 1.631034342199564, 2.0553391978144644, 2.4293173545598985, 2.9750353652238846, 4.240277329087258, 3.7117721217870714, 0.7411791779100895, 1.2500201450288295, 1.001757695749402, 0.387183533385396, 1.0321968907117844, 1.7116189354658127, 1.9033625283837319, 9.74572562456131, 4.178762574791908, 3.8389316141605376, 4.5746900588274, 3.504713395833969], "cross_corr_loss": [0.0, 0.0, 0.0, 0.0, 0.0, 0.0, 0.0, 0.0, 0.0, 0.0, 0.0, 0.0, 0.0, 0.0, 0.0, 0.0, 0.0, 0.0, 0.0, 0.0, 0.0, 0.0, 0.0, 0.0, 0.0, 0.0, 0.0, 0.0, 0.0, 0.0, 0.0, 0.0, 0.0, 0.0, 0.0, 0.0, 0.0, 0.0, 0.0, 0.0, 0.0, 0.0, 0.0, 0.0, 0.0, 0.0, 0.0, 0.0, 0.0, 0.0, 0.0, 0.0], "t_trial_pearson": [0.1737232506275177, 0.18844934049993753, 0.3158848308771849, 0.3368475192040205, 0.3386778137087822, 0.3371611777693033, 0.3442557034641504, 0.3430770839750767, 0.3538639376312494, 0.3610087000578642, 0.3712871516495943, 0.37965770699083806, 0.38620548509061337, 0.39296846114099027, 0.39399538725614547, 0.4048902463912964, 0.4080984356254339, 0.404524497538805, 0.4074419606477022, 0.41108482420444487, 0.41106156893074514, 0.41389254696667194, 0.4145654699206352, 0.4259425608068705, 0.412131128385663, 0.41706912249326705, 0.4121843184530735, 0.41378171093761923, 0.41263924084603787, 0.4128663676977158, 0.4206331969052553, 0.4017151375859976, 0.4022926948219538, 0.40534142553806307, 0.31499900594353675, 0.2422218905761838, 0.21917871411889792, 0.23068437069654465, 0.2513430953025818, 0.24857503481209278, 0.3352672266380866, 0.3413077571243048, 0.36113037943840026, 0.42084923535585406, 0.3787166898697615, 0.34526046939194205, 0.27871478952467443, 0.26082472525537015, 0.27721088353544476, 0.2365773827955127, 0.21631784044206143, 0.30789588995277883], "trial_type_accuracy": [0.25, 0.25, 0.25, 0.5, 0.25, 0.25, 0.25, 0.25, 0.25, 0.25, 0.25, 0.25, 0.25, 0.25, 0.25, 0.25, 0.25, 0.25, 0.25, 0.25, 0.25, 0.25, 0.25, 0.25, 0.25, 0.25, 0.5, 0.5, 0.25, 0.5, 0.5, 0.75, 0.25, 0.25, 0.25, 0.25, 0.25, 0.25, 0.25, 0.25, 0.5, 0.25, 0.75, 0.5, 0.0, 0.25, 0.25, 0.25, 0.25, 0.25, 0.25, 0.5], "opto_hit_rate": [],