{"valid_accuracy": [], "total_train_loss": [51.76813888549805, 13.283340977430344, 3.6838374453783036, 2.56455670773983, 2.2689792138338087, 2.1504826337099074, 2.0958050018548966, 2.062163052558899, 2.030838724374771, 2.019959972202778, 2.015531941652298, 2.0157188802957533, 2.0116934430599214, 2.0011179718375205, 1.9920622363686562, 2.040087500810623, 2.14055165797472, 2.1647763362526895, 2.072191222012043, 2.3146506184339524, 2.6972437328100205, 2.315464891195297, 2.284265164732933, 2.1656714379787445, 2.1222146052122115, 2.0945223391056063, 2.0178242734074594, 2.013457123339176, 2.033394922912121, 2.0099086382985116, 2.013416334092617, 1.9994930782914162, 2.0026811346411706, 1.9948205012083053, 1.9616238948702813, 1.9689504626393317, 2.042895194888115, 2.0560302916169166, 2.313955960869789, 2.35658976316452, 2.510477424860001, 2.091436906456947, 2.0462097629904745, 2.602582732141018, 2.1069474458694457, 2.0784501048922537, 2.0011505669355394, 2.22574191570282, 2.0203353074193, 2.12201487660408, 2.219539371728897, 2.1337121245265007], "train_loss": [], "train_acc": [], "step_at_epoch": [], "dt_forward": [], "dt_backward": [], "dt_step": [], "best_acc": -1, "best_acc_epoch": null, "best_acc_step": null, "test_loss": [48.282875061035156, 8.963451385498047, 11.441864967346191, 15.120433807373047, 15.93832778930664, 17.835098266601562, 20.607473373413086, 18.894441604614258, 19.305356979370117, 20.452144622802734, 18.216400146484375, 20.10320281982422, 20.779207229614258, 24.51996612548828, 22.606788635253906, 22.493022918701172, 27.818147659301758, 22.08308219909668, 24.139019012451172, 19.929475784301758, 20.735387802124023, 27.84637451171875, 25.811609268188477, 27.752777099609375, 25.923812866210938, 22.069202423095703, 31.595117568969727, 30.069889068603516, 22.7198429107666, 25.092161178588867, 29.186304092407227, 24.10095977783203, 23.801616668701172, 33.45882034301758, 29.98604393005371, 31.01172637939453, 24.85131072998047, 28.38691520690918, 32.7883415222168, 24.87209701538086, 27.85187530517578, 31.99358558654785, 29.27132225036621, 31.420530319213867, 31.02006721496582, 29.912626266479492, 29.964527130126953, 33.79582595825195, 33.2548942565918, 32.66445541381836, 36.114585876464844, 33.456642150878906], "best_loss": 1.9616238948702813, "neuron_loss": [25.786293029785156, 4.790520404577255, 1.6481786313652993, 1.2206935614347458, 1.1060260653495788, 1.0535629919171334, 1.0252817657589912, 1.006620481312275, 0.9921642747521401, 0.9847312453389168, 0.9781312629580498, 0.9711780406534671, 0.9697403155267239, 0.967161275446415, 0.9616800580918788, 0.9725899976491929, 0.9924841395020485, 0.9996704240143299, 0.96612323731184, 1.0315223827958107, 1.264847440123558, 1.051032942533493, 1.0134033478796483, 0.9816921079158782, 0.9739532081782818, 0.9673704515397549, 0.9480455134809017, 0.9480750842392445, 0.954014887958765, 0.9428280164301396, 0.9458797492086888, 0.9395379680395126, 0.9397407500445842, 0.936562380194664, 0.9280059000849724, 0.927118017822504, 0.9493599493801593, 0.9594069488346577, 1.0047137467563152, 1.0346832869946956, 1.0528837776184081, 0.9531820869445801, 0.9544080500304699, 1.0787281143665313, 0.9540212938189506, 0.9532618215680122, 0.9360373027622699, 0.9881127953529358, 0.9369812744855881, 0.9667934688925743, 0.9809096892178059, 0.9630347518622875], "trial_loss": [1.386905550956726, 1.0906477408111095, 0.8873087830841542, 0.8540683270990849, 0.846214248239994, 0.8430611471831798, 0.8419319823384285, 0.8367342354357242, 0.8254686439037323, 0.8203695820271969, 0.818769415318966, 0.8172714304924011, 0.8166883628070355, 0.8145917285978794, 0.8109428974986076, 0.8091355967521667, 0.8153416605293751, 0.8143246783316136, 0.8074822978675366, 0.8220247822999954, 0.8340245822072029, 0.8155975177884102, 0.8177821090817452, 0.8142709843814373, 0.8107387228310108, 0.8090633207559585, 0.8046298879384994, 0.806692841053009, 0.8054760606586933, 0.8060464619100094, 0.8064569008350372, 0.8044355484843254, 0.8029993897676468, 0.8048158924281598, 0.8043198801577092, 0.7998625496029854, 0.8004977852106094, 0.8083768370747566, 0.805563357770443, 0.8178838466107845, 0.8077787479758263, 0.8055811685323715, 0.8056242087483406, 0.8130238716304302, 0.8036486060917377, 0.8018642497062684, 0.8011559501290322, 0.8037641060352325, 0.8002666310966015, 0.7993991024792194, 0.8041615968942643, 0.8004536221921444], "tm_mle_loss": [0.0, 0.0, 0.0, 0.0, 0.0, 0.0, 0.0, 0.0, 0.0, 0.0, 0.0, 0.0, 0.0, 0.0, 0.0, 0.0, 0.0, 0.0, 0.0, 0.0, 0.0, 0.0, 0.0, 0.0, 0.0, 0.0, 0.0, 0.0, 0.0, 0.0, 0.0, 0.0, 0.0, 0.0, 0.0, 0.0, 0.0, 0.0, 0.0, 0.0, 0.0, 0.0, 0.0, 0.0, 0.0, 0.0, 0.0, 0.0, 0.0, 0.0, 0.0, 0.0], "fr_loss": [24.594940185546875, 7.402172803580761, 1.148350019156933, 0.48979481182992457, 0.316738899089396, 0.2538584964722395, 0.2285912533849478, 0.2188083327934146, 0.21320580959320068, 0.21485914379358292, 0.2186312671378255, 0.22726940926164388, 0.22526477053761482, 0.2193649686872959, 0.21943928189575673, 0.2583619023859501, 0.3327258588373661, 0.3507812364771962, 0.29858568210154773, 0.4611034498363733, 0.5983717050403357, 0.4488344294577837, 0.45307970456779, 0.3697083353623748, 0.3375226731970906, 0.31808856666088103, 0.265148865506053, 0.25868919856846334, 0.27390397381037473, 0.26103416506201027, 0.2610796808823943, 0.25551956169307233, 0.2599409881606698, 0.2534422318637371, 0.22929811406880618, 0.24196988686919213, 0.2930374618992209, 0.2882465110719204, 0.5036788614839316, 0.5040226279199124, 0.6498149001598358, 0.3326736518740654, 0.2861775055155158, 0.710830748938024, 0.3492775462195277, 0.32332403246313335, 0.26395731046795845, 0.4338650120794773, 0.2830873942002654, 0.35582230411469934, 0.4344680889695883, 0.3702237538993359], "cross_corr_loss": [0.0, 0.0, 0.0, 0.0, 0.0, 0.0, 0.0, 0.0, 0.0, 0.0, 0.0, 0.0, 0.0, 0.0, 0.0, 0.0, 0.0, 0.0, 0.0, 0.0, 0.0, 0.0, 0.0, 0.0, 0.0, 0.0, 0.0, 0.0, 0.0, 0.0, 0.0, 0.0, 0.0, 0.0, 0.0, 0.0, 0.0, 0.0, 0.0, 0.0, 0.0, 0.0, 0.0, 0.0, 0.0, 0.0, 0.0, 0.0, 0.0, 0.0, 0.0, 0.0], "t_trial_pearson": [0.17042267322540283, 0.18551802832633257, 0.3465699914842844, 0.3902776539325714, 0.3987361835688353, 0.40065749958157537, 0.39935904532670974, 0.39819300688803194, 0.40717439077794554, 0.4227037444710732, 0.41921717666089536, 0.42445145547389984, 0.42157212890684603, 0.42555862829089164, 0.4323263607919216, 0.43769301652908327, 0.4192528235912323, 0.4264515555649996, 0.43358333967626095, 0.415689869299531, 0.4079348500818014, 0.4318036196380854, 0.4206144195050001, 0.4245003775507212, 0.4294975834339857, 0.43376253962516786, 0.43821560420095923, 0.43788089089095594, 0.4392303705960512, 0.4381507930904627, 0.4402237360179424, 0.4417807800322771, 0.44458415903151033, 0.43871247813105585, 0.43977469868957997, 0.4496548482775688, 0.4445892395824194, 0.43288587898015973, 0.4386290517449379, 0.41545826837420463, 0.426440867036581, 0.44424036964774133, 0.4404751617461443, 0.42838428899645803, 0.4464807268232107, 0.44898437269032, 0.4470737511664629, 0.44318629190325737, 0.4470624949038029, 0.44531079173088073, 0.4431526682525873, 0.44216461025178433], "trial_type_accuracy": [0.25, 0.25, 0.25, 0.0, 0.0, 0.25, 0.25, 0.5, 0.25, 0.5, 0.5, 0.0, 0.25, 0.5, 0.5, 0.5, 0.75, 0.5, 0.25, 0.5, 0.5, 0.75, 0.25, 0.5, 0.75, 0.25, 1.0, 1.0, 0.5, 0.5, 0.75, 0.5, 0.25, 0.5, 0.75, 0.75, 0.5, 0.75, 0.5, 0.25, 0.75, 0.75, 0.5, 0.75, 0.75, 0.75, 0.5, 0.75, 0.75, 0.25, 0.5, 0.75], "opto_hit_rate": [],