{"valid_accuracy": [], "total_train_loss": [443.9287414550781, 19.869965440034868, 5.151513226032257, 4.4383827447891235, 4.225875604152679, 4.155975505113601, 4.137736741304398, 4.084712300300598, 4.015575088858604, 3.979356353878975, 3.9214067071676255, 3.891076776981354, 3.840622153878212, 3.812017528414726, 3.800205699801445, 3.7792885065078736, 3.7825060689449312, 3.785879301428795, 3.7793856364488603, 3.799546493887901, 3.802260136604309, 3.822938493490219, 3.8468969798088075], "train_loss": [], "train_acc": [], "step_at_epoch": [], "dt_forward": [], "dt_backward": [], "dt_step": [], "best_acc": -1, "best_acc_epoch": null, "best_acc_step": null, "test_loss": [382.4827575683594, 5.774497032165527, 4.674054145812988, 4.284343719482422, 4.133558750152588, 4.20278263092041, 4.293361186981201, 4.140993595123291, 3.966839075088501, 3.892548084259033, 3.8523898124694824, 3.8080039024353027, 3.8157541751861572, 3.7487680912017822, 3.791154623031616, 3.7584023475646973, 3.6575300693511963, 3.8243157863616943, 3.6867616176605225, 3.8762824535369873, 4.031660079956055, 3.7476634979248047, 4.156795501708984], "best_loss": 3.6575300693511963, "neuron_loss": [200.06906127929688, 8.61939343303442, 1.1186985984444617, 0.9200592228770256, 0.85977787733078, 0.8186778476834298, 0.7587587942183017, 0.713420933932066, 0.6760296112298966, 0.6502336254715919, 0.6245468932390214, 0.6158187972009181, 0.6101354339718819, 0.6095237831771374, 0.6063890394568443, 0.605273420214653, 0.6085419516265392, 0.6099167916178704, 0.6158242347836494, 0.6269511206448078, 0.631155686378479, 0.6370377439260483, 0.6374647632241249], "trial_loss": [243.85968017578125, 11.250571930408478, 4.032814627289772, 3.518323516845703, 3.366097722053528, 3.337297662496567, 3.3789779525995254, 3.371291354894638, 3.339545477628708, 3.3291227304935456, 3.2968598127365114, 3.275257983803749, 3.230486722588539, 3.2024937504529953, 3.1938166666030883, 3.1740150833129883, 3.173964119553566, 3.175962508916855, 3.163561398983002, 3.1725953722000124, 3.17110445022583, 3.1859007489681246, 3.209432215690613], "tm_mle_loss": [0.0, 0.0, 0.0, 0.0, 0.0, 0.0, 0.0, 0.0, 0.0, 0.0, 0.0, 0.0, 0.0, 0.0, 0.0, 0.0, 0.0, 0.0, 0.0, 0.0, 0.0, 0.0, 0.0], "fr_loss": [0.0, 0.0, 0.0, 0.0, 0.0, 0.0, 0.0, 0.0, 0.0, 0.0, 0.0, 0.0, 0.0, 0.0, 0.0, 0.0, 0.0, 0.0, 0.0, 0.0, 0.0, 0.0, 0.0], "cross_corr_loss": [0.0, 0.0, 0.0, 0.0, 0.0, 0.0, 0.0, 0.0, 0.0, 0.0, 0.0, 0.0, 0.0, 0.0, 0.0, 0.0, 0.0, 0.0, 0.0, 0.0, 0.0, 0.0, 0.0], "t_trial_pearson": [0.07387589663267136, 0.39631751595064996, 0.5542309150099755, 0.6198337285220623, 0.6328193627297878, 0.6433687345683574, 0.6452386498451232, 0.6521831695735455, 0.653563592582941, 0.6518031468987465, 0.655471249371767, 0.6599362654983998, 0.66153768658638, 0.6644964636862278, 0.6665556159615517, 0.6754116243124009, 0.6735391993820667, 0.6720098119974136, 0.6760509027540684, 0.6771258635818959, 0.6794229663908482, 0.6818861170113086, 0.6768606975674629], "trial_type_accuracy": [0.0, 0.0, 0.0, 0.0, 1.0, 1.0, 1.0, 1.0, 0.0, 0.0, 0.0, 0.0, 0.0, 0.0, 0.0, 0.0, 0.0, 1.0, 0.0, 1.0, 1.0, 1.0, 1.0], "opto_hit_rate": [], "t_trial_pearson_ratio": [0.09028588980436325, 0.6837138533592224, 0.7879654765129089, 0.8604642748832703, 0.8769862651824951, 0.8786764144897461, 0.8638290166854858, 0.8868533372879028, 0.8755455017089844, 0.877460241317749, 0.8941348195075989, 0.8983395099639893, 0.8746925592422485, 0.9029029607772827, 0.8837910294532776, 0.8965182900428772, 0.9171546697616577, 0.9175907373428345, 0.9183505177497864, 0.9219143986701965, 0.9107698202133179, 0.9318704009056091, 0.9057177305221558], "data_loss": [443.9287414550781, 19.869965440034868, 5.151513226032257, 4.4383827447891235, 4.225875604152679, 4.155975505113601, 4.137736741304398, 4.084712300300598, 4.015575088858604, 3.979356353878975, 3.9214067071676255, 3.891076776981354, 3.840622153878212, 3.812017528414726, 3.800205699801445, 3.7792885065078736, 3.7825060689449312, 3.785879301428795, 3.7793856364488603, 3.799546493887901, 3.802260136604309, 3.822938493490219, 3.8468969798088075]}