{"valid_accuracy": [], "total_train_loss": [53.70189666748047, 14.380260789394379, 4.814880142807961, 3.7261793893575668, 3.412684184908867, 3.289250867366791, 3.23710874915123, 3.2101111048460007, 3.2018265837430953, 3.188202270269394, 3.184738622903824, 3.2056404656171797, 3.2374356693029402, 3.3568947184085847, 3.4379867625236513, 3.252652107477188, 3.2467207449674604, 3.283088907599449, 3.244678195118904, 3.272491642832756, 3.2624566239118575, 3.307754237651825, 3.2916916942596437, 3.2774804085493088, 3.256257248520851, 3.224245800971985, 3.2391357719898224, 3.270169709920883, 3.2111907237768174, 3.2614784306287765, 3.2353981232643125, 3.225053206682205, 2.1323577010631563, 2.04047949641943, 2.0769646635651586, 2.0721529388427733, 2.1305160319805143, 2.080783414840698, 2.1650846710801126, 2.100004435479641, 2.0659745466709136, 2.050763955116272, 2.083096880018711, 2.0124142175912856, 1.9964891609549522, 1.9621503654122352, 1.9691611802577973, 2.0849873659014704, 2.016508124768734, 1.9846795102953911, 1.972099489569664, 2.0060798159241675], "train_loss": [], "train_acc": [], "step_at_epoch": [], "dt_forward": [], "dt_backward": [], "dt_step": [], "best_acc": -1, "best_acc_epoch": null, "best_acc_step": null, "test_loss": [104.4426498413086, 8.057548522949219, 12.702216148376465, 14.234644889831543, 17.65096664428711, 18.345829010009766, 19.499643325805664, 17.483055114746094, 21.032493591308594, 25.565624237060547, 24.228635787963867, 21.383596420288086, 19.43362045288086, 33.25648498535156, 26.299863815307617, 25.72173309326172, 28.09589385986328, 27.988264083862305, 27.162399291992188, 27.499893188476562, 27.864606857299805, 27.632122039794922, 42.38404083251953, 38.1051139831543, 33.889808654785156, 28.1638126373291, 31.989564895629883, 31.8377742767334, 26.562620162963867, 24.654191970825195, 25.5412654876709, 21.82849884033203, 28.394119262695312, 28.908187866210938, 28.980478286743164, 34.24327850341797, 42.57001495361328, 26.241926193237305, 34.41770553588867, 34.249977111816406, 36.762550354003906, 29.787431716918945, 32.55550765991211, 31.482316970825195, 29.542255401611328, 27.68576431274414, 24.947050094604492, 29.342973709106445, 40.05908966064453, 28.344268798828125, 28.083572387695312, 26.987064361572266], "best_loss": 1.9621503654122352, "neuron_loss": [27.265817642211914, 6.629540854096413, 2.791295667886734, 2.339687517285347, 2.2021209466457368, 2.148824874162674, 2.1302514666318895, 2.124564415216446, 2.128167020082474, 2.1263394236564634, 2.1281581354141235, 2.1376526093482973, 2.137151752114296, 2.209534751176834, 2.240514568686485, 2.143153723478317, 2.1411932253837587, 2.1735891234874725, 2.145247629880905, 2.146212533712387, 2.14661936044693, 2.1666489100456237, 2.1641663587093354, 2.1371567815542223, 2.1453745299577713, 2.1341122967004775, 2.141262671351433, 2.1335034066438676, 2.11835625231266, 2.131403707265854, 2.132930445075035, 2.1180932319164274, 1.0109110206365586, 0.9686753395199775, 0.9791979719698429, 0.9793266603350639, 0.9977487426996231, 0.9686971262097359, 0.9838129886984825, 0.9693582962453365, 0.9688334712386131, 0.9569270089268684, 0.9661619587242604, 0.9460904076695442, 0.9434657672047615, 0.935448937267065, 0.9370453022420406, 0.9785488338768482, 0.9476007607579231, 0.9390850219130517, 0.9360495826601982, 0.9521501536667347], "trial_loss": [1.3721907138824463, 1.0818407747149468, 0.8967131075263023, 0.878309161067009, 0.8728901581466197, 0.8699621741473674, 0.8649950663745404, 0.8548548847436905, 0.8461480593681335, 0.8377080975472927, 0.8340817467868328, 0.8333469951152801, 0.832179250717163, 0.8339086508750916, 0.8357449205219746, 0.8268773393332958, 0.825968948751688, 0.8245526403188705, 0.8217332945764064, 0.8243563114106656, 0.8216156862676144, 0.8253961385786533, 0.8221216985583305, 0.8259281443059444, 0.8203390321135521, 0.822180598527193, 0.8199621798098087, 0.8260306051373482, 0.8203049246966839, 0.8206064134836197, 0.8224387538433074, 0.8212566813826561, 0.8110803663730621, 0.8039128364622593, 0.8043630668520927, 0.8046958987414837, 0.8078020721673965, 0.80161829829216, 0.8100569447875023, 0.8003648018836975, 0.8017796598374843, 0.7987329167127609, 0.8028785036504269, 0.7988735499978066, 0.7972256807982921, 0.7964260984957218, 0.7966791605949402, 0.8029868033528328, 0.7974243178963661, 0.795338179320097, 0.795104810744524, 0.8024257372319699], "tm_mle_loss": [0.0, 0.0, 0.0, 0.0, 0.0, 0.0, 0.0, 0.0, 0.0, 0.0, 0.0, 0.0, 0.0, 0.0, 0.0, 0.0, 0.0, 0.0, 0.0, 0.0, 0.0, 0.0, 0.0, 0.0, 0.0, 0.0, 0.0, 0.0, 0.0, 0.0, 0.0, 0.0, 0.0, 0.0, 0.0, 0.0, 0.0, 0.0, 0.0, 0.0, 0.0, 0.0, 0.0, 0.0, 0.0, 0.0, 0.0, 0.0, 0.0, 0.0, 0.0, 0.0], "fr_loss": [25.06389045715332, 6.668879162073136, 1.1268713673949242, 0.5081827168911696, 0.33767308548092845, 0.2704638244211674, 0.24186221919953824, 0.23069180592894553, 0.2275114956498146, 0.2241547430306673, 0.22249873794615269, 0.23464086458086966, 0.2681046696379781, 0.3134513109177351, 0.3617272717133164, 0.28262104399502275, 0.27955857533961537, 0.28494715359061956, 0.27769726917147636, 0.301922800578177, 0.2942215710878372, 0.3157091912254691, 0.3054036406800151, 0.31439549196511507, 0.29054368831217287, 0.2679529022425413, 0.27791092105209825, 0.31063569817692044, 0.272529549151659, 0.30946831274777653, 0.28002893246710303, 0.285703297406435, 0.3103663197159767, 0.26789131615310907, 0.29340362280607224, 0.28813037868589164, 0.3249652171507478, 0.3104679798707366, 0.37121473629027607, 0.33028133686631916, 0.2953614139556885, 0.29510403104126454, 0.3140564150363207, 0.2674502547085285, 0.25579771779477595, 0.23027532249689103, 0.23543671827763318, 0.30345172740519044, 0.2714830430224538, 0.2502563092857599, 0.24094510022550822, 0.2515039241686463], "cross_corr_loss": [0.0, 0.0, 0.0, 0.0, 0.0, 0.0, 0.0, 0.0, 0.0, 0.0, 0.0, 0.0, 0.0, 0.0, 0.0, 0.0, 0.0, 0.0, 0.0, 0.0, 0.0, 0.0, 0.0, 0.0, 0.0, 0.0, 0.0, 0.0, 0.0, 0.0, 0.0, 0.0, 0.0, 0.0, 0.0, 0.0, 0.0, 0.0, 0.0, 0.0, 0.0, 0.0, 0.0, 0.0, 0.0, 0.0, 0.0, 0.0, 0.0, 0.0, 0.0, 0.0], "t_trial_pearson": [0.1709672510623932, 0.18616206668317317, 0.3234084265306592, 0.34395279601216316, 0.34113598927855493, 0.34269801050424575, 0.35566418878734113, 0.36970359183847906, 0.38095885396003726, 0.3795935005694628, 0.3886243050545454, 0.38770286940038207, 0.397141817137599, 0.39726665779948234, 0.3979356247931719, 0.4103614554554224, 0.4105923917144537, 0.40852765515446665, 0.4157335142046213, 0.40870365135371683, 0.4193696326762438, 0.4134283609688282, 0.4154718443006277, 0.4113659866899252, 0.41719854667782785, 0.41051744066178797, 0.42082241967320444, 0.4119007886201143, 0.4182952503114939, 0.41205113954842093, 0.41938148453831675, 0.41518303625285624, 0.4382900358618373, 0.4442957179248333, 0.4387170831859112, 0.4382226759195328, 0.43878515645861627, 0.4461776055395603, 0.4290290649980307, 0.4485978428274393, 0.44358527824282645, 0.44621361173689367, 0.44111986286938193, 0.44909576334059237, 0.4523403713107109, 0.4519151707738638, 0.4466126988083124, 0.43926890432834625, 0.4471077082306147, 0.4490410275757313, 0.45033671252429486, 0.43906445607542993], "trial_type_accuracy": [0.25, 0.25, 0.5, 0.5, 0.5, 0.5, 0.5, 0.5, 0.25, 0.25, 0.5, 0.25, 0.5, 0.75, 0.5, 0.25, 0.25, 1.0, 0.75, 0.75, 0.5, 0.25, 0.25, 0.5, 0.25, 0.75, 0.25, 0.5, 0.5, 0.5, 0.25, 0.5, 0.75, 0.25, 0.5, 0.75, 0.5, 0.5, 0.5, 0.75, 0.75, 0.5, 0.75, 0.75, 0.75, 0.5, 0.5, 0.25, 0.75, 0.75, 0.75, 0.0], "opto_hit_rate": [],