{"valid_accuracy": [], "total_train_loss": [53.185855865478516, 4.665485969185829, 3.8019298130273818, 3.55880331158638, 6.654394358992577, 3.588831377029419, 3.2935041546821595, 3.3000736743211747, 3.502973981499672, 3.860693185925484, 3.677985183596611, 3.793824896812439, 6.815975186824798, 3.5412633353471756, 3.416531879901886, 3.3220342618227003, 3.257731354236603, 3.2682622677087783, 3.437054610848427, 3.4685586434602738, 3.2453153306245803, 3.295044528245926, 3.439082554578781, 3.2913035029172897, 3.4275037562847137, 3.6476804608106614, 3.2302177119255067, 3.312304838895798, 3.153481812477112, 3.2071572089195253, 3.317102108001709, 3.339786387681961, 3.189759267568588, 3.5805419313907625, 3.367751373052597, 3.312165339589119, 3.2588747370243074, 3.306791780591011, 3.5824116110801696, 3.3913312876224517, 3.2451801431179046, 3.4965224820375442, 3.310596551299095, 3.3359109216928484, 3.222576912641525, 3.707123964428902, 3.6552358120679855, 3.3005451840162277, 3.3601634353399277, 3.281102954149246, 2.2164002385735513, 2.230546052753925], "train_loss": [], "train_acc": [], "step_at_epoch": [], "dt_forward": [], "dt_backward": [], "dt_step": [], "best_acc": -1, "best_acc_epoch": null, "best_acc_step": null, "test_loss": [43.05738830566406, 8.081441879272461, 15.289822578430176, 16.642986297607422, 22.816205978393555, 25.12326431274414, 24.019023895263672, 20.43269157409668, 34.74106979370117, 25.16930389404297, 30.931447982788086, 31.364551544189453, 23.417499542236328, 21.074512481689453, 22.13003921508789, 21.310518264770508, 24.4584903717041, 21.0235538482666, 24.119138717651367, 19.173965454101562, 24.433937072753906, 25.589004516601562, 26.747865676879883, 22.53472328186035, 23.980648040771484, 24.147214889526367, 20.11823844909668, 19.10892105102539, 19.184768676757812, 23.620054244995117, 21.972843170166016, 27.048479080200195, 19.83835792541504, 32.32827377319336, 22.26835823059082, 23.997838973999023, 26.139970779418945, 24.223527908325195, 23.662841796875, 18.649478912353516, 22.034141540527344, 20.301555633544922, 12.946981430053711, 19.809280395507812, 18.48430061340332, 26.916152954101562, 21.350141525268555, 21.50811004638672, 18.442546844482422, 15.390003204345703, 28.534961700439453, 22.855546951293945], "best_loss": 2.2164002385735513, "neuron_loss": [26.874664306640625, 2.8442804992198942, 2.4104793816804886, 2.2892244839668274, 3.2250353336334228, 2.2815616470575333, 2.1639989709854124, 2.2031908059120178, 2.2467680197954176, 2.3121930503845216, 2.293372644782066, 2.3179620403051375, 2.2902812373638155, 2.214668678641319, 2.219929746389389, 2.1661535996198653, 2.1525714981555937, 2.1529482185840605, 2.2472855001688004, 2.2428970235586165, 2.1557299983501435, 2.182970077991486, 2.2944874852895736, 2.1817863219976426, 2.241352760195732, 2.2714353823661804, 2.1551020663976668, 2.174409558176994, 2.1155928379297255, 2.135930647850037, 2.1531074699759483, 2.1653318947553633, 2.110845209360123, 2.2103068390488625, 2.1521001544594767, 2.1655247408151626, 2.122166758775711, 2.137716009914875, 2.2110891649127007, 2.1691456896066668, 2.102610456645489, 2.2341275665163995, 2.1437204685807227, 2.161917362511158, 2.1190747508406638, 2.2640667673945427, 2.2384689900279047, 2.1401561337709425, 2.1506443452835082, 2.1116436013579367, 0.9846294213831425, 1.0356913436949253], "trial_loss": [1.3930354118347168, 0.9366554345190525, 0.8954234218597412, 0.86672877445817, 0.9050431995093823, 0.8620756684243679, 0.8427996900677681, 0.8242573443055153, 0.8156728123128414, 0.8139299188554286, 0.8031072349846363, 0.8209570269286632, 0.8102873620390892, 0.8049129377305507, 0.79450089558959, 0.7930306412279606, 0.7849001497030258, 0.7854638221859932, 0.7933397871255875, 0.7818192911148071, 0.7906058640778064, 0.7891404162347316, 0.7854722741246224, 0.7880786482989788, 0.8034468261897564, 0.7978404393792152, 0.7808662565052509, 0.7812373927235603, 0.7776338593661785, 0.7833132828772068, 0.7874382455646992, 0.7833271676301956, 0.7800767740607262, 0.7892429175972938, 0.7899771690368652, 0.7772078043222428, 0.7754282699525357, 0.7808468355238438, 0.7814987306296826, 0.7784409941732884, 0.7798955097794533, 0.7798293237388134, 0.7835290788114071, 0.7823918437957764, 0.7738951002061367, 0.7979074083268642, 0.7950945158302783, 0.7752575109899044, 0.7757726781070232, 0.7773926684260368, 0.7586258931457996, 0.7590838338434697], "tm_mle_loss": [0.0, 0.0, 0.0, 0.0, 0.0, 0.0, 0.0, 0.0, 0.0, 0.0, 0.0, 0.0, 0.0, 0.0, 0.0, 0.0, 0.0, 0.0, 0.0, 0.0, 0.0, 0.0, 0.0, 0.0, 0.0, 0.0, 0.0, 0.0, 0.0, 0.0, 0.0, 0.0, 0.0, 0.0, 0.0, 0.0, 0.0, 0.0, 0.0, 0.0, 0.0, 0.0, 0.0, 0.0, 0.0, 0.0, 0.0, 0.0, 0.0, 0.0, 0.0, 0.0], "fr_loss": [24.918155670166016, 0.8845500207692385, 0.4960270056128502, 0.40285006068646906, 2.52431582801044, 0.4451940611749887, 0.28670549772679804, 0.27262552846223115, 0.44053313724696636, 0.7345702166855336, 0.58150530166924, 0.6549058239907026, 3.7154065666347744, 0.5216817203909159, 0.402101242467761, 0.36285002805292604, 0.32025970950722693, 0.3298502243682742, 0.39642932239919904, 0.443842331841588, 0.29897946275770665, 0.3229340274631977, 0.3591228000819683, 0.3214385445788503, 0.3827041706442833, 0.5784046494588256, 0.2942493914440274, 0.35665788266807796, 0.2602551234513521, 0.2879132790118456, 0.3765564041212201, 0.39112733092159035, 0.29883728560060263, 0.5809921725839376, 0.4256740576773882, 0.3694328022003174, 0.36127971325069663, 0.388228926807642, 0.5898237103968859, 0.4437446042895317, 0.36267418168485166, 0.4825655930861831, 0.38334700640290975, 0.3916017210111022, 0.3296070693805814, 0.6451497884839773, 0.6216723076254129, 0.3851315413415432, 0.43374640952795745, 0.3920666880533099, 0.47314492605626585, 0.43577087223529815], "cross_corr_loss": [0.0, 0.0, 0.0, 0.0, 0.0, 0.0, 0.0, 0.0, 0.0, 0.0, 0.0, 0.0, 0.0, 0.0, 0.0, 0.0, 0.0, 0.0, 0.0, 0.0, 0.0, 0.0, 0.0, 0.0, 0.0, 0.0, 0.0, 0.0, 0.0, 0.0, 0.0, 0.0, 0.0, 0.0, 0.0, 0.0, 0.0, 0.0, 0.0, 0.0, 0.0, 0.0, 0.0, 0.0, 0.0, 0.0, 0.0, 0.0, 0.0, 0.0, 0.0, 0.0], "t_trial_pearson": [0.16867640614509583, 0.2797017627954483, 0.33319566033780573, 0.3410567257105542, 0.3258728837966919, 0.34093074038624765, 0.3614508341252804, 0.3845818097144365, 0.3983998118340969, 0.4061876056343317, 0.4140286286175251, 0.39942431934177874, 0.4114114863425493, 0.41715189956128595, 0.4347824990004301, 0.4333860814571381, 0.43574944280087946, 0.44014816381037236, 0.4286282381415367, 0.4388025575131178, 0.43349067389965057, 0.44034016408026216, 0.4469662626832724, 0.43603148907423017, 0.4198531610518694, 0.42572059862315653, 0.4494889694452286, 0.4429856277257204, 0.4489339815825224, 0.43661144718527795, 0.43006370767951013, 0.4378525932878256, 0.4360476273298264, 0.4277204575389624, 0.42514529302716253, 0.44888552092015743, 0.4439083015173674, 0.43863869726657867, 0.4360330305993557, 0.43671795204281805, 0.4393968053162098, 0.4400203640758991, 0.4302751435339451, 0.4339904924482107, 0.4530540855973959, 0.4121601404249668, 0.4180729756504297, 0.44734854973852634, 0.4517881727963686, 0.44159443795680997, 0.4702094402307135, 0.4710915499180555], "trial_type_accuracy": [0.25, 0.25, 0.25, 0.25, 0.25, 0.25, 0.25, 0.25, 0.25, 0.25, 0.75, 0.25, 0.25, 0.25, 0.25, 0.25, 0.25, 0.5, 0.25, 0.5, 0.75, 0.5, 0.75, 0.25, 0.75, 0.25, 0.25, 0.25, 0.25, 0.5, 0.5, 0.5, 0.5, 0.5, 0.25, 0.25, 0.75, 0.25, 0.25, 0.25, 0.25, 0.5, 0.25, 0.25, 0.25, 0.25, 0.25, 0.5, 0.25, 0.25, 1.0, 0.75], "opto_hit_rate": [],