{"valid_accuracy": [], "total_train_loss": [200.741455078125, 13.928057262897491, 2.2474537652730944, 1.3792455846071243, 1.0328297705948353, 0.8613076266646386, 0.7653612793982029, 0.7080903816223144, 0.6645663949847221, 0.6325041508674621, 0.6113208672404289, 0.5828039737045765, 0.5684781891107559, 0.560587105602026, 0.5547826080024243, 0.5521286578476429, 0.5477074566483497, 0.5443783292174339, 0.5439185431599617, 0.5419660840928554, 0.5404580667614937, 0.5394445869326592, 0.538509046137333], "train_loss": [], "train_acc": [], "step_at_epoch": [], "dt_forward": [], "dt_backward": [], "dt_step": [], "best_acc": -1, "best_acc_epoch": null, "best_acc_step": null, "test_loss": [173.37583923339844, 3.169971466064453, 1.6699848175048828, 1.1708908081054688, 0.9394949674606323, 0.8179658651351929, 0.7526362538337708, 0.7103745341300964, 0.6804181933403015, 0.6367520689964294, 0.6230005621910095, 0.6005218625068665, 0.5937250256538391, 0.599518895149231, 0.5962003469467163, 0.5897349715232849, 0.5808626413345337, 0.5831717848777771, 0.5981518030166626, 0.5884204506874084, 0.5949786901473999, 0.5828491449356079, 0.5895687937736511], "best_loss": 0.5808626413345337, "neuron_loss": [200.741455078125, 13.928057262897491, 2.2474537652730944, 1.3792455846071243, 1.0328297705948353, 0.8613076266646386, 0.7653612793982029, 0.7080903816223144, 0.6645663949847221, 0.6325041508674621, 0.6113208672404289, 0.5828039737045765, 0.5684781891107559, 0.560587105602026, 0.5547826080024243, 0.5521286578476429, 0.5477074566483497, 0.5443783292174339, 0.5439185431599617, 0.5419660840928554, 0.5404580667614937, 0.5394445869326592, 0.538509046137333], "trial_loss": [0.0, 0.0, 0.0, 0.0, 0.0, 0.0, 0.0, 0.0, 0.0, 0.0, 0.0, 0.0, 0.0, 0.0, 0.0, 0.0, 0.0, 0.0, 0.0, 0.0, 0.0, 0.0, 0.0], "tm_mle_loss": [0.0, 0.0, 0.0, 0.0, 0.0, 0.0, 0.0, 0.0, 0.0, 0.0, 0.0, 0.0, 0.0, 0.0, 0.0, 0.0, 0.0, 0.0, 0.0, 0.0, 0.0, 0.0, 0.0], "fr_loss": [0.0, 0.0, 0.0, 0.0, 0.0, 0.0, 0.0, 0.0, 0.0, 0.0, 0.0, 0.0, 0.0, 0.0, 0.0, 0.0, 0.0, 0.0, 0.0, 0.0, 0.0, 0.0, 0.0], "cross_corr_loss": [0.0, 0.0, 0.0, 0.0, 0.0, 0.0, 0.0, 0.0, 0.0, 0.0, 0.0, 0.0, 0.0, 0.0, 0.0, 0.0, 0.0, 0.0, 0.0, 0.0, 0.0, 0.0, 0.0], "t_trial_pearson": [0.07573264837265015, 0.17343383502215148, 0.28192808710038664, 0.36202203154563906, 0.4125122733414173, 0.4475432950258255, 0.4668786361068487, 0.48119260974228384, 0.49358783416450025, 0.5014415071904659, 0.5080354775488377, 0.5175669600069522, 0.5273790258169174, 0.5269314604997635, 0.5329114021360875, 0.5355589532852173, 0.5399514293670654, 0.5372102463245392, 0.5378626923263073, 0.5357870361208916, 0.5327807720005512, 0.5332184553146362, 0.532094341814518], "trial_type_accuracy": [0.0, 0.0, 0.0, 0.0, 0.0, 0.0, 1.0, 1.0, 1.0, 1.0, 1.0, 1.0, 0.0, 1.0, 1.0, 1.0, 1.0, 1.0, 0.0, 1.0, 1.0, 1.0, 1.0], "opto_hit_rate": [], "t_trial_pearson_ratio": [0.11478517949581146, 0.32837626338005066, 0.46892261505126953, 0.5493139028549194, 0.616653323173523, 0.6330457329750061, 0.6688437461853027, 0.6898863911628723, 0.704863965511322, 0.7105550169944763, 0.6952664852142334, 0.725201427936554, 0.7209216952323914, 0.7469422221183777, 0.7184967398643494, 0.7421454191207886, 0.7149761915206909, 0.738206684589386, 0.7223242521286011, 0.7297824621200562, 0.7145809531211853, 0.7313480973243713, 0.7135224342346191], "data_loss": [200.741455078125, 13.928057262897491, 2.2474537652730944, 1.3792455846071243, 1.0328297705948353, 0.8613076266646386, 0.7653612793982029, 0.7080903816223144, 0.6645663949847221, 0.6325041508674621, 0.6113208672404289, 0.5828039737045765, 0.5684781891107559, 0.560587105602026, 0.5547826080024243, 0.5521286578476429, 0.5477074566483497, 0.5443783292174339, 0.5439185431599617, 0.5419660840928554, 0.5404580667614937, 0.5394445869326592, 0.538509046137333]}