{"valid_accuracy": [], "total_train_loss": [201.86940002441406, 13.904270926713943, 2.2577021008729936, 1.3808365219831467, 1.0352290868759155, 0.8618235741555691, 0.7668506829440593, 0.7054712073504925, 0.6566296231746673, 0.6264896687865257, 0.6020807808637619, 0.587488644272089, 0.573103909790516, 0.564114283323288, 0.5620696187019348, 0.5596535095572471, 0.5585431730747223, 0.5576180192828178, 0.5577124410867691, 0.5585375566780567, 0.556149116307497, 0.5583145569264889, 0.5599096710979938, 0.5593435281515121, 0.5613659356534481, 0.5618694415688514, 0.5645962572097778, 0.5675816211104393, 0.5696189440786839], "train_loss": [], "train_acc": [], "step_at_epoch": [], "dt_forward": [], "dt_backward": [], "dt_step": [], "best_acc": -1, "best_acc_epoch": null, "best_acc_step": null, "test_loss": [175.00148010253906, 3.366309404373169, 1.747429370880127, 1.214013695716858, 0.9820334315299988, 0.8507061004638672, 0.7764135599136353, 0.7144280076026917, 0.6706845164299011, 0.658573567867279, 0.6303547620773315, 0.6289592981338501, 0.6197262406349182, 0.6244175434112549, 0.6094244122505188, 0.6160525679588318, 0.6133174896240234, 0.61827152967453, 0.6066390872001648, 0.6218575239181519, 0.6114104390144348, 0.6277315616607666, 0.6224560141563416, 0.6267232894897461, 0.6307628750801086, 0.66090327501297, 0.6364307403564453, 0.6622998118400574, 0.644814133644104], "best_loss": 0.6066390872001648, "neuron_loss": [201.86940002441406, 13.904270926713943, 2.2577021008729936, 1.3808365219831467, 1.0352290868759155, 0.8618235741555691, 0.7668506829440593, 0.7054712073504925, 0.6566296231746673, 0.6264896687865257, 0.6020807808637619, 0.587488644272089, 0.573103909790516, 0.564114283323288, 0.5620696187019348, 0.5596535095572471, 0.5585431730747223, 0.5576180192828178, 0.5577124410867691, 0.5585375566780567, 0.556149116307497, 0.5583145569264889, 0.5599096710979938, 0.5593435281515121, 0.5613659356534481, 0.5618694415688514, 0.5645962572097778, 0.5675816211104393, 0.5696189440786839], "trial_loss": [0.0, 0.0, 0.0, 0.0, 0.0, 0.0, 0.0, 0.0, 0.0, 0.0, 0.0, 0.0, 0.0, 0.0, 0.0, 0.0, 0.0, 0.0, 0.0, 0.0, 0.0, 0.0, 0.0, 0.0, 0.0, 0.0, 0.0, 0.0, 0.0], "tm_mle_loss": [0.0, 0.0, 0.0, 0.0, 0.0, 0.0, 0.0, 0.0, 0.0, 0.0, 0.0, 0.0, 0.0, 0.0, 0.0, 0.0, 0.0, 0.0, 0.0, 0.0, 0.0, 0.0, 0.0, 0.0, 0.0, 0.0, 0.0, 0.0, 0.0], "fr_loss": [0.0, 0.0, 0.0, 0.0, 0.0, 0.0, 0.0, 0.0, 0.0, 0.0, 0.0, 0.0, 0.0, 0.0, 0.0, 0.0, 0.0, 0.0, 0.0, 0.0, 0.0, 0.0, 0.0, 0.0, 0.0, 0.0, 0.0, 0.0, 0.0], "cross_corr_loss": [0.0, 0.0, 0.0, 0.0, 0.0, 0.0, 0.0, 0.0, 0.0, 0.0, 0.0, 0.0, 0.0, 0.0, 0.0, 0.0, 0.0, 0.0, 0.0, 0.0, 0.0, 0.0, 0.0, 0.0, 0.0, 0.0, 0.0, 0.0, 0.0], "t_trial_pearson": [0.07975273579359055, 0.17465390099212527, 0.27915578212589026, 0.3669313418120146, 0.42198664680123327, 0.45260160461068155, 0.46991588689386843, 0.4826697763800621, 0.49259344547986983, 0.4966702082008123, 0.49872306019067764, 0.5009491889178753, 0.5045946527015218, 0.50281230032444, 0.5026033572852612, 0.5006211764365435, 0.5016098212450742, 0.49822091184556483, 0.4942748400568962, 0.4922553092012625, 0.49126751229166987, 0.4886525996774435, 0.483616604600721, 0.48178152807056907, 0.47904379554092885, 0.47829820707440374, 0.4742610301822424, 0.4727072943747044, 0.47107086710631846], "trial_type_accuracy": [0.0, 0.0, 0.0, 1.0, 1.0, 1.0, 1.0, 1.0, 0.0, 1.0, 1.0, 1.0, 1.0, 1.0, 1.0, 1.0, 1.0, 1.0, 1.0, 1.0, 1.0, 0.0, 1.0, 0.0, 0.0, 0.0, 0.0, 0.0, 0.0], "opto_hit_rate": [], "t_trial_pearson_ratio": [0.08935269713401794, 0.30454978346824646, 0.41422396898269653, 0.5283039212226868, 0.5705893635749817, 0.6082661151885986, 0.6287353038787842, 0.6440865993499756, 0.6555644869804382, 0.6680059432983398, 0.6829407811164856, 0.6805902719497681, 0.6694202423095703, 0.6595802903175354, 0.669011652469635, 0.6594010591506958, 0.6774531602859497, 0.6620176434516907, 0.6614680290222168, 0.6479538679122925, 0.6578622460365295, 0.6401793956756592, 0.6288425326347351, 0.6397731304168701, 0.6383479237556458, 0.6211456656455994, 0.6346368193626404, 0.6285330653190613, 0.6284570097923279], "data_loss": [201.86940002441406, 13.904270926713943, 2.2577021008729936, 1.3808365219831467, 1.0352290868759155, 0.8618235741555691, 0.7668506829440593, 0.7054712073504925, 0.6566296231746673, 0.6264896687865257, 0.6020807808637619, 0.587488644272089, 0.573103909790516, 0.564114283323288, 0.5620696187019348, 0.5596535095572471, 0.5585431730747223, 0.5576180192828178, 0.5577124410867691, 0.5585375566780567, 0.556149116307497, 0.5583145569264889, 0.5599096710979938, 0.5593435281515121, 0.5613659356534481, 0.5618694415688514, 0.5645962572097778, 0.5675816211104393, 0.5696189440786839]}