{"valid_accuracy": [], "total_train_loss": [813244.0, 191.6399196755886, 4.976969041824341, 3.853705608844757, 3.4089414286613464, 3.1552682012319564, 2.9923393440246584, 2.8899752551317217, 2.80727232336998, 2.726699649691582, 2.6903042930364607, 2.6692670440673827, 2.6408385467529296, 2.626126129627228, 2.614126580953598, 2.6053633600473405, 2.595056466460228, 2.5779007798433304, 2.557113248705864, 2.5662307852506636, 2.5493961983919142, 2.549837741851807, 2.5369313591718674], "train_loss": [], "train_acc": [], "step_at_epoch": [], "dt_forward": [], "dt_backward": [], "dt_step": [], "best_acc": -1, "best_acc_epoch": null, "best_acc_step": null, "test_loss": [27043.83984375, 6.430883884429932, 4.43537712097168, 3.5857348442077637, 3.272819995880127, 3.1322109699249268, 2.929368734359741, 2.793872594833374, 2.842362403869629, 2.733647346496582, 2.6960408687591553, 2.9343442916870117, 2.70652174949646, 2.6914594173431396, 2.8135766983032227, 2.7578158378601074, 2.600419521331787, 2.632436990737915, 2.6674132347106934, 2.7070412635803223, 2.642665386199951, 2.8068275451660156, 2.666440486907959], "best_loss": 2.600419521331787, "neuron_loss": [171007.390625, 70.17550567626954, 1.44963780105114, 0.788897892087698, 0.5442589898407459, 0.41854570873081687, 0.34256420642137525, 0.29559979610145093, 0.26291384242475035, 0.24190625343471767, 0.23175125930458307, 0.2244994979724288, 0.21974005401134492, 0.21523813519626855, 0.21243840042501688, 0.2095053606852889, 0.20599680945277213, 0.20314298301935196, 0.20111029505729675, 0.1988163133710623, 0.19727792605757713, 0.1963120661303401, 0.19387373838573693], "trial_loss": [642236.625, 121.46441364169121, 3.527331240773201, 3.0648077166080476, 2.864682445526123, 2.7367224895954134, 2.649775139093399, 2.5943754601478575, 2.5443584758043287, 2.4847933942079545, 2.458553035259247, 2.444767546057701, 2.4210984963178634, 2.4108879935741423, 2.401688178777695, 2.3958580034971235, 2.389059658050537, 2.374757795333862, 2.356002950668335, 2.3674144738912584, 2.352118275761604, 2.3535256749391555, 2.3430576235055924], "tm_mle_loss": [0.0, 0.0, 0.0, 0.0, 0.0, 0.0, 0.0, 0.0, 0.0, 0.0, 0.0, 0.0, 0.0, 0.0, 0.0, 0.0, 0.0, 0.0, 0.0, 0.0, 0.0, 0.0, 0.0], "fr_loss": [0.0, 0.0, 0.0, 0.0, 0.0, 0.0, 0.0, 0.0, 0.0, 0.0, 0.0, 0.0, 0.0, 0.0, 0.0, 0.0, 0.0, 0.0, 0.0, 0.0, 0.0, 0.0, 0.0], "cross_corr_loss": [0.0, 0.0, 0.0, 0.0, 0.0, 0.0, 0.0, 0.0, 0.0, 0.0, 0.0, 0.0, 0.0, 0.0, 0.0, 0.0, 0.0, 0.0, 0.0, 0.0, 0.0, 0.0, 0.0], "t_trial_pearson": [0.007573148235678673, 0.2902125986805186, 0.5677939382195473, 0.6288266204297542, 0.6544058963656425, 0.6712929491698741, 0.6857513937354088, 0.6892556366324425, 0.6975989072024822, 0.701958229392767, 0.7092312955856324, 0.7101887261867523, 0.712178160995245, 0.7107794207334518, 0.7147973051667214, 0.7174595618247985, 0.7160229711234569, 0.7172948479652405, 0.7210784694552421, 0.7222341986000538, 0.719528847783804, 0.721059981584549, 0.724512341618538], "trial_type_accuracy": [0.0, 0.0, 1.0, 1.0, 1.0, 1.0, 1.0, 0.0, 1.0, 1.0, 1.0, 1.0, 1.0, 1.0, 1.0, 1.0, 0.0, 1.0, 1.0, 1.0, 1.0, 1.0, 1.0], "opto_hit_rate": [], "t_trial_pearson_ratio": [0.05771685019135475, 0.6611356735229492, 0.8076776266098022, 0.8754443526268005, 0.9203032851219177, 0.934954822063446, 0.9499635696411133, 0.9577949047088623, 0.9612376093864441, 0.9695221781730652, 0.9672914743423462, 0.9540144801139832, 0.9733067154884338, 0.9780980944633484, 0.9686768054962158, 0.9773171544075012, 0.9815662503242493, 0.9823150038719177, 0.9889330267906189, 0.986444890499115, 0.9818752408027649, 0.9735638499259949, 0.9886835813522339], "data_loss": [813244.0, 191.6399196755886, 4.976969041824341, 3.853705608844757, 3.4089414286613464, 3.1552682012319564, 2.9923393440246584, 2.8899752551317217, 2.80727232336998, 2.726699649691582, 2.6903042930364607, 2.6692670440673827, 2.6408385467529296, 2.626126129627228, 2.614126580953598, 2.6053633600473405, 2.595056466460228, 2.5779007798433304, 2.557113248705864, 2.5662307852506636, 2.5493961983919142, 2.549837741851807, 2.5369313591718674]}