{"valid_accuracy": [], "total_train_loss": [480.5836181640625, 17.205678985118865, 4.798507924079895, 4.185644101500511, 4.070686729550362, 3.9706559765338896, 3.8905836284160613, 21.482001797556876, 3.8912233400344847, 3.7523661559820174, 3.6705362862348556, 3.611512227654457, 3.549515753388405, 3.4943781834840775, 3.4553463894128797, 3.436113856434822, 3.4660594773292543, 3.455051853060722, 11.067055922746658, 6.582388862967491, 3.9995854729413987, 3.9920391702651976, 4.7831067430973055, 4.1944079804420475], "train_loss": [], "train_acc": [], "step_at_epoch": [], "dt_forward": [], "dt_backward": [], "dt_step": [], "best_acc": -1, "best_acc_epoch": null, "best_acc_step": null, "test_loss": [379.14306640625, 5.389187812805176, 4.311994552612305, 4.089400291442871, 3.902289867401123, 3.915264368057251, 4.086845874786377, 4.2019734382629395, 3.909212112426758, 3.7911548614501953, 4.159793376922607, 3.5525131225585938, 3.5295467376708984, 3.5143351554870605, 3.689518451690674, 3.5192809104919434, 3.6663312911987305, 3.4976320266723633, 11.287323951721191, 4.539637088775635, 4.097478866577148, 4.25633430480957, 4.292865753173828, 4.306613445281982], "best_loss": 3.4976320266723633, "neuron_loss": [210.22607421875, 7.294939324259758, 1.1901193860173225, 1.056292534917593, 0.9856104837357997, 0.9307654447853565, 0.9043966533243656, 15.496723262369633, 0.8560818354785442, 0.8281274111568928, 0.8092160624265671, 0.7567869168519974, 0.7345506945252418, 0.6955362968146801, 0.6671887792646884, 0.6621629959344864, 0.6721648299694061, 0.6718807891011238, 6.420649270862341, 2.605531297624111, 0.8205775429308414, 0.8268387825787067, 1.2669309484958649, 0.883434496074915], "trial_loss": [270.3575439453125, 9.910739731192589, 3.608388545513153, 3.129351570010185, 3.085076246261597, 3.0398905259370803, 2.9861869770288467, 5.9852785736322405, 3.0351414972543718, 2.924238749742508, 2.8613202238082884, 2.8547253143787383, 2.8149650502204895, 2.798841885328293, 2.788157610297203, 2.773950863480568, 2.793894646167755, 2.7831710624694823, 4.646406624317169, 3.9768575662374497, 3.1790079367160797, 3.1652003818750383, 3.516175791621208, 3.3109734833240507], "tm_mle_loss": [0.0, 0.0, 0.0, 0.0, 0.0, 0.0, 0.0, 0.0, 0.0, 0.0, 0.0, 0.0, 0.0, 0.0, 0.0, 0.0, 0.0, 0.0, 0.0, 0.0, 0.0, 0.0, 0.0, 0.0], "fr_loss": [0.0, 0.0, 0.0, 0.0, 0.0, 0.0, 0.0, 0.0, 0.0, 0.0, 0.0, 0.0, 0.0, 0.0, 0.0, 0.0, 0.0, 0.0, 0.0, 0.0, 0.0, 0.0, 0.0, 0.0], "cross_corr_loss": [0.0, 0.0, 0.0, 0.0, 0.0, 0.0, 0.0, 0.0, 0.0, 0.0, 0.0, 0.0, 0.0, 0.0, 0.0, 0.0, 0.0, 0.0, 0.0, 0.0, 0.0, 0.0, 0.0, 0.0], "t_trial_pearson": [0.08766532689332962, 0.4108083273284137, 0.5793951654434204, 0.6409522999823093, 0.6408516202867031, 0.6581598050892353, 0.6676161806285381, 0.5221274321526289, 0.6657129709422588, 0.6785607001185417, 0.6813773541152477, 0.6857315842807293, 0.6886897420883179, 0.6895871369540691, 0.6895046199858189, 0.6950055524706841, 0.694534000903368, 0.6931545422971248, 0.5671713725477457, 0.5923743970692158, 0.6589690698683262, 0.6599993275105953, 0.6376016350090503, 0.6462803675234318], "trial_type_accuracy": [0.0, 1.0, 0.0, 1.0, 0.0, 1.0, 1.0, 1.0, 1.0, 1.0, 1.0, 1.0, 1.0, 1.0, 1.0, 1.0, 1.0, 1.0, 0.0, 0.0, 1.0, 0.0, 1.0, 1.0], "opto_hit_rate": [], "t_trial_pearson_ratio": [0.10370705276727676, 0.7466825842857361, 0.8568879961967468, 0.8914238214492798, 0.9054452180862427, 0.9092837572097778, 0.9260796308517456, 0.8957490921020508, 0.9441848397254944, 0.9458509087562561, 0.920735239982605, 0.9534761309623718, 0.946796715259552, 0.951504647731781, 0.9530707001686096, 0.9540721774101257, 0.9493124485015869, 0.9491676092147827, 0.4816914498806, 0.8636196851730347, 0.8986978530883789, 0.8796346187591553, 0.8939014077186584, 0.8834843635559082], "data_loss": [480.5836181640625, 17.205678985118865, 4.798507924079895, 4.185644101500511, 4.070686729550362, 3.9706559765338896, 3.8905836284160613, 21.482001797556876, 3.8912233400344847, 3.7523661559820174, 3.6705362862348556, 3.611512227654457, 3.549515753388405, 3.4943781834840775, 3.4553463894128797, 3.436113856434822, 3.4660594773292543, 3.455051853060722, 11.067055922746658, 6.582388862967491, 3.9995854729413987, 3.9920391702651976, 4.7831067430973055, 4.1944079804420475]}