{"valid_accuracy": [], "total_train_loss": [860478.75, 91.35190442025662, 3.727737104892731, 3.423460339307785, 3.173177704811096, 2.9833617091178892, 2.8607905822992326, 2.7868141108751296, 2.685902091860771, 2.6913942152261736, 2.56616120994091, 2.527665587067604, 2.4856173914670943, 2.499738423228264, 2.4641002976894377, 2.440018928050995, 2.412698495388031, 2.417806792259216, 2.4026558047533033, 2.380334042310715, 2.3877901101112364, 2.380316594839096, 2.3834917938709257, 2.3640254908800125, 2.34638451397419, 2.3658019411563873, 2.3432589101791383, 2.3273270523548124, 2.3376820373535154, 2.3303204333782195, 2.3359092462062834, 2.321618527173996, 2.3469892078638077, 2.3031452012062075, 2.3277826362848284, 2.3109561270475387, 2.3072932064533234, 2.314530728459358, 2.323207596540451, 2.3101855224370955, 2.2899122363328934], "train_loss": [], "train_acc": [], "step_at_epoch": [], "dt_forward": [], "dt_backward": [], "dt_step": [], "best_acc": -1, "best_acc_epoch": null, "best_acc_step": null, "test_loss": [10757.787109375, 4.329646587371826, 3.730180263519287, 3.523559093475342, 3.035501480102539, 3.282320976257324, 2.8519203662872314, 2.995870590209961, 2.8053345680236816, 2.982611894607544, 2.623610019683838, 2.63912034034729, 2.6987221240997314, 2.5813422203063965, 2.6184868812561035, 2.539729118347168, 2.661578893661499, 2.6523244380950928, 2.533527374267578, 2.599722385406494, 2.5427322387695312, 2.660719394683838, 2.538613796234131, 2.5765814781188965, 2.504176616668701, 2.5124058723449707, 2.531541585922241, 2.513143539428711, 2.484647274017334, 2.7524852752685547, 2.507284641265869, 2.611243724822998, 2.6036486625671387, 2.526201009750366, 2.477062225341797, 2.6651899814605713, 2.47904634475708, 2.6274642944335938, 2.520355224609375, 2.6519641876220703, 2.4883856773376465], "best_loss": 2.477062225341797, "neuron_loss": [165599.234375, 32.92496428012848, 1.1080263257026672, 0.9076601631939412, 0.7617658242583275, 0.5900322452187539, 0.4955592406541109, 0.4295499239116907, 0.3702603218704462, 0.34257747493684293, 0.2981216304004192, 0.2702264063805342, 0.25277593489736316, 0.24422477301210166, 0.22881929963827133, 0.21934489093720913, 0.20651962541043759, 0.20537617601454258, 0.2005428669974208, 0.18571616414934397, 0.18466398011893034, 0.1835170555114746, 0.1779321063682437, 0.17399968583136796, 0.16902292162179947, 0.17125043284147978, 0.1648896760493517, 0.16167682476341724, 0.1596183094754815, 0.1579189680889249, 0.1585071363672614, 0.15328776508569716, 0.15785676669329404, 0.14915016252547503, 0.15135430242866277, 0.14852764811366798, 0.1470675851404667, 0.14711664635688065, 0.14722790021449328, 0.14612794894725084, 0.14190673388540745], "trial_loss": [694879.5, 58.426939960122105, 2.619710776805878, 2.5158001726865766, 2.4114118772745132, 2.3933294624090196, 2.3652313387393953, 2.357264184355736, 2.315641767978668, 2.348816732764244, 2.268039584159851, 2.2574391841888426, 2.2328414523601534, 2.2555136543512346, 2.235280997157097, 2.2206740373373033, 2.206178869009018, 2.2124306219816208, 2.202112934589386, 2.19461787879467, 2.203126133680344, 2.1967995405197143, 2.205559683442116, 2.1900258016586305, 2.1773615902662278, 2.1945515060424805, 2.1783692371845245, 2.165650230050087, 2.178063730895519, 2.1724014681577684, 2.17740211635828, 2.1683307671546936, 2.1891324415802957, 2.153995038866997, 2.1764283323287965, 2.1624284788966177, 2.160225623548031, 2.1674140810966493, 2.1759796965122224, 2.1640575709939003, 2.148005498945713], "tm_mle_loss": [0.0, 0.0, 0.0, 0.0, 0.0, 0.0, 0.0, 0.0, 0.0, 0.0, 0.0, 0.0, 0.0, 0.0, 0.0, 0.0, 0.0, 0.0, 0.0, 0.0, 0.0, 0.0, 0.0, 0.0, 0.0, 0.0, 0.0, 0.0, 0.0, 0.0, 0.0, 0.0, 0.0, 0.0, 0.0, 0.0, 0.0, 0.0, 0.0, 0.0, 0.0], "fr_loss": [0.0, 0.0, 0.0, 0.0, 0.0, 0.0, 0.0, 0.0, 0.0, 0.0, 0.0, 0.0, 0.0, 0.0, 0.0, 0.0, 0.0, 0.0, 0.0, 0.0, 0.0, 0.0, 0.0, 0.0, 0.0, 0.0, 0.0, 0.0, 0.0, 0.0, 0.0, 0.0, 0.0, 0.0, 0.0, 0.0, 0.0, 0.0, 0.0, 0.0, 0.0], "cross_corr_loss": [0.0, 0.0, 0.0, 0.0, 0.0, 0.0, 0.0, 0.0, 0.0, 0.0, 0.0, 0.0, 0.0, 0.0, 0.0, 0.0, 0.0, 0.0, 0.0, 0.0, 0.0, 0.0, 0.0, 0.0, 0.0, 0.0, 0.0, 0.0, 0.0, 0.0, 0.0, 0.0, 0.0, 0.0, 0.0, 0.0, 0.0, 0.0, 0.0, 0.0, 0.0], "t_trial_pearson": [0.010175862349569798, 0.4429450209462084, 0.6892304643988609, 0.7100608447194099, 0.7198253883421422, 0.7263611447811127, 0.7283411674201489, 0.7284070506691933, 0.7331630331277847, 0.7276406970620155, 0.7365612213313579, 0.7444941107928753, 0.7414766716957092, 0.7383109721541404, 0.7409327249228954, 0.7460246495902538, 0.7480103211104869, 0.7449041628837585, 0.7481705042719841, 0.7506109051406383, 0.7452975572645664, 0.7470515884459019, 0.7468278147280216, 0.7525504323840141, 0.7519083409011365, 0.7524264702200889, 0.7503079488873482, 0.7531181217730045, 0.7474523524940014, 0.7507510413229466, 0.7486464813351631, 0.7503272135555744, 0.7456809374690055, 0.7520403522253036, 0.7529246598482132, 0.750106969922781, 0.7533417214453221, 0.7518384228646755, 0.7529832637310028, 0.7560781075060368, 0.7536826980113983], "trial_type_accuracy": [0.0, 0.0, 1.0, 1.0, 1.0, 1.0, 1.0, 0.0, 1.0, 0.0, 1.0, 1.0, 1.0, 0.0, 1.0, 1.0, 0.0, 0.0, 1.0, 1.0, 1.0, 1.0, 0.0, 1.0, 1.0, 1.0, 1.0, 1.0, 1.0, 1.0, 1.0, 0.0, 1.0, 1.0, 1.0, 1.0, 1.0, 1.0, 1.0, 1.0, 1.0], "opto_hit_rate": [], "t_trial_pearson_ratio": [0.0965932086110115, 0.9255921244621277, 0.9762880802154541, 0.9830514192581177, 0.9925434589385986, 0.9808854460716248, 0.9929468631744385, 0.9277114272117615, 0.9658818244934082, 0.9076906442642212, 0.9902721643447876, 1.0003893375396729, 1.0211392641067505, 0.9744887351989746, 0.9786314368247986, 0.9906527996063232, 0.9465413093566895, 0.9484034180641174, 1.0048182010650635, 1.020308017730713, 1.0110023021697998, 1.0178356170654297, 0.971930742263794, 1.0236607789993286, 1.0018739700317383, 1.0128692388534546, 1.0196349620819092, 1.000258445739746, 0.9940904378890991, 1.0212757587432861, 1.015072226524353, 0.9482144713401794, 1.035314679145813, 1.0222598314285278, 1.0010650157928467, 1.029322624206543, 1.002267837524414, 1.0237436294555664, 1.0048351287841797, 1.0330039262771606, 1.0108616352081299], "data_loss": [860478.75, 91.35190442025662, 3.727737104892731, 3.423460339307785, 3.173177704811096, 2.9833617091178892, 2.8607905822992326, 2.7868141108751296, 2.685902091860771, 2.6913942152261736, 2.56616120994091, 2.527665587067604, 2.4856173914670943, 2.499738423228264, 2.4641002976894377, 2.440018928050995, 2.412698495388031, 2.417806792259216, 2.4026558047533033, 2.380334042310715, 2.3877901101112364, 2.380316594839096, 2.3834917938709257, 2.3640254908800125, 2.34638451397419, 2.3658019411563873, 2.3432589101791383, 2.3273270523548124, 2.3376820373535154, 2.3303204333782195, 2.3359092462062834, 2.321618527173996, 2.3469892078638077, 2.3031452012062075, 2.3277826362848284, 2.3109561270475387, 2.3072932064533234, 2.314530728459358, 2.323207596540451, 2.3101855224370955, 2.2899122363328934]}