{"valid_accuracy": [], "total_train_loss": [52.44926452636719, 12.5222500872612, 3.847826835513115, 2.7362825244665148, 2.3605134618282317, 2.183759090304375, 2.098238837122917, 2.053427729010582, 2.0200961604714394, 2.012404971718788, 1.9987928840517997, 2.049735801517963, 2.0806417125463486, 2.108226444721222, 2.1122405874729155, 2.1825658541917803, 2.1130192044377325, 2.2001281851530075, 2.075066191256046, 2.123666630089283, 2.0196392902731897, 2.0221029046177863, 2.0076838839054107, 1.9921814849972725, 1.9480253586173057, 2.012427912056446, 2.003568980395794, 2.0196739757061004, 2.0117881736159324, 1.9909632363915444, 2.0036758571863174, 1.972108445763588, 1.9780091670155526, 1.9676365438103676, 1.9610042482614518, 1.9847440600395203, 1.9946154907345772, 2.046253801882267, 2.105037029981613, 2.099134083390236, 2.111157973110676, 2.043036403954029, 2.0358099371194838, 2.0492375081777574, 2.1218076545000075, 1.9979868358373643], "train_loss": [], "train_acc": [], "step_at_epoch": [], "dt_forward": [], "dt_backward": [], "dt_step": [], "best_acc": -1, "best_acc_epoch": null, "best_acc_step": null, "test_loss": [49.15093994140625, 7.125404357910156, 6.318748474121094, 8.30501651763916, 10.773435592651367, 13.841146469116211, 16.083330154418945, 18.30826187133789, 15.095829010009766, 19.463775634765625, 20.427488327026367, 23.320711135864258, 15.082588195800781, 21.393310546875, 33.84974670410156, 22.812686920166016, 15.066807746887207, 26.13893699645996, 29.457273483276367, 21.027063369750977, 22.551639556884766, 19.82831573486328, 24.147701263427734, 21.938526153564453, 22.07476234436035, 20.3985538482666, 23.306594848632812, 29.107250213623047, 19.6079158782959, 24.508508682250977, 24.49492645263672, 23.22020149230957, 26.642364501953125, 29.616317749023438, 27.841114044189453, 25.741897583007812, 28.363792419433594, 27.665719985961914, 28.801759719848633, 28.77216339111328, 31.830581665039062, 30.558094024658203, 25.14615821838379, 32.205013275146484, 25.821426391601562, 29.362979888916016], "best_loss": 1.9480253586173057, "neuron_loss": [26.09488296508789, 4.770284962654114, 1.676120800077915, 1.271494421362877, 1.126866888999939, 1.0546644327044488, 1.0209013199806214, 1.0025404040515422, 0.9848343986272812, 0.9769285707175732, 0.9654867887496948, 0.9821046628057957, 0.97927405834198, 0.9885311180353165, 1.0072103658318519, 1.0031227754056453, 0.9833968795835972, 1.008209641724825, 0.9624577610194683, 0.9836992850899696, 0.9467944160103798, 0.9538418348133564, 0.9444573505222797, 0.942934664040804, 0.9290253145992756, 0.9546314759552479, 0.948851770311594, 0.9517022909224033, 0.9433799040317535, 0.9383057402074337, 0.9407578119635582, 0.9341095264256001, 0.9356783957779408, 0.9358427827060223, 0.9311368200182915, 0.9371827065944671, 0.939046777933836, 0.9549165821075439, 0.9616511987149715, 0.9668590852618217, 0.9674465511739254, 0.9425829450786114, 0.943048043102026, 0.9491646352410317, 0.9634610530734062, 0.9284730125963688], "trial_loss": [1.3596934080123901, 1.0835080714523793, 0.887605224698782, 0.8549387109279633, 0.8481705757975578, 0.8391607858240604, 0.8294514955580234, 0.8231776483356953, 0.8171630118787289, 0.8196434956789017, 0.8121821926534176, 0.8125525817275048, 0.8122579365968704, 0.8102905170619488, 0.812724512219429, 0.817088191062212, 0.8089669014513493, 0.815819895863533, 0.8090629756450654, 0.8095354516804218, 0.8027864126861095, 0.8051751855015755, 0.8038316829502583, 0.7999977053701878, 0.7959010289609432, 0.8027118688821793, 0.8046097598969937, 0.803679666519165, 0.8026796512305736, 0.7974129836261272, 0.7986993131041527, 0.7969064916670322, 0.7968026058375836, 0.7974072493612766, 0.7930256505310536, 0.7957140517234802, 0.7943357665836811, 0.8023496434092522, 0.802989582568407, 0.8071591468155384, 0.8004955677688121, 0.7939486439526081, 0.7964372526109219, 0.7948519724607468, 0.8016784591972828, 0.7911100974678993], "tm_mle_loss": [0.0, 0.0, 0.0, 0.0, 0.0, 0.0, 0.0, 0.0, 0.0, 0.0, 0.0, 0.0, 0.0, 0.0, 0.0, 0.0, 0.0, 0.0, 0.0, 0.0, 0.0, 0.0, 0.0, 0.0, 0.0, 0.0, 0.0, 0.0, 0.0, 0.0, 0.0, 0.0, 0.0, 0.0, 0.0, 0.0, 0.0, 0.0, 0.0, 0.0, 0.0, 0.0, 0.0, 0.0, 0.0, 0.0], "fr_loss": [24.994688034057617, 6.668457087874413, 1.284100804924965, 0.6098493955284358, 0.3854760063439608, 0.2899338724091649, 0.24788602355867626, 0.2277096823602915, 0.21809874795377254, 0.21583290912210942, 0.22112389847636224, 0.2550785604864359, 0.2891097226366401, 0.30940481275320053, 0.29230571165680885, 0.3623548873513937, 0.3206554187089205, 0.37609863724559545, 0.30354545433074237, 0.33043189290910957, 0.2700584634765983, 0.26308587968349456, 0.2593948508054018, 0.24924911603331565, 0.22309901658445597, 0.2550845640152693, 0.2501074501499534, 0.26429202143102887, 0.2657286124676466, 0.2552445125579834, 0.26421873647719624, 0.24109242647886275, 0.24552816353738308, 0.2343865118548274, 0.23684178221970797, 0.25184730522334575, 0.26123294498771427, 0.28898758061230184, 0.34039625216275454, 0.3251158543303609, 0.3432158552110195, 0.3065048202499747, 0.2963246376812458, 0.3052209021896124, 0.35666814431548116, 0.2784037290513515], "cross_corr_loss": [0.0, 0.0, 0.0, 0.0, 0.0, 0.0, 0.0, 0.0, 0.0, 0.0, 0.0, 0.0, 0.0, 0.0, 0.0, 0.0, 0.0, 0.0, 0.0, 0.0, 0.0, 0.0, 0.0, 0.0, 0.0, 0.0, 0.0, 0.0, 0.0, 0.0, 0.0, 0.0, 0.0, 0.0, 0.0, 0.0, 0.0, 0.0, 0.0, 0.0, 0.0, 0.0, 0.0, 0.0, 0.0, 0.0], "t_trial_pearson": [0.17674610018730164, 0.1871529519185424, 0.33777639001607895, 0.3859169779717922, 0.38497453413903715, 0.38854892246425154, 0.39000605039298536, 0.39516445346176626, 0.4050899880379438, 0.39397899866104125, 0.4206956284493208, 0.4280839130282402, 0.42484665669500826, 0.4214283961057663, 0.42504941940307617, 0.42562221355736257, 0.42947734266519544, 0.42153928339481356, 0.4310865694284439, 0.4211509396135807, 0.43829496420919895, 0.43707162417471407, 0.437538990303874, 0.442111005038023, 0.4457238133996725, 0.4341808471828699, 0.43196178756654263, 0.4354132987558842, 0.43612004674971105, 0.44980966940522193, 0.4470043536275625, 0.44592076420784, 0.4478156140446663, 0.44658150054514406, 0.4542103312164545, 0.4490784407407045, 0.45089001893997194, 0.43386470757424833, 0.43500057101249695, 0.4360947358608246, 0.43600752085447314, 0.4492561372369528, 0.44718404933810235, 0.4491392484307289, 0.43540763199329374, 0.45454030960798264], "trial_type_accuracy": [0.25, 0.25, 0.25, 0.5, 0.5, 0.25, 0.25, 0.5, 0.25, 0.25, 0.25, 0.5, 0.25, 0.5, 0.75, 0.75, 0.25, 1.0, 0.75, 0.5, 0.75, 0.25, 0.5, 0.5, 0.25, 0.5, 0.25, 1.0, 0.25, 0.25, 0.5, 0.25, 0.25, 0.75, 0.25, 0.5, 0.75, 0.25, 0.25, 0.5, 0.25, 1.0, 0.25, 0.75, 0.5, 0.25], "opto_hit_rate": [], "t_trial_pearson_ratio": [0.14647741615772247, 0.46431678533554077, 0.7361353039741516, 0.7217615842819214, 0.753452479839325, 0.7719070315361023, 0.8168861865997314, 0.8857132196426392, 0.6564471125602722, 0.8253039121627808, 0.8722990155220032, 0.889471709728241, 0.828578770160675, 0.8900228142738342, 0.9088690280914307, 0.8987108469009399, 0.7820872664451599, 0.919365644454956, 0.9210588335990906, 0.9073131084442139, 0.9183825850486755, 0.867828369140625, 0.9229645729064941, 0.9000192880630493, 0.8718023300170898, 0.8656957745552063, 0.8850433230400085, 0.9426555633544922, 0.8850053548812866, 0.9226688742637634, 0.910134494304657, 0.8869290351867676, 0.7756978273391724, 0.9332934617996216, 0.9049220085144043, 0.8485552668571472, 0.9290194511413574, 0.8766463994979858, 0.9233834147453308, 0.9504371285438538, 0.9021540880203247, 0.9419080018997192, 0.9022788405418396, 0.9392037987709045, 0.9317994117736816, 0.906906247138977],