{"valid_accuracy": [], "total_train_loss": [52.44926452636719, 4.214417907595634, 2.955855155587196, 2.560976796746254, 2.3433000725507735, 2.1850271654129028, 2.1665294685959817, 2.2798028808832167, 2.1690613815188406, 2.160982973575592, 2.166935386657715, 2.25467260658741, 2.1332841435074807, 2.4988168144226073, 2.047947051525116, 2.007858286499977, 2.1700282174348833, 1.9982415792346, 2.0886613941192627, 2.1592306497693063, 2.6890068888664245, 2.1124466386437417, 2.059738422334194, 2.06559026658535, 2.9716105017066003, 2.0444068351387976, 1.9903326719999312, 1.9711500152945518, 2.2009109085798264, 2.1707801619172096, 2.0395014917850496, 2.146992630958557, 1.976017724275589, 1.9792728778719901, 1.947709622681141, 1.9586123555898667, 1.9341255739331245, 2.010151458978653, 1.915471503138542, 1.8810639053583145, 1.8536753299832345, 1.879059824347496, 1.9803845298290252, 2.018785107433796, 1.8521864148974418, 1.905867927968502, 1.8499496802687645, 2.3152528688311578, 1.87096032589674, 2.3261044490337373, 1.8699542158842086, 1.8859474954009057], "train_loss": [], "train_acc": [], "step_at_epoch": [], "dt_forward": [], "dt_backward": [], "dt_step": [], "best_acc": -1, "best_acc_epoch": null, "best_acc_step": null, "test_loss": [43.732139587402344, 13.522542953491211, 15.173187255859375, 15.009634017944336, 18.91463851928711, 22.91129493713379, 26.60924530029297, 18.27657127380371, 51.06214904785156, 34.518428802490234, 48.229183197021484, 48.48626708984375, 31.681297302246094, 36.562713623046875, 33.259422302246094, 31.65667724609375, 34.51021194458008, 31.94264030456543, 26.380334854125977, 40.23966979980469, 35.24375915527344, 34.176673889160156, 45.36455535888672, 36.27486801147461, 46.11629867553711, 48.61900329589844, 34.33577346801758, 53.486534118652344, 37.35596466064453, 43.974300384521484, 40.78314208984375, 35.09722137451172, 31.704511642456055, 36.751407623291016, 33.854339599609375, 36.53404235839844, 40.66197204589844, 34.893341064453125, 37.64383316040039, 40.20615768432617, 41.879268646240234, 27.916040420532227, 34.40211486816406, 56.35460662841797, 45.233306884765625, 34.551082611083984, 43.13555145263672, 33.82321548461914, 37.725399017333984, 31.045372009277344, 36.21895217895508, 39.03070831298828], "best_loss": 1.8499496802687645, "neuron_loss": [26.09488296508789, 1.923386048078537, 1.381085135936737, 1.2569487237930297, 1.1634742605686188, 1.0903500679135323, 1.0733705201745034, 1.0995948600769043, 1.0404514998197556, 1.0281285999715328, 1.025733615309, 1.0648202620446683, 1.0135925710201263, 1.18333830088377, 0.9791967411339283, 0.9570834855735302, 1.0293152783811093, 0.9598788194358349, 0.9875513999164105, 1.0074558289349078, 1.2332992742955684, 1.0011255344748498, 0.9837486691772938, 0.9826183353364467, 1.2863025264441967, 0.9699576304852963, 0.9499836552143097, 0.9408173683285713, 1.0091363440454006, 0.9887627333402633, 0.949583445340395, 0.9969203650951386, 0.9436245630681515, 0.9306394895911216, 0.9286165852844716, 0.9302179458737373, 0.9178234334290027, 0.9421919645369052, 0.9130883939564228, 0.8970719331502914, 0.8853099021315575, 0.8974684263765812, 0.9209249243140221, 0.9464058747887611, 0.880693928450346, 0.8981779469549656, 0.8765867155790329, 0.9871476073563099, 0.8838797308504581, 1.0574975338578225, 0.8747927345335483, 0.8878985103964806], "trial_loss": [1.3596934080123901, 0.936453219205141, 0.8716614469885826, 0.8503817135095596, 0.8465865774452687, 0.8246177174150944, 0.7974848745763302, 0.7885373382270336, 0.7887807534635067, 0.7906088405847549, 0.7836174221336841, 0.7937520945072174, 0.7834879595041275, 0.792388958632946, 0.7765482738614082, 0.7662266197800637, 0.7790763339400292, 0.7658218424022197, 0.7693705374002456, 0.7729239764809609, 0.7954524031281471, 0.7745516894757748, 0.7674078111350536, 0.770242947191, 0.8590083223581314, 0.7684453417360783, 0.7677440069615841, 0.7643437439203262, 0.7661036014556885, 0.7671709117293358, 0.7631885667145252, 0.767455638051033, 0.7645805625617504, 0.7587003408372403, 0.7620255894958973, 0.7609297509491444, 0.7585391245782376, 0.7598213006556034, 0.7573129737377167, 0.7516789841651916, 0.7492670539021492, 0.7522885489463806, 0.7548893901705742, 0.7604155690968036, 0.7502213227748871, 0.7499153816699982, 0.7471539980173111, 0.752595089673996, 0.7465897932648659, 0.7700874982774257, 0.7472775438427925, 0.7501518255472184], "tm_mle_loss": [0.0, 0.0, 0.0, 0.0, 0.0, 0.0, 0.0, 0.0, 0.0, 0.0, 0.0, 0.0, 0.0, 0.0, 0.0, 0.0, 0.0, 0.0, 0.0, 0.0, 0.0, 0.0, 0.0, 0.0, 0.0, 0.0, 0.0, 0.0, 0.0, 0.0, 0.0, 0.0, 0.0, 0.0, 0.0, 0.0, 0.0, 0.0, 0.0, 0.0, 0.0, 0.0, 0.0, 0.0, 0.0, 0.0, 0.0, 0.0, 0.0, 0.0, 0.0, 0.0], "fr_loss": [24.994688034057617, 1.3545786675810814, 0.7031085838377475, 0.45364635676145554, 0.33323923114687204, 0.27005938041955235, 0.29567406971007587, 0.391670684479177, 0.33982912458479403, 0.34224553365260363, 0.35758435886353257, 0.39610025376081465, 0.33620360784232617, 0.5230895610526204, 0.2922020358964801, 0.2845481786131859, 0.36163660887628796, 0.2725409235805273, 0.3317394646257162, 0.378850839138031, 0.6602552074566483, 0.33676941495388746, 0.3085819460451603, 0.31272898606956007, 0.8262996489927172, 0.3060038611292839, 0.2726050106808543, 0.2659889044240117, 0.42567096076905725, 0.41484651539474726, 0.3267294801026583, 0.38261662375181915, 0.26781260188668965, 0.28993305016309023, 0.2570674514770508, 0.2674646521359682, 0.25776301853358746, 0.30813819892704486, 0.24507014025002719, 0.23231298346072435, 0.2190983759984374, 0.22930285010486842, 0.3045702176913619, 0.31196366526186464, 0.2212711637467146, 0.257774605602026, 0.22620896741747856, 0.5755101666599512, 0.24049080349504948, 0.4985194192826748, 0.24788394469767808, 0.2478971578925848], "cross_corr_loss": [0.0, 0.0, 0.0, 0.0, 0.0, 0.0, 0.0, 0.0, 0.0, 0.0, 0.0, 0.0, 0.0, 0.0, 0.0, 0.0, 0.0, 0.0, 0.0, 0.0, 0.0, 0.0, 0.0, 0.0, 0.0, 0.0, 0.0, 0.0, 0.0, 0.0, 0.0, 0.0, 0.0, 0.0, 0.0, 0.0, 0.0, 0.0, 0.0, 0.0, 0.0, 0.0, 0.0, 0.0, 0.0, 0.0, 0.0, 0.0, 0.0, 0.0, 0.0, 0.0], "t_trial_pearson": [0.17674610018730164, 0.2895435754209757, 0.36199118740856645, 0.385857095643878, 0.38016185104846956, 0.38364744402468204, 0.4410784436017275, 0.4361813662201166, 0.43716573506593703, 0.43894823983311654, 0.45200091645121576, 0.43837104879319666, 0.4484970001131296, 0.4456483688950539, 0.4564539088308811, 0.47154900439083575, 0.44972602345049384, 0.4701803389191628, 0.4677034918218851, 0.4656484478712082, 0.44023461744189263, 0.46468005508184435, 0.4677587620913982, 0.46610250100493433, 0.42047530196607114, 0.4711731556802988, 0.4690408795326948, 0.47530297972261903, 0.47362121678888797, 0.4701373881101608, 0.4763032004982233, 0.465749467164278, 0.4705971247702837, 0.47761605471372603, 0.4771840358525515, 0.4745052592456341, 0.47894135393202303, 0.4706340108066797, 0.47511319883167746, 0.4834999568760395, 0.4846499242633581, 0.48160508953034875, 0.47344318315386774, 0.4667951413244009, 0.48351421736180783, 0.4847890618443489, 0.4896026833355427, 0.48375273548066616, 0.49011362753808496, 0.45076967068016527, 0.48861859418451786, 0.4860559170693159], "trial_type_accuracy": [0.25, 0.5, 0.5, 0.5, 0.5, 0.5, 0.5, 0.5, 0.25, 0.5, 0.5, 0.25, 0.75, 0.75, 0.75, 0.5, 0.75, 0.5, 0.5, 0.75, 0.5, 0.5, 0.25, 0.75, 0.5, 0.5, 0.5, 0.25, 1.0, 1.0, 0.5, 0.75, 0.25, 0.75, 1.0, 1.0, 1.0, 0.75, 0.75, 0.75, 0.5, 0.25, 0.5, 0.0, 1.0, 0.75, 0.5, 0.5, 0.75, 0.75, 1.0, 1.0], "opto_hit_rate": [],