{"valid_accuracy": [], "total_train_loss": [476.0203552246094, 21.039402705430984, 5.019981781244278, 4.409098091125489, 4.176478912234306, 4.060490232110023, 3.9916866970062257, 3.9414647316932676, 3.916298034787178, 3.97144448697567, 3.9058384430408477, 3.8254994851350785, 3.746489117741585, 3.6925321197509766, 3.643220148682594, 3.643039708733559, 3.6753536140918732, 3.669748913049698, 3.658779106736183, 3.635326486825943, 3.635594617128372, 3.7147333681583405, 3.7708044731616974, 3.7554328763484954, 3.7335981965065, 3.746538157463074, 3.7395796835422517], "train_loss": [], "train_acc": [], "step_at_epoch": [], "dt_forward": [], "dt_backward": [], "dt_step": [], "best_acc": -1, "best_acc_epoch": null, "best_acc_step": null, "test_loss": [400.2135925292969, 5.746467113494873, 4.6043195724487305, 4.222155570983887, 4.030886173248291, 4.058680534362793, 4.0854172706604, 4.060245990753174, 4.029454231262207, 3.954080104827881, 4.0321455001831055, 3.731193780899048, 3.7281558513641357, 3.6768686771392822, 3.758470296859741, 3.6760783195495605, 3.680229425430298, 3.758777141571045, 3.7673580646514893, 3.6759142875671387, 3.605973958969116, 4.056155204772949, 3.768679618835449, 3.928039789199829, 3.8312947750091553, 3.8215999603271484, 3.8006179332733154], "best_loss": 3.605973958969116, "neuron_loss": [210.10263061523438, 9.64120426416397, 1.230706173479557, 0.948839052170515, 0.8317089413106441, 0.7814618209004403, 0.7511090634763241, 0.7207826517522335, 0.6945907220244407, 0.6725589083135128, 0.6471360850334168, 0.6248911412060261, 0.612036077529192, 0.6004781511425972, 0.591599548459053, 0.588754151314497, 0.5839915326237679, 0.5752728453278542, 0.5715771207213401, 0.5681972695887089, 0.5668025387823582, 0.5677442011237145, 0.5709400069713593, 0.5730410711467266, 0.574871656447649, 0.578582362383604, 0.5787019702792168], "trial_loss": [265.917724609375, 11.398198450803756, 3.7892756062746047, 3.46025903403759, 3.3447699797153474, 3.2790284091234208, 3.2405776447057724, 3.220682083368301, 3.2217073112726213, 3.2988855797052383, 3.258702363371849, 3.2006083410978317, 3.13445303440094, 3.092053967118263, 3.051620602607727, 3.0542855578660966, 3.091362079381943, 3.0944760674238205, 3.0872019851207733, 3.067129220366478, 3.068792080283165, 3.146989169716835, 3.1998644638061524, 3.18239180624485, 3.15872653901577, 3.16795578956604, 3.160877713561058], "tm_mle_loss": [0.0, 0.0, 0.0, 0.0, 0.0, 0.0, 0.0, 0.0, 0.0, 0.0, 0.0, 0.0, 0.0, 0.0, 0.0, 0.0, 0.0, 0.0, 0.0, 0.0, 0.0, 0.0, 0.0, 0.0, 0.0, 0.0, 0.0], "fr_loss": [0.0, 0.0, 0.0, 0.0, 0.0, 0.0, 0.0, 0.0, 0.0, 0.0, 0.0, 0.0, 0.0, 0.0, 0.0, 0.0, 0.0, 0.0, 0.0, 0.0, 0.0, 0.0, 0.0, 0.0, 0.0, 0.0, 0.0], "cross_corr_loss": [0.0, 0.0, 0.0, 0.0, 0.0, 0.0, 0.0, 0.0, 0.0, 0.0, 0.0, 0.0, 0.0, 0.0, 0.0, 0.0, 0.0, 0.0, 0.0, 0.0, 0.0, 0.0, 0.0, 0.0, 0.0, 0.0, 0.0], "t_trial_pearson": [0.08349809795618057, 0.4000951642356813, 0.5740310315787792, 0.618829907476902, 0.6320532231032848, 0.6423180738091469, 0.6413342563807964, 0.6439886996150017, 0.6499206088483334, 0.6477115117013454, 0.6502720326185226, 0.6531644900143146, 0.6585077287256718, 0.6657417808473111, 0.6723026929795742, 0.6714890389144421, 0.6654359556734561, 0.6663448719680309, 0.664331786930561, 0.6729367984831334, 0.6802331356704235, 0.6687624643743039, 0.6581250409781932, 0.6597559371590614, 0.6606625539064407, 0.6562487906217576, 0.6611997747421264], "trial_type_accuracy": [0.0, 1.0, 0.0, 0.0, 1.0, 0.0, 1.0, 1.0, 1.0, 1.0, 1.0, 0.0, 0.0, 1.0, 1.0, 0.0, 0.0, 1.0, 1.0, 1.0, 1.0, 1.0, 0.0, 1.0, 1.0, 0.0, 1.0], "opto_hit_rate": [], "t_trial_pearson_ratio": [0.0958896353840828, 0.7291290163993835, 0.8190664052963257, 0.8518892526626587, 0.8873568773269653, 0.848423182964325, 0.8963221907615662, 0.8962692022323608, 0.9011439085006714, 0.8997013568878174, 0.8827129006385803, 0.9067244529724121, 0.8974926471710205, 0.9373164176940918, 0.9358622431755066, 0.8943825364112854, 0.9125409722328186, 0.9252060055732727, 0.9314206838607788, 0.9398141503334045, 0.9216950535774231, 0.9008597135543823, 0.8969812989234924, 0.9056810140609741, 0.9015020132064819, 0.8969357013702393, 0.9012554883956909], "data_loss": [476.0203552246094, 21.039402705430984, 5.019981781244278, 4.409098091125489, 4.176478912234306, 4.060490232110023, 3.9916866970062257, 3.9414647316932676, 3.916298034787178, 3.97144448697567, 3.9058384430408477, 3.8254994851350785, 3.746489117741585, 3.6925321197509766, 3.643220148682594, 3.643039708733559, 3.6753536140918732, 3.669748913049698, 3.658779106736183, 3.635326486825943, 3.635594617128372, 3.7147333681583405, 3.7708044731616974, 3.7554328763484954, 3.7335981965065, 3.746538157463074, 3.7395796835422517]}