{"valid_accuracy": [], "total_train_loss": [53.70189666748047, 14.279933568239212, 4.6926194578409195, 3.6914052391052246, 3.4179678654670713, 3.308338764309883, 3.2517880028486252, 3.220196240544319, 3.1920782017707823, 3.16815713763237, 3.1526299327611924, 3.143634311556816, 3.133599266409874, 3.132030182480812, 3.1348575443029403, 3.1368358939886094, 3.134394632577896, 3.1292611992359163, 3.131585187911987, 3.133483093380928, 3.128018364906311, 3.1326910883188246, 3.147182496190071, 3.1373622214794157, 3.179750788807869, 3.178033716082573, 3.3760788261890413, 3.286086891889572, 3.412945788502693, 3.2995609790086746, 3.2205554896593096, 3.998290103673935, 6.097787122726441, 5.633563250899315, 3.6226448863744736, 3.693328011035919, 4.39706326007843, 5.5055310249328615, 6.4494540560245515, 10.569680536985397, 11.076125901937484, 13.207130835056304, 7.899592036604881, 12.486823205947877, 17.51177797317505, 5.460195444822311, 5.146584442853928, 4.708518128395081, 4.338646622896195, 4.175355193614959, 3.815171611905098, 3.270250564813614], "train_loss": [], "train_acc": [], "step_at_epoch": [], "dt_forward": [], "dt_backward": [], "dt_step": [], "best_acc": -1, "best_acc_epoch": null, "best_acc_step": null, "test_loss": [104.3854751586914, 7.9843058586120605, 14.966704368591309, 18.11203956604004, 20.11876678466797, 21.599609375, 22.92411231994629, 24.84125328063965, 24.347110748291016, 23.976524353027344, 22.576398849487305, 27.95522689819336, 27.025224685668945, 26.683454513549805, 28.07320785522461, 27.21165657043457, 31.026819229125977, 31.51319122314453, 29.099008560180664, 27.823299407958984, 28.84874725341797, 29.076276779174805, 31.401851654052734, 34.9387092590332, 32.27183532714844, 35.745033264160156, 34.269813537597656, 40.60302734375, 45.20552062988281, 37.65639114379883, 38.655311584472656, 12.251296997070312, 15.716496467590332, 17.048742294311523, 50.715335845947266, 52.82331466674805, 63.54019546508789, 17.072772979736328, 26.588624954223633, 37.4158935546875, 29.7530574798584, 56.090354919433594, 85.61747741699219, 91.95867156982422, 37.70772171020508, 25.62186622619629, 29.215456008911133, 34.315773010253906, 54.22549057006836, 44.14592742919922, 23.58934783935547, 45.423240661621094], "best_loss": 3.128018364906311, "neuron_loss": [27.265817642211914, 6.790656554698944, 2.766078507900238, 2.3567789632081984, 2.2362141644954683, 2.18967984855175, 2.1667881697416305, 2.1500421279668807, 2.13184282720089, 2.115297656059265, 2.104884467124939, 2.0995546275377275, 2.0970480704307555, 2.0983512580394743, 2.1020588690042494, 2.1027660536766053, 2.1025094068050385, 2.1002729678153993, 2.101376356482506, 2.102839224934578, 2.099679136276245, 2.101643120646477, 2.113321296572685, 2.107052490711212, 2.1269191390275957, 2.122689347267151, 2.1731519007682802, 2.138514233827591, 2.2552084320783616, 2.149115967154503, 2.141672788262367, 2.4188273513317107, 3.36064966738224, 3.0086152011156084, 2.2753690284490586, 2.243341578841209, 2.5422056847810746, 2.7076624137163163, 2.786868530511856, 3.7904600101709365, 3.2505135387182236, 3.187025703787804, 2.4323574137687682, 3.4916332930326464, 10.473497847318649, 1.5456655365228653, 1.438409385383129, 1.3911346238851547, 1.3152945974469186, 1.3004147964715957, 1.2673861217498779, 1.1895823177695275], "trial_loss": [1.3721907138824463, 1.0833908967673778, 0.8955643512308598, 0.8730630543828011, 0.8657410748302936, 0.8611723111569881, 0.8570529587566853, 0.8556779097020626, 0.8532627534866333, 0.850453294813633, 0.8481260202825069, 0.8443025043606758, 0.8396682949364185, 0.8369119320809841, 0.8359538817405701, 0.834707403331995, 0.8330477912724018, 0.8307154299318791, 0.831052606254816, 0.8288852064311505, 0.8294825260341168, 0.828188499212265, 0.827556232959032, 0.8281973043084144, 0.8300926300883293, 0.8324709402024746, 0.8407667468488217, 0.8427953860163688, 0.8290163168311119, 0.8350398342311383, 0.8311992913484574, 0.9059559834003449, 0.9548944152891636, 0.9178504045307636, 0.8606348703801632, 0.8650272111594677, 0.8718600013852119, 0.883096609711647, 0.9650074969232082, 0.9658562032878399, 0.9313461591303348, 0.9321124413609505, 0.9291179619729519, 0.973810225725174, 1.0053135401010513, 0.8736304450035095, 0.8678751057386398, 0.8680403834581375, 0.8780988918244839, 0.8575792101025581, 0.848800212442875, 0.8374348020553589], "tm_mle_loss": [0.0, 0.0, 0.0, 0.0, 0.0, 0.0, 0.0, 0.0, 0.0, 0.0, 0.0, 0.0, 0.0, 0.0, 0.0, 0.0, 0.0, 0.0, 0.0, 0.0, 0.0, 0.0, 0.0, 0.0, 0.0, 0.0, 0.0, 0.0, 0.0, 0.0, 0.0, 0.0, 0.0, 0.0, 0.0, 0.0, 0.0, 0.0, 0.0, 0.0, 0.0, 0.0, 0.0, 0.0, 0.0, 0.0, 0.0, 0.0, 0.0, 0.0, 0.0, 0.0], "fr_loss": [25.06389045715332, 6.405886082947254, 1.030976600497961, 0.4615632291138172, 0.31601262748241427, 0.25748660169541837, 0.22794687926769255, 0.21447620432823897, 0.20697261445224285, 0.202406185567379, 0.19961945325136185, 0.19977717757225036, 0.19688290659338237, 0.1967669988796115, 0.19684479773044586, 0.1993624433502555, 0.1988374323025346, 0.19827279970049858, 0.19915622767060995, 0.20175866331905126, 0.19885670684278012, 0.20285946786403655, 0.20630496073514223, 0.2021124268695712, 0.22273902144283056, 0.22287343002855778, 0.36216018557548524, 0.30477727178484204, 0.32872104898095134, 0.31540518425405023, 0.24768340710550546, 0.6735067709162831, 1.7822430332005024, 1.7070976373553277, 0.48664099086076024, 0.5849592214077711, 0.9829975752532483, 1.9147719839215278, 2.697578045129776, 5.813364332318306, 6.89426617205143, 9.087992717027664, 4.5381166580319405, 8.021379694938659, 6.032966548800468, 3.0408994540572167, 2.8402999460697176, 2.449343139529228, 2.1452531427145005, 2.0173611840605736, 1.6989852711558342, 1.2432334497570992], "cross_corr_loss": [0.0, 0.0, 0.0, 0.0, 0.0, 0.0, 0.0, 0.0, 0.0, 0.0, 0.0, 0.0, 0.0, 0.0, 0.0, 0.0, 0.0, 0.0, 0.0, 0.0, 0.0, 0.0, 0.0, 0.0, 0.0, 0.0, 0.0, 0.0, 0.0, 0.0, 0.0, 0.0, 0.0, 0.0, 0.0, 0.0, 0.0, 0.0, 0.0, 0.0, 0.0, 0.0, 0.0, 0.0, 0.0, 0.0, 0.0, 0.0, 0.0, 0.0, 0.0, 0.0], "t_trial_pearson": [0.1709672510623932, 0.18612302839756012, 0.32115643851459025, 0.3526466290652752, 0.362142816260457, 0.3670797476917505, 0.375419984459877, 0.38232872642576693, 0.37921908386051656, 0.37906428910791873, 0.3788502427190542, 0.3775982290506363, 0.3825686129927635, 0.3889740378409624, 0.390299661681056, 0.39342817932367324, 0.3953171970695257, 0.4020908407866955, 0.3921591264009476, 0.3962531918287277, 0.4023781801760197, 0.4023754908144474, 0.40517407715320586, 0.4028876739740372, 0.40443603925406935, 0.39404932104051116, 0.39024749435484407, 0.37524594165384767, 0.40773590534925463, 0.3928114076703787, 0.4066534088551998, 0.302733493372798, 0.24879552341997624, 0.28634091161191466, 0.36589168846607206, 0.35965856201946733, 0.36631622835993766, 0.34036882005631924, 0.2126904147490859, 0.2633786289766431, 0.2899710813909769, 0.3019598513096571, 0.3031089553595199, 0.2558835314586759, 0.282913417853415, 0.34426983781158926, 0.35454363450407983, 0.3585991880297661, 0.33918319419026377, 0.36360645018517973, 0.3788066453486681, 0.3897824392467737], "trial_type_accuracy": [0.25, 0.25, 0.5, 0.5, 0.5, 0.5, 0.5, 0.25, 0.5, 0.5, 0.5, 0.25, 0.5, 0.25, 0.25, 0.5, 0.5, 0.5, 0.5, 0.25, 0.5, 0.5, 0.25, 0.5, 0.5, 0.25, 0.25, 0.25, 0.25, 0.75, 0.5, 0.25, 0.25, 0.5, 0.5, 0.25, 0.75, 0.25, 0.25, 0.25, 0.25, 0.5, 0.25, 0.25, 0.25, 0.0, 0.5, 0.25, 0.25, 0.25, 0.25, 1.0], "opto_hit_rate": [],