{"valid_accuracy": [], "total_train_loss": [210.11215209960938, 15.652356031537057, 2.4945491164922715, 1.4566064512729644, 1.0615902030467987, 0.8728305178880692, 0.7760610815882683, 0.7178181652724743, 0.6691375738382339, 0.6320160949230194, 0.6009736274182796, 0.5813913574814796, 0.5734630052745342, 0.5660391525924205, 0.564393417686224, 0.5632665249705314, 0.5610756380856037, 0.5604515023529529, 0.5604788890480995, 0.5608009298145771, 0.5596046572923661, 0.560084442794323, 0.5607217963039876, 0.5619055743515492, 0.5611333253979683, 0.565637329518795, 0.5627621273696423, 0.565250593572855, 0.5657134941220283, 0.566960860490799, 0.5670150119066238, 0.5682912115752697, 0.5745634788274765, 0.5834338095784187, 0.5922395612299443], "train_loss": [], "train_acc": [], "step_at_epoch": [], "dt_forward": [], "dt_backward": [], "dt_step": [], "best_acc": -1, "best_acc_epoch": null, "best_acc_step": null, "test_loss": [185.19390869140625, 3.7125205993652344, 1.8292609453201294, 1.2662805318832397, 0.9895123243331909, 0.8780843615531921, 0.7860935926437378, 0.7339579463005066, 0.6893613934516907, 0.6784193515777588, 0.6401782631874084, 0.6325010657310486, 0.6132278442382812, 0.6163612604141235, 0.6200754642486572, 0.6271955370903015, 0.6091015338897705, 0.6133010983467102, 0.6151416897773743, 0.650687575340271, 0.609149694442749, 0.6244332790374756, 0.6270409226417542, 0.6309194564819336, 0.6250656843185425, 0.636701762676239, 0.6504817008972168, 0.6363018751144409, 0.6330941915512085, 0.6386380195617676, 0.6593665480613708, 0.635528028011322, 0.658600389957428, 0.6587721109390259, 0.6790977716445923], "best_loss": 0.6091015338897705, "neuron_loss": [210.11215209960938, 15.652356031537057, 2.4945491164922715, 1.4566064512729644, 1.0615902030467987, 0.8728305178880692, 0.7760610815882683, 0.7178181652724743, 0.6691375738382339, 0.6320160949230194, 0.6009736274182796, 0.5813913574814796, 0.5734630052745342, 0.5660391525924205, 0.564393417686224, 0.5632665249705314, 0.5610756380856037, 0.5604515023529529, 0.5604788890480995, 0.5608009298145771, 0.5596046572923661, 0.560084442794323, 0.5607217963039876, 0.5619055743515492, 0.5611333253979683, 0.565637329518795, 0.5627621273696423, 0.565250593572855, 0.5657134941220283, 0.566960860490799, 0.5670150119066238, 0.5682912115752697, 0.5745634788274765, 0.5834338095784187, 0.5922395612299443], "trial_loss": [0.0, 0.0, 0.0, 0.0, 0.0, 0.0, 0.0, 0.0, 0.0, 0.0, 0.0, 0.0, 0.0, 0.0, 0.0, 0.0, 0.0, 0.0, 0.0, 0.0, 0.0, 0.0, 0.0, 0.0, 0.0, 0.0, 0.0, 0.0, 0.0, 0.0, 0.0, 0.0, 0.0, 0.0, 0.0], "tm_mle_loss": [0.0, 0.0, 0.0, 0.0, 0.0, 0.0, 0.0, 0.0, 0.0, 0.0, 0.0, 0.0, 0.0, 0.0, 0.0, 0.0, 0.0, 0.0, 0.0, 0.0, 0.0, 0.0, 0.0, 0.0, 0.0, 0.0, 0.0, 0.0, 0.0, 0.0, 0.0, 0.0, 0.0, 0.0, 0.0], "fr_loss": [0.0, 0.0, 0.0, 0.0, 0.0, 0.0, 0.0, 0.0, 0.0, 0.0, 0.0, 0.0, 0.0, 0.0, 0.0, 0.0, 0.0, 0.0, 0.0, 0.0, 0.0, 0.0, 0.0, 0.0, 0.0, 0.0, 0.0, 0.0, 0.0, 0.0, 0.0, 0.0, 0.0, 0.0, 0.0], "cross_corr_loss": [0.0, 0.0, 0.0, 0.0, 0.0, 0.0, 0.0, 0.0, 0.0, 0.0, 0.0, 0.0, 0.0, 0.0, 0.0, 0.0, 0.0, 0.0, 0.0, 0.0, 0.0, 0.0, 0.0, 0.0, 0.0, 0.0, 0.0, 0.0, 0.0, 0.0, 0.0, 0.0, 0.0, 0.0, 0.0], "t_trial_pearson": [0.07406903058290482, 0.16665398402139545, 0.2736355097219348, 0.3555962275713682, 0.4150849989056587, 0.4491150826215744, 0.46320401154458524, 0.47122392393648627, 0.47436424396932125, 0.479246174916625, 0.4839537390662581, 0.48815562419593334, 0.487166271135211, 0.4888079224526882, 0.48367809094488623, 0.48169457010924815, 0.47863697543740275, 0.47447464637458325, 0.46902783170342444, 0.46594302378594876, 0.4634489115327597, 0.458315227190247, 0.45555800683796405, 0.4518333251029253, 0.4474213373661041, 0.4452365879207621, 0.44601513430476186, 0.44391451209783556, 0.4398100854456425, 0.43901293352246284, 0.4406826995313168, 0.4400870556384325, 0.4405027385801077, 0.44378110133111476, 0.4433562386035919], "trial_type_accuracy": [0.0, 0.0, 0.0, 0.0, 1.0, 1.0, 1.0, 1.0, 1.0, 1.0, 0.0, 0.0, 1.0, 1.0, 1.0, 1.0, 1.0, 0.0, 1.0, 0.0, 1.0, 1.0, 1.0, 0.0, 1.0, 1.0, 0.0, 0.0, 0.0, 0.0, 0.0, 0.0, 0.0, 0.0, 0.0], "opto_hit_rate": [], "t_trial_pearson_ratio": [0.09604869782924652, 0.31462883949279785, 0.4330363869667053, 0.5390599370002747, 0.5967901349067688, 0.6284701824188232, 0.6533865928649902, 0.6485835909843445, 0.6537154912948608, 0.6478691101074219, 0.6635396480560303, 0.6700596213340759, 0.6677289605140686, 0.659782886505127, 0.6536713242530823, 0.6701435446739197, 0.671134889125824, 0.6418290734291077, 0.6304673552513123, 0.6188547015190125, 0.6304653286933899, 0.6167449951171875, 0.6261199116706848, 0.5958666205406189, 0.6072763800621033, 0.6162681579589844, 0.6070222854614258, 0.6133967041969299, 0.6020593643188477, 0.5947896838188171, 0.6014826893806458, 0.6015748977661133, 0.6035419702529907, 0.60462486743927, 0.6071401238441467], "data_loss": [210.11215209960938, 15.652356031537057, 2.4945491164922715, 1.4566064512729644, 1.0615902030467987, 0.8728305178880692, 0.7760610815882683, 0.7178181652724743, 0.6691375738382339, 0.6320160949230194, 0.6009736274182796, 0.5813913574814796, 0.5734630052745342, 0.5660391525924205, 0.564393417686224, 0.5632665249705314, 0.5610756380856037, 0.5604515023529529, 0.5604788890480995, 0.5608009298145771, 0.5596046572923661, 0.560084442794323, 0.5607217963039876, 0.5619055743515492, 0.5611333253979683, 0.565637329518795, 0.5627621273696423, 0.565250593572855, 0.5657134941220283, 0.566960860490799, 0.5670150119066238, 0.5682912115752697, 0.5745634788274765, 0.5834338095784187, 0.5922395612299443]}