{"valid_accuracy": [], "total_train_loss": [53.82637023925781, 13.836532166004181, 4.763578940629959, 3.731886959671974, 3.39164176940918, 3.2604049694538118, 3.214770808815956, 3.1905668640136717, 3.1827637547254564, 3.176724690794945, 3.160023999810219, 3.1625017112493516, 3.2226678389310837, 3.2809127324819567, 3.460604166388512, 3.683008697628975, 3.820971251130104, 3.93634206533432, 3.7036403727531435, 3.475087494850159, 3.4901020282506945, 3.334982706308365, 3.246678650379181, 3.2356745433807372, 3.238246141076088, 3.196942335367203, 3.1830131429433823, 3.181064494252205, 3.2031591153144836, 3.1955463391542436, 3.344544675350189, 3.2397867107391356, 2.070667630136013, 2.0163175946474077, 1.9959349861741067, 2.008230082988739, 1.9818703895807266, 1.9799179098010062, 2.0036078733205795, 1.9952399924397468, 2.012922903299332, 2.0175535428524016, 2.1801070776581764, 2.041353296339512, 1.9985869017243385, 2.3187824323773385, 2.0213374239206314, 2.0591554933786393, 1.9921755808591843, 1.9820391395688057, 1.9768151664733886, 1.9827089792490005], "train_loss": [], "train_acc": [], "step_at_epoch": [], "dt_forward": [], "dt_backward": [], "dt_step": [], "best_acc": -1, "best_acc_epoch": null, "best_acc_step": null, "test_loss": [77.02342987060547, 7.754117965698242, 15.237570762634277, 16.970977783203125, 18.273212432861328, 19.820449829101562, 23.99237060546875, 25.530691146850586, 23.238994598388672, 22.116487503051758, 25.356792449951172, 25.46728515625, 25.82176971435547, 29.110441207885742, 34.720497131347656, 39.07973861694336, 26.424095153808594, 46.04251480102539, 26.0826358795166, 34.34788131713867, 33.51240158081055, 37.85892868041992, 33.36804962158203, 34.08278274536133, 30.23455047607422, 33.63963317871094, 29.989736557006836, 38.17060470581055, 32.46653366088867, 37.69196701049805, 30.752180099487305, 36.28982162475586, 44.046836853027344, 41.63667678833008, 34.593833923339844, 46.91511917114258, 42.98873519897461, 43.617156982421875, 42.663360595703125, 42.22816848754883, 43.01172637939453, 38.262882232666016, 44.26594161987305, 45.71554946899414, 44.10175704956055, 38.1150016784668, 45.04051208496094, 46.218788146972656, 39.2513542175293, 36.859188079833984, 44.4466667175293, 42.13308334350586], "best_loss": 1.9768151664733886, "neuron_loss": [27.820735931396484, 6.3180964833498, 2.7739225709438324, 2.328471609354019, 2.185830771923065, 2.1428766262531282, 2.1344587433338167, 2.1274775326251985, 2.130663877129555, 2.1310159760713576, 2.1212956500053406, 2.1218867325782775, 2.152380867600441, 2.1697780537605285, 2.282142301797867, 2.227768922448158, 2.2505440092086793, 2.462500211596489, 2.2833810877799987, 2.2085932475328445, 2.2398554784059526, 2.177544038295746, 2.1407675731182096, 2.1452143973112108, 2.1552246421575547, 2.132514640688896, 2.1246033841371537, 2.13365070104599, 2.1429724997282027, 2.1316813570261, 2.175585449934006, 2.1337371069192885, 0.9710350470244884, 0.9547130008041859, 0.9497150766849518, 0.9529240384697915, 0.9422788938879967, 0.9443459084630013, 0.9513401252031326, 0.9469247497618198, 0.9513154785335064, 0.9548987568914891, 0.9965353280305862, 0.9534773491322994, 0.9440413162112236, 1.0197765137255193, 0.9496087312698365, 0.9578756611049175, 0.9476351784169674, 0.9465512162446976, 0.9427003626525402, 0.9465507104992866], "trial_loss": [1.3816858530044556, 1.0686072777211666, 0.906799847483635, 0.8826129505038262, 0.8733293917775155, 0.8581842498481274, 0.851135675162077, 0.845589312762022, 0.8404622733592987, 0.8375115293264389, 0.8332851608097553, 0.8319519853591919, 0.8320762756466865, 0.8308906863629818, 0.8372299510240555, 0.8485746882855892, 0.8603592267632485, 0.84508409678936, 0.8380034868419171, 0.830982392579317, 0.8322116500139236, 0.8311412021517753, 0.8282096832990646, 0.8255717396736145, 0.825068406611681, 0.8245697510242462, 0.8233175437152386, 0.8241345255076885, 0.8243156903982163, 0.8248994742333889, 0.8379284140467643, 0.8265579918026924, 0.812277849316597, 0.8068002431094646, 0.8074303317070007, 0.8088056452572345, 0.8033826972544194, 0.804760617762804, 0.8064919491112232, 0.8047293098270893, 0.8053661105036736, 0.8070342476665974, 0.8119542828202247, 0.8062870436906815, 0.8022688917815686, 0.8183982326090335, 0.8046647210419178, 0.8077560795843601, 0.8056405171751976, 0.8047104522585868, 0.8023528243601322, 0.8034224246442317], "tm_mle_loss": [0.0, 0.0, 0.0, 0.0, 0.0, 0.0, 0.0, 0.0, 0.0, 0.0, 0.0, 0.0, 0.0, 0.0, 0.0, 0.0, 0.0, 0.0, 0.0, 0.0, 0.0, 0.0, 0.0, 0.0, 0.0, 0.0, 0.0, 0.0, 0.0, 0.0, 0.0, 0.0, 0.0, 0.0, 0.0, 0.0, 0.0, 0.0, 0.0, 0.0, 0.0, 0.0, 0.0, 0.0, 0.0, 0.0, 0.0, 0.0, 0.0, 0.0, 0.0, 0.0], "fr_loss": [24.623947143554688, 6.449828414022923, 1.0828565217554569, 0.5208024019002915, 0.3324815991520882, 0.25934409972280265, 0.22917638558894396, 0.21750002272427083, 0.21163761012256146, 0.20819718785583974, 0.20544318970292808, 0.20866299781948328, 0.2382107001170516, 0.28024399653077126, 0.3412319206446409, 0.6066650899499655, 0.7100680119544268, 0.628757763504982, 0.5822557976096868, 0.43551185898482797, 0.41803489670157434, 0.3262974686920643, 0.27770139671862126, 0.26488840278238057, 0.25795309379696846, 0.23985793601721525, 0.2350922166928649, 0.22327926326543093, 0.23587093073874713, 0.2389655140787363, 0.33103080704808235, 0.27949161242693665, 0.2873547339066863, 0.25480435192584994, 0.23878957685083152, 0.24650040611624718, 0.23620879583060742, 0.23081137996166945, 0.24577579855918885, 0.24358592953532934, 0.2562413077428937, 0.255620535351336, 0.37161746487021446, 0.2815889014303684, 0.252276690043509, 0.48060767754912376, 0.26706396501511337, 0.29352375518530605, 0.23889988206326962, 0.23077747263014317, 0.23176197908818721, 0.2327358428016305], "cross_corr_loss": [0.0, 0.0, 0.0, 0.0, 0.0, 0.0, 0.0, 0.0, 0.0, 0.0, 0.0, 0.0, 0.0, 0.0, 0.0, 0.0, 0.0, 0.0, 0.0, 0.0, 0.0, 0.0, 0.0, 0.0, 0.0, 0.0, 0.0, 0.0, 0.0, 0.0, 0.0, 0.0, 0.0, 0.0, 0.0, 0.0, 0.0, 0.0, 0.0, 0.0, 0.0, 0.0, 0.0, 0.0, 0.0, 0.0, 0.0, 0.0, 0.0, 0.0, 0.0, 0.0], "t_trial_pearson": [0.1737232506275177, 0.18870621610432864, 0.3095850493386388, 0.3407198981940746, 0.34028895542025567, 0.35265064127743245, 0.36406827546656134, 0.36905091390013695, 0.38239399395883084, 0.389143436178565, 0.39759923361241817, 0.4053648355603218, 0.4041927946358919, 0.4077619766443968, 0.40277603432536124, 0.3825670979171991, 0.3620443397760391, 0.40428497940301894, 0.40369768120348454, 0.4095430056005716, 0.4105517217516899, 0.4123140561580658, 0.40843764513731, 0.41930883839726446, 0.41405099935829637, 0.413190685659647, 0.41820181757211683, 0.41825735732913016, 0.412351288869977, 0.4141232923418283, 0.40001601450145247, 0.41473375871777535, 0.4426278944515511, 0.4444473000615835, 0.4325244193524122, 0.43735754400491716, 0.43845182448625564, 0.441718840226531, 0.44436242274940013, 0.43950355127453805, 0.44234394013881684, 0.44060081578791144, 0.4292662499845028, 0.44438965544104575, 0.4440824303776026, 0.4231448545306921, 0.44546626560389996, 0.43839610256254674, 0.43934790039306404, 0.4421411792933941, 0.4417901961505413, 0.44027137696743013], "trial_type_accuracy": [0.25, 0.25, 0.25, 0.25, 0.25, 0.25, 0.25, 0.25, 0.25, 0.25, 0.25, 0.25, 0.25, 0.25, 0.5, 0.75, 0.25, 0.25, 0.25, 0.5, 0.75, 0.5, 0.5, 0.5, 0.25, 0.25, 0.25, 0.5, 0.5, 0.5, 0.5, 0.5, 0.75, 0.75, 0.5, 0.25, 0.75, 0.75, 0.75, 0.5, 0.5, 0.5, 0.75, 0.75, 0.75, 0.25, 0.75, 0.75, 0.75, 0.5, 0.5, 0.75], "opto_hit_rate": [],