{
    "valid_accuracy": [],
    "total_train_loss": [
        52.44926452636719,
        12.412527211904525,
        3.676065608263016,
        2.5458482867479324,
        2.2357297986745834,
        2.1233277350664137,
        2.0570127725601197,
        2.0130402013659476,
        1.9860122233629227,
        1.9708270606398584,
        1.9557228040695191,
        1.9444213539361954,
        1.9382404723763467,
        1.9464465382695197,
        1.938051781952381,
        1.9436248591542244,
        1.948580259680748,
        1.9497939530014992,
        1.9489106249809265,
        1.9415111491084098,
        1.9337293884158135,
        1.9339618384838104,
        1.9303511011600494,
        1.926249965429306,
        1.926679125726223,
        1.9213891246914863,
        1.9197182002663613,
        1.9134729853272439,
        1.913825822174549,
        1.9140028494596482,
        1.9253912460803986,
        2.206488236784935,
        2.8257848542928694,
        4.165904335379601,
        2.3191736856102945,
        2.304023946225643,
        2.176277345716953,
        2.1635519909858703,
        2.742518555521965,
        2.1267390283942222,
        2.027712354660034,
        2.5940644943714144,
        2.632114377617836,
        2.7167657256126403,
        2.2584934955835343,
        2.6364182990789415
    ],
    "train_loss": [],
    "train_acc": [],
    "step_at_epoch": [],
    "dt_forward": [],
    "dt_backward": [],
    "dt_step": [],
    "best_acc": -1,
    "best_acc_epoch": null,
    "best_acc_step": null,
    "test_loss": [
        49.14970397949219,
        6.882854461669922,
        7.010900497436523,
        11.419901847839355,
        13.934666633605957,
        16.725614547729492,
        20.410274505615234,
        24.55087661743164,
        22.418895721435547,
        25.00629425048828,
        25.875490188598633,
        28.547691345214844,
        27.720531463623047,
        31.675382614135742,
        32.94395446777344,
        31.72953224182129,
        34.86951446533203,
        30.36728286743164,
        33.475643157958984,
        33.22675323486328,
        32.54525375366211,
        39.46501922607422,
        37.40105438232422,
        37.21342086791992,
        34.99298095703125,
        42.178253173828125,
        39.97319412231445,
        40.34990692138672,
        40.07981491088867,
        38.0547981262207,
        45.04603958129883,
        34.122989654541016,
        30.936113357543945,
        41.24658966064453,
        49.23548889160156,
        45.34901809692383,
        50.729671478271484,
        30.03544807434082,
        37.58287811279297,
        44.4599494934082,
        43.064727783203125,
        22.439456939697266,
        39.19126510620117,
        45.46957015991211,
        45.95488357543945,
        48.96064758300781
    ],
    "best_loss": 1.9134729853272439,
    "neuron_loss": [
        26.09488296508789,
        4.818587341308594,
        1.6428621718287468,
        1.2182107701897622,
        1.0973976603150368,
        1.0469271662831305,
        1.0135158857703208,
        0.9921787419915199,
        0.9806666442751885,
        0.9713964055478573,
        0.9612731331586838,
        0.9534829951822757,
        0.9482928404211998,
        0.949971666932106,
        0.9463118609786033,
        0.9483271406590938,
        0.9487026388943195,
        0.9490288513898849,
        0.9465027809143066,
        0.9430501313507557,
        0.9412415885925293,
        0.9400812935829163,
        0.9392584992945194,
        0.9359526298940182,
        0.9358893778920173,
        0.9335580188035965,
        0.9314345400035381,
        0.9294388146698475,
        0.9288375075161457,
        0.9290683993697166,
        0.9324974229931832,
        1.0412167367339134,
        1.2450589513778687,
        1.426100859940052,
        1.0284030854701995,
        1.1030169485509396,
        1.0277309246361255,
        1.0386547110974789,
        1.3109296518564224,
        1.0069613710045815,
        0.9626987813413144,
        1.200597052872181,
        1.1558099308609961,
        1.1706252470612526,
        1.0555789849162103,
        1.1188884797692298
    ],
    "trial_loss": [
        1.3596934080123901,
        1.084640536904335,
        0.8844106520712376,
        0.8516516689956188,
        0.8441514413058758,
        0.8408296114206314,
        0.8319913867115974,
        0.8208275510370732,
        0.8120188122987747,
        0.808670135140419,
        0.8060181945562362,
        0.8040356396138668,
        0.8026931561529637,
        0.8030166944861412,
        0.8012415336072445,
        0.8021654991805554,
        0.8009530311822891,
        0.8014243820309639,
        0.800765085965395,
        0.7991728079319,
        0.7981127509474755,
        0.7973557969927788,
        0.7973446252942086,
        0.7955728733539581,
        0.7955567519366741,
        0.7955118037760258,
        0.7945354163646698,
        0.7935893395543099,
        0.7935159978270531,
        0.7926532696187496,
        0.7931510490179062,
        0.8121305167675018,
        0.872742145806551,
        0.9065487453341484,
        0.8124356763064862,
        0.8422596624493599,
        0.8176989714801312,
        0.8286691331863403,
        0.8487077990174293,
        0.8097832545638084,
        0.8004637677967549,
        0.8850118722021579,
        0.8460177400708199,
        0.8456932985782624,
        0.8293103444576263,
        0.8462517574429512
    ],
    "tm_mle_loss": [
        0.0,
        0.0,
        0.0,
        0.0,
        0.0,
        0.0,
        0.0,
        0.0,
        0.0,
        0.0,
        0.0,
        0.0,
        0.0,
        0.0,
        0.0,
        0.0,
        0.0,
        0.0,
        0.0,
        0.0,
        0.0,
        0.0,
        0.0,
        0.0,
        0.0,
        0.0,
        0.0,
        0.0,
        0.0,
        0.0,
        0.0,
        0.0,
        0.0,
        0.0,
        0.0,
        0.0,
        0.0,
        0.0,
        0.0,
        0.0,
        0.0,
        0.0,
        0.0,
        0.0,
        0.0,
        0.0
    ],
    "fr_loss": [
        24.994688034057617,
        6.50929930627346,
        1.1487927836179734,
        0.47598584719002246,
        0.29418070286512377,
        0.2355709520727396,
        0.21150549970567226,
        0.2000339090079069,
        0.19332676857709885,
        0.19076051715761422,
        0.18843147952109576,
        0.18690272141247988,
        0.1872544775903225,
        0.1934581794962287,
        0.19049838900566102,
        0.1931322169303894,
        0.1989245917648077,
        0.19934071611613036,
        0.20164275739341975,
        0.19928821142762898,
        0.19437504820525647,
        0.19652475036680697,
        0.1937479693815112,
        0.19472445998340845,
        0.19523299612104894,
        0.19231930166482925,
        0.1937482512742281,
        0.19044482924044132,
        0.19147231489419936,
        0.1922811821848154,
        0.19974277582019567,
        0.3531409814953804,
        0.7079837577790022,
        1.8332547350227832,
        0.4783349291235208,
        0.3587473366782069,
        0.3308474477007985,
        0.2962281418591738,
        0.5828811045736074,
        0.30999439258128403,
        0.26454980436712505,
        0.5084555650502444,
        0.6302867062389851,
        0.7004471862316132,
        0.37360417187213896,
        0.6712780606001616
    ],