{
    "valid_accuracy": [],
    "total_train_loss": [
        134.06201171875,
        18.989468693733215,
        9.471486310958863,
        8.717517621517182,
        8.359581497907639,
        8.12412784576416,
        7.860233612060547,
        7.636268074512482,
        7.409718893766403,
        7.300323401689529,
        7.163334919214249,
        7.218822205066681,
        7.406596496105194,
        7.254548720121384,
        7.446699562072754,
        7.457343250513077,
        7.552334624528885,
        7.738320665359497,
        7.99902987241745,
        7.962838498353958,
        8.300942846536635,
        7.982498797178269,
        8.111775439977645,
        8.588981689214707,
        8.947893331050873,
        8.385184760093688
    ],
    "train_loss": [],
    "train_acc": [],
    "step_at_epoch": [],
    "dt_forward": [],
    "dt_backward": [],
    "dt_step": [],
    "best_acc": -1,
    "best_acc_epoch": null,
    "best_acc_step": null,
    "test_loss": [
        141.73606872558594,
        11.46804141998291,
        9.533897399902344,
        8.861735343933105,
        8.511114120483398,
        8.204683303833008,
        8.13801383972168,
        7.96068000793457,
        8.138555526733398,
        8.230563163757324,
        8.305597305297852,
        8.11318302154541,
        8.409557342529297,
        8.398886680603027,
        8.71609115600586,
        9.30600357055664,
        9.573917388916016,
        9.741082191467285,
        9.811841011047363,
        10.027615547180176,
        10.41336441040039,
        10.339446067810059,
        10.262736320495605,
        10.492478370666504,
        10.145140647888184,
        11.119858741760254
    ],
    "best_loss": 6.315674992799759,
    "neuron_loss": [
        37.37367248535156,
        2.1186896192282436,
        0.3907068578153849,
        0.2580557342618704,
        0.19866014532744886,
        0.16800903931260108,
        0.1492913281917572,
        0.13504923447966577,
        0.1284760244935751,
        0.12628954634070397,
        0.12464059725403785,
        0.12538099087774754,
        0.124592851921916,
        0.12503459997475147,
        0.12313199557363987,
        0.1203251900523901,
        0.11977372772991657,
        0.119910459369421,
        0.12083415389060974,
        0.11967955410480499,
        0.11957524910569191,
        0.11902464777231217,
        0.12206989303231239,
        0.12321745522320271,
        0.1352227870374918,
        0.13414627753198147
    ],
    "trial_loss": [
        52.72631072998047,
        12.413330512046814,
        8.357792152166367,
        7.819270640611649,
        7.545903112888336,
        7.298542041778564,
        7.031646472215653,
        6.800817800760269,
        6.557475146055221,
        6.365838470458985,
        6.265929375886917,
        6.166282187700272,
        6.120431072711945,
        6.0941098010540005,
        5.976867263317108,
        5.909708231687546,
        5.872079638242721,
        5.846272947788239,
        5.846298595666886,
        5.849330278635025,
        5.871123684644699,
        5.928137762546539,
        6.026199306249619,
        6.255021766424179,
        6.600513327121734,
        6.345905311107636
    ],
    "tm_mle_loss": [
        0.0,
        0.0,
        0.0,
        0.0,
        0.0,
        0.0,
        0.0,
        0.0,
        0.0,
        0.0,
        0.0,
        0.0,
        0.0,
        0.0,
        0.0,
        0.0,
        0.0,
        0.0,
        0.0,
        0.0,
        0.0,
        0.0,
        0.0,
        0.0,
        0.0,
        0.0
    ],
    "fr_loss": [
        43.96202087402344,
        3.4932136388123034,
        0.45639813885092734,
        0.4047100757807493,
        0.38324678100645543,
        0.3736856987327337,
        0.3674444203823805,
        0.357915921844542,
        0.3541464850306511,
        0.3532602899521589,
        0.351584175825119,
        0.3527711507678032,
        0.35521338291466237,
        0.3515889365971088,
        0.35621071226894857,
        0.35350885361433027,
        0.35536620520055295,
        0.35205188147723676,
        0.34878896817564964,
        0.34666516043245793,
        0.34368557304143904,
        0.35146320596337316,
        0.3471810874342918,
        0.3513824389874935,
        0.3494127740710974,
        0.34849496863782403
    ],
    "cross_corr_loss": [
        0.0,
        0.0,
        0.0,
        0.0,
        0.0,
        0.0,
        0.0,
        0.0,
        0.0,
        0.0,
        0.0,
        0.0,
        0.0,
        0.0,
        0.0,
        0.0,
        0.0,
        0.0,
        0.0,
        0.0,
        0.0,
        0.0,
        0.0,
        0.0,
        0.0,
        0.0
    ],
    "t_trial_pearson": [
        0.21375125646591187,
        0.37360868968069555,
        0.4802638140320778,
        0.500857529938221,
        0.5133912959694862,
        0.524615172445774,
        0.5339586840569973,
        0.5467372067272663,
        0.555998503267765,
        0.5657922045886516,
        0.5654546023905277,
        0.5686923761665821,
        0.5681701637804508,
        0.5636792440712451,
        0.5741691975295544,
        0.5845582783222198,
        0.5906731477379799,
        0.5937657247483731,
        0.5915300990641117,
        0.5917809528112411,
        0.5892113164067269,
        0.5861655029654503,
        0.5799730835855007,
        0.5719513383507728,
        0.5524360777437687,
        0.5673968890309333
    ],
    "trial_type_accuracy": [
        0.0,
        0.0,
        0.0,
        0.0,
        0.0,
        0.0,
        0.0,
        0.0,
        0.0,
        0.0,
        0.0,
        0.0,
        0.0,
        0.0,
        0.0,
        0.0,
        0.0,
        1.0,
        1.0,
        1.0,
        1.0,
        1.0,
        1.0,
        0.0,
        1.0,
        0.0
    ],
    "opto_hit_rate": [],
    "t_trial_pearson_ratio": [
        0.3816083073616028,
        0.7684147953987122,
        0.8318924903869629,
        0.8496025204658508,
        0.8580504059791565,
        0.883821427822113,
        0.903474748134613,
        0.9101676344871521,
        0.9167516827583313,
        0.920768678188324,
        0.9042916893959045,
        0.9327718019485474,
        0.902726948261261,
        0.9281811118125916,
        0.9515313506126404,
        0.9718751311302185,
        0.9835447669029236,
        1.0104292631149292,
        1.0053666830062866,
        1.0108332633972168,
        1.0055043697357178,
        0.9922719597816467,
        0.9883498549461365,
        0.9524611234664917,
        0.9708393216133118,
        0.962430477142334
    ],
    "data_loss": [
        134.06201171875,
        18.025233883857727,
        9.204897136688233,
        8.482036454677582,
        8.127810028791428,
        7.840236797332763,
        7.5483822250366215,
        7.293782970905304,
        7.040097655057907,
        6.845388308763504,
        6.742154136896134,
        6.644434330463409,
        6.600237281322479,
        6.570733355283737,
        6.4562099647521975,
        6.383542267084121,
        6.347219573259354,
        6.318235292434692,
        6.315921714305878,
        6.315674992799759,
        6.334384523630142,
        6.398625620603561,
        6.4954502904415135,
        6.729621661901474,
        7.085148885250091,
        6.828546576499939
    ]
}