{"valid_accuracy": [], "total_train_loss": [461.0985412597656, 24.35360821723938, 5.293727345466614, 4.52730092048645, 4.210956923365593, 4.1297887283563615, 3.9522140884399413, 3.8058197206258773, 3.747113659977913, 3.702821206450462, 3.6775700634717943, 3.6844568902254107, 3.69012940466404, 3.71670757830143, 3.733417358994484, 3.7275281876325606, 3.7560024058818815, 3.7641055399179457, 3.7894556188583373], "train_loss": [], "train_acc": [], "step_at_epoch": [], "dt_forward": [], "dt_backward": [], "dt_step": [], "best_acc": -1, "best_acc_epoch": null, "best_acc_step": null, "test_loss": [400.4195556640625, 6.080416679382324, 4.861113548278809, 4.413540363311768, 4.280364513397217, 4.186989784240723, 4.006825923919678, 3.955777883529663, 3.8044848442077637, 3.7473232746124268, 3.7672412395477295, 3.777592658996582, 3.737816572189331, 3.915299654006958, 3.8129940032958984, 3.9391226768493652, 3.946803092956543, 3.9739267826080322, 3.9383938312530518], "best_loss": 3.737816572189331, "neuron_loss": [198.58535766601562, 11.217033042907715, 1.2600735765695572, 0.914203816652298, 0.7406489039957523, 0.6782766354084014, 0.6186689740419388, 0.5918968440592289, 0.5812917855381966, 0.5751456172764301, 0.5702391318976879, 0.5660840576887131, 0.5598259516060352, 0.5584947843849659, 0.5575176911056041, 0.5512055714428424, 0.5478661954402924, 0.5469623278081417, 0.5463524025678634], "trial_loss": [262.51318359375, 13.136575261354446, 4.033653770685196, 3.613097110390663, 3.470308024287224, 3.4515120989084243, 3.3335451155900957, 3.213922882080078, 3.165821874141693, 3.127675592303276, 3.107330934405327, 3.118372829556465, 3.130303453207016, 3.158212788105011, 3.1758996695280075, 3.1763226157426834, 3.2081362020969393, 3.217143213748932, 3.2431032156944273], "tm_mle_loss": [0.0, 0.0, 0.0, 0.0, 0.0, 0.0, 0.0, 0.0, 0.0, 0.0, 0.0, 0.0, 0.0, 0.0, 0.0, 0.0, 0.0, 0.0, 0.0], "fr_loss": [0.0, 0.0, 0.0, 0.0, 0.0, 0.0, 0.0, 0.0, 0.0, 0.0, 0.0, 0.0, 0.0, 0.0, 0.0, 0.0, 0.0, 0.0, 0.0], "cross_corr_loss": [0.0, 0.0, 0.0, 0.0, 0.0, 0.0, 0.0, 0.0, 0.0, 0.0, 0.0, 0.0, 0.0, 0.0, 0.0, 0.0, 0.0, 0.0, 0.0], "t_trial_pearson": [0.06356112658977509, 0.3640535597503185, 0.5411243925243616, 0.5929297883808613, 0.6177372446656227, 0.6278474332392215, 0.6488851292431355, 0.6635419401526451, 0.6754992416501046, 0.6747889837622643, 0.6810893285274505, 0.6766152638196945, 0.679334646165371, 0.6771107390522957, 0.6717379207909108, 0.6736293499171734, 0.671685622483492, 0.6679659795761108, 0.6661175017058849], "trial_type_accuracy": [0.0, 1.0, 0.0, 0.0, 1.0, 1.0, 1.0, 1.0, 0.0, 1.0, 1.0, 1.0, 1.0, 1.0, 1.0, 1.0, 0.0, 1.0, 0.0], "opto_hit_rate": [], "t_trial_pearson_ratio": [0.10535137355327606, 0.713184654712677, 0.7750327587127686, 0.8250110745429993, 0.8598309755325317, 0.8695868849754333, 0.8982486128807068, 0.9197956919670105, 0.8924577236175537, 0.9082232713699341, 0.899299144744873, 0.9149811863899231, 0.9136481881141663, 0.911961019039154, 0.9021084904670715, 0.9057533144950867, 0.8771175146102905, 0.8910988569259644, 0.8974835872650146], "data_loss": [461.0985412597656, 24.35360821723938, 5.293727345466614, 4.52730092048645, 4.210956923365593, 4.1297887283563615, 3.9522140884399413, 3.8058197206258773, 3.747113659977913, 3.702821206450462, 3.6775700634717943, 3.6844568902254107, 3.69012940466404, 3.71670757830143, 3.733417358994484, 3.7275281876325606, 3.7560024058818815, 3.7641055399179457, 3.7894556188583373]}