{"valid_accuracy": [], "total_train_loss": [52.83991622924805, 3.904186935424805, 23.67727072238922, 2.58509397149086, 2.3060076314210893, 2.595567308664322, 3.326616286039352, 2.12366326212883, 2.1278869861364367, 2.124393430352211, 2.0616834419965744, 2.075253770053387, 2.079337492585182, 3.648169964849949, 5.852351289987564, 5.779489576816559, 5.720970381498336, 5.643615922927856, 5.579695760011673, 5.519209915399552, 5.452209351062774, 5.392047463655472, 3.2895535629987718, 2.0409729635715483, 1.957350741326809, 5.839097234606743, 6.64623034119606, 6.597218617200851, 6.542011976242065, 6.494123862981796, 6.446094123125076, 6.401752383708954, 6.366643071174622, 6.307557370662689, 6.273722215890884, 6.231324346065521, 6.192360528707504, 6.155731048583984, 6.124690510034561, 6.085545834302902, 6.052364151477814, 6.027932173013687, 5.99646360039711, 5.965435650348663, 5.945689359903335, 5.914411364793778], "train_loss": [], "train_acc": [], "step_at_epoch": [], "dt_forward": [], "dt_backward": [], "dt_step": [], "best_acc": -1, "best_acc_epoch": null, "best_acc_step": null, "test_loss": [43.71150588989258, 13.760244369506836, 24.118486404418945, 15.738249778747559, 12.584027290344238, 24.149335861206055, 21.589387893676758, 23.382959365844727, 25.790950775146484, 26.007768630981445, 22.917057037353516, 28.15937614440918, 27.336139678955078, 78.10745239257812, 76.36963653564453, 76.23934173583984, 71.54557800292969, 71.70128631591797, 73.58084106445312, 67.44035339355469, 65.77426147460938, 66.4049301147461, 29.49928855895996, 29.66749382019043, 20.96336555480957, 38.54650115966797, 37.65943145751953, 36.90642166137695, 36.143611907958984, 35.80903625488281, 35.12211990356445, 34.498802185058594, 34.31920623779297, 33.85606002807617, 32.855690002441406, 32.667137145996094, 31.8394718170166, 31.621719360351562, 31.267101287841797, 30.635990142822266, 30.514190673828125, 29.69062614440918, 29.370235443115234, 28.672874450683594, 28.527427673339844, 27.93388557434082], "best_loss": 1.957350741326809, "neuron_loss": [26.501401901245117, 1.9094346302747727, 1.909239763021469, 1.251746090054512, 1.1499198648333548, 1.2482363644242287, 1.2538550993800164, 1.0599833163619041, 1.0550977697968482, 1.0466902190446854, 1.0142402605712413, 1.0277397584915162, 1.0274281959235667, 1.8841282576322556, 3.1565847635269164, 3.109621591567993, 3.0534260630607606, 2.9943755626678468, 2.946698031425476, 2.8985022848844526, 2.8453774923086166, 2.795786902308464, 1.6334878212213517, 0.9797776381671429, 0.9503422375023365, 2.782064125686884, 3.1469538754224775, 3.1212090075016024, 3.0844807308912277, 3.054363631606102, 3.0322641706466675, 3.0048023122549057, 2.9856807684898374, 2.948681507706642, 2.9266336089372635, 2.897521386146545, 2.8753428626060487, 2.8559134352207183, 2.8353530806303024, 2.809771236181259, 2.784415465593338, 2.77095797598362, 2.748774995803833, 2.7267525148391725, 2.711827566623688, 2.6899031817913057], "trial_loss": [1.3668779134750366, 0.9349484249949456, 1.021811979264021, 0.8639059613645077, 0.8495397472381592, 0.8469682398438454, 0.8317955233156681, 0.8144436609745026, 0.8114978680014611, 0.8099417608976364, 0.7894909341633319, 0.7926913976669312, 0.7829917195439339, 0.8445313304662705, 0.9249699749052525, 0.9250662596523762, 0.9240251941978932, 0.9229482011497021, 0.9224912969768048, 0.9218958614766598, 0.9210527601838112, 0.9199901573359967, 0.8281845672428608, 0.7706540478765964, 0.7670958518981934, 0.8641598975658417, 0.8849444803595543, 0.8856562136113644, 0.8857543085515499, 0.8867127448320389, 0.886900700032711, 0.8876536901295186, 0.888238415569067, 0.8889378598332405, 0.8895529454946518, 0.8902506570518017, 0.8909328134357929, 0.8913119930028915, 0.8916529473662377, 0.892672604471445, 0.8931704710423947, 0.8938894045352935, 0.8948941288888455, 0.8950281211733818, 0.8956863895058632, 0.8966440056264401], "tm_mle_loss": [0.0, 0.0, 0.0, 0.0, 0.0, 0.0, 0.0, 0.0, 0.0, 0.0, 0.0, 0.0, 0.0, 0.0, 0.0, 0.0, 0.0, 0.0, 0.0, 0.0, 0.0, 0.0, 0.0, 0.0, 0.0, 0.0, 0.0, 0.0, 0.0, 0.0, 0.0, 0.0, 0.0, 0.0, 0.0, 0.0, 0.0, 0.0, 0.0, 0.0, 0.0, 0.0, 0.0, 0.0, 0.0, 0.0], "fr_loss": [24.971635818481445, 1.0598038847371936, 20.746218853890895, 0.4694419154152274, 0.30654801335185766, 0.500362705513835, 1.2409656619653107, 0.24923628501594067, 0.26129134763032197, 0.2677614523470402, 0.2579522452875972, 0.25482261687517166, 0.26891758263111115, 0.919510380551219, 1.7707965606451035, 1.7448017287254334, 1.743519134223461, 1.726292149424553, 1.7105064168572426, 1.6988117557764053, 1.6857790958881378, 1.676270396411419, 0.8278811745345592, 0.29054128244519234, 0.23991265527904035, 2.1928732244297864, 2.6143319857120515, 2.5903533971309662, 2.5717769330739975, 2.5530474835634234, 2.5269292479753496, 2.509296374320984, 2.4927238881587983, 2.469938015341759, 2.457535659074783, 2.443552305102348, 2.4260848468542098, 2.4085056161880494, 2.3976844888925553, 2.3831019884347917, 2.374778214097023, 2.363084795475006, 2.3527944791316986, 2.3436549985408783, 2.3381754046678545, 2.3278641802072526], "cross_corr_loss": [0.0, 0.0, 0.0, 0.0, 0.0, 0.0, 0.0, 0.0, 0.0, 0.0, 0.0, 0.0, 0.0, 0.0, 0.0, 0.0, 0.0, 0.0, 0.0, 0.0, 0.0, 0.0, 0.0, 0.0, 0.0, 0.0, 0.0, 0.0, 0.0, 0.0, 0.0, 0.0, 0.0, 0.0, 0.0, 0.0, 0.0, 0.0, 0.0, 0.0, 0.0, 0.0, 0.0, 0.0, 0.0, 0.0], "t_trial_pearson": [0.1767042726278305, 0.27943629179149865, 0.3156770171970129, 0.351492078974843, 0.37090887159109115, 0.37729765243828295, 0.3903822761774063, 0.41643978230655193, 0.41418211176991465, 0.4053309960663319, 0.4205768506228924, 0.43476233035326006, 0.4447807191312313, 0.3601741690188646, 0.2564081946015358, 0.2546516313403845, 0.2548987129330635, 0.2545809926092625, 0.25626542963087556, 0.2561752523481846, 0.25757066167891024, 0.2569621431082487, 0.3733937209099531, 0.4635986680537462, 0.46619677290320394, 0.33898927211761476, 0.31048596076667306, 0.3091385580599308, 0.309378862157464, 0.3069568105787039, 0.3053077808022499, 0.303987188488245, 0.30101713016629217, 0.30016306169331075, 0.2971299863606691, 0.29794924035668374, 0.29297243066132067, 0.2947990369051695, 0.2935559119284153, 0.2925128907710314, 0.29058213502168656, 0.2883099886029959, 0.28639238581061366, 0.28702897623181345, 0.28337611123919487, 0.28217820279300215], "trial_type_accuracy": [0.25, 0.0, 0.5, 0.5, 0.5, 0.25, 0.0, 0.0, 0.25, 0.0, 0.5, 0.75, 0.5, 0.25, 0.25, 0.25, 0.25, 0.25, 0.25, 0.25, 0.25, 0.25, 0.25, 0.75, 0.25, 0.25, 0.25, 0.25, 0.25, 0.25, 0.25, 0.25, 0.25, 0.25, 0.25, 0.25, 0.25, 0.25, 0.25, 0.25, 0.25, 0.25, 0.25, 0.25, 0.25, 0.25], "opto_hit_rate": [], "t_trial_pearson_ratio": [0.3594591021537781, 0.7431768774986267, 0.6596243381500244, 0.6887781023979187, 0.6601982116699219, 0.815146267414093, 0.8601995706558228, 0.8812069892883301, 0.8875654935836792, 0.9145948886871338, 0.9343737363815308, 0.8906590342521667, 0.9476820826530457, 0.5132104754447937, 0.5187904834747314, 0.5032458901405334, 0.52506023645401, 0.507366955280304, 0.5058623552322388, 0.5179086327552795, 0.5160748958587646, 0.5174033641815186, 0.8337871432304382, 0.9662299752235413, 0.8347604870796204, 0.6743431687355042, 0.6394967436790466, 0.6400083303451538, 0.6407188177108765, 0.6311225295066833, 0.6216845512390137, 0.6462164521217346, 0.6138468384742737, 0.6076719164848328, 0.613004207611084, 0.6268859505653381, 0.6026189923286438, 0.6169196367263794, 0.6084048748016357, 0.5986595749855042, 0.5987064242362976, 0.5957984924316406, 0.6037074327468872, 0.591376543045044, 0.5851662755012512, 0.5808650255203247],