{"valid_accuracy": [], "total_train_loss": [10485.388671875, 15.955572279691696, 1.9868603447079658, 1.9155154630541802, 1.9063448879122733, 1.861407046020031, 1.7220037266612054, 1.6846527814865113, 1.6620002377033234, 1.6004392567276955, 1.5810238087177277, 1.5911803752183915, 1.5375995880365372, 1.5147742304205893, 1.5214171808958055, 1.533955204486847, 1.5314431974291802, 1.5026399329304696, 1.536074248254299, 1.4802738577127457, 1.4441388618946076, 1.4559948429465295, 1.4362633952498436, 1.3939525723457336, 1.4012558591365813, 1.4153203457593917, 1.3778347930312156, 1.642760168015957, 1.3490951716899873, 1.3317963808774949, 1.3320672771334647, 1.3372623711824416, 1.3337602233886718, 1.3314588916301728, 1.2968402272462844, 1.3036176353693008, 1.290147844851017, 1.2740688103437423, 1.3076748079061509, 1.2929269340634346, 1.2705424907803535, 1.3235420444607735, 1.3252329859137535, 1.3344615250825882, 1.31805100440979, 1.3030524688959122, 1.3547696536779403, 1.3647973132133484, 1.343046407997608, 1.3501670509576797, 1.3531388527154922], "train_loss": [], "train_acc": [], "step_at_epoch": [], "dt_forward": [], "dt_backward": [], "dt_step": [], "best_acc": -1, "best_acc_epoch": null, "best_acc_step": null, "test_loss": [1901.911865234375, 14.620697975158691, 15.78735065460205, 16.000059127807617, 15.483155250549316, 16.1259765625, 16.432628631591797, 15.518421173095703, 16.071155548095703, 15.1259183883667, 13.98817253112793, 14.681343078613281, 16.47388458251953, 13.098922729492188, 15.33298110961914, 12.157306671142578, 12.738102912902832, 15.476547241210938, 15.162994384765625, 14.897019386291504, 13.052204132080078, 14.640381813049316, 12.710439682006836, 12.507549285888672, 12.127120971679688, 12.315603256225586, 12.945245742797852, 13.462993621826172, 14.318553924560547, 11.849869728088379, 10.698954582214355, 10.81564998626709, 12.53187370300293, 12.88718318939209, 13.104316711425781, 11.49593734741211, 10.877646446228027, 10.714818954467773, 9.801340103149414, 11.783802032470703, 11.73452377319336, 11.695990562438965, 10.796085357666016, 13.460488319396973, 12.338475227355957, 12.574339866638184, 11.430756568908691, 15.018606185913086, 13.345163345336914, 13.09485149383545, 13.33706283569336], "best_loss": 1.2705424907803535, "neuron_loss": [5747.43310546875, 6.481644041389227, 0.9302550087869167, 0.8335800115764141, 0.7702233573794365, 0.755572224855423, 0.725670667886734, 0.7016051907837391, 0.6838233217597007, 0.6571555913984776, 0.6417864607274533, 0.6381275303661823, 0.6195725332200527, 0.6057154126465321, 0.6031532819569111, 0.5984804694354534, 0.5885989260673523, 0.5807992278039456, 0.5812498769164085, 0.5654222011566162, 0.5573531232774258, 0.5545317493379116, 0.5453502194583416, 0.5346887021511794, 0.529440850391984, 0.5345589876174927, 0.5160057584196329, 0.5401761339604855, 0.5082841140031814, 0.5042754425853491, 0.49881228238344194, 0.4964034017920494, 0.4946349070966244, 0.49437895700335505, 0.48477199867367743, 0.4825598392635584, 0.47677619986236097, 0.4707397875189781, 0.4795745161920786, 0.4770934761315584, 0.4655343036353588, 0.47710943132638933, 0.47617325007915495, 0.47322455994784834, 0.4678208469599485, 0.46291135922074317, 0.4758981654047966, 0.4725741767138243, 0.46575975261628627, 0.46442329317331316, 0.4614241650700569], "trial_loss": [27.573505401611328, 0.9435393218696118, 0.7942391288280487, 0.7824762032926083, 0.7744270686805248, 0.7658134742081165, 0.7480629807710648, 0.7410586473345756, 0.7381551879644394, 0.7312959799170494, 0.7287979282438755, 0.7274689929187298, 0.7226004292070866, 0.7198040881752967, 0.7180516220629215, 0.7173989434540272, 0.7154521958529949, 0.7151004794239998, 0.7144484919309616, 0.7131680814921856, 0.712370453029871, 0.7113151356577874, 0.7088678006827831, 0.7072175455093384, 0.7076128688454628, 0.7099317142367363, 0.7037799888849259, 0.7091958153247834, 0.703118356615305, 0.7056139945983887, 0.7031697577238083, 0.701016663312912, 0.7015757703781128, 0.7016436477005482, 0.6997144056856632, 0.69921471580863, 0.697972154468298, 0.6968348670005798, 0.69841227799654, 0.6988206821680069, 0.696048092842102, 0.697748771905899, 0.6972707191109657, 0.696407720297575, 0.6956651581823826, 0.694333810210228, 0.6963549864292145, 0.6962051586806774, 0.695198073387146, 0.694574676156044, 0.6939924931526185], "tm_mle_loss": [0.0, 0.0, 0.0, 0.0, 0.0, 0.0, 0.0, 0.0, 0.0, 0.0, 0.0, 0.0, 0.0, 0.0, 0.0, 0.0, 0.0, 0.0, 0.0, 0.0, 0.0, 0.0, 0.0, 0.0, 0.0, 0.0, 0.0, 0.0, 0.0, 0.0, 0.0, 0.0, 0.0, 0.0, 0.0, 0.0, 0.0, 0.0, 0.0, 0.0, 0.0, 0.0, 0.0, 0.0, 0.0, 0.0, 0.0, 0.0, 0.0, 0.0, 0.0], "fr_loss": [4710.3818359375, 8.530388909056782, 0.26236620869487526, 0.29945925071835516, 0.3616944604367018, 0.3400213415920734, 0.24827008292078973, 0.2419889445230365, 0.24002172820270062, 0.21198768654838204, 0.21043942049145697, 0.22558385241776704, 0.19542662581428885, 0.18925473233684897, 0.20021227795630694, 0.2180757903493941, 0.22739207452163102, 0.20674022488296032, 0.24037587573751806, 0.2016835738159716, 0.17441528851166369, 0.19014795430004597, 0.1820453758444637, 0.15204632666893303, 0.16420214249752463, 0.17082964025437833, 0.15804904844611883, 0.39338821487501263, 0.1376927027758211, 0.12190694136545062, 0.13008523872122169, 0.13984230539761483, 0.13754954718984663, 0.1354362851008773, 0.11235382562503218, 0.12184308365918696, 0.11539948691613972, 0.1064941536448896, 0.12968801878392697, 0.1170127764903009, 0.10896009524352848, 0.14868384312838315, 0.1517890171147883, 0.16482924601063131, 0.154565000962466, 0.14580729624256492, 0.18251650160178542, 0.19601797679439187, 0.18208858190104366, 0.19116908054798842, 0.19772219516336917], "cross_corr_loss": [0.0, 0.0, 0.0, 0.0, 0.0, 0.0, 0.0, 0.0, 0.0, 0.0, 0.0, 0.0, 0.0, 0.0, 0.0, 0.0, 0.0, 0.0, 0.0, 0.0, 0.0, 0.0, 0.0, 0.0, 0.0, 0.0, 0.0, 0.0, 0.0, 0.0, 0.0, 0.0, 0.0, 0.0, 0.0, 0.0, 0.0, 0.0, 0.0, 0.0, 0.0, 0.0, 0.0, 0.0, 0.0, 0.0, 0.0, 0.0, 0.0, 0.0, 0.0], "t_trial_pearson": [0.11355074495077133, 0.3207162340544164, 0.4150412515550852, 0.44121279411017894, 0.4516009218990803, 0.4639384476840496, 0.4696878837049007, 0.48564109720289705, 0.48616924799978734, 0.5002506102621556, 0.5044471515715122, 0.4992477889358997, 0.5131917543709278, 0.5184061069786549, 0.5223069395124912, 0.5223353397101164, 0.5194215212017298, 0.520649783462286, 0.5246954423189163, 0.5175437444448471, 0.5235734075307846, 0.5271108044683933, 0.5256053222715855, 0.5337435396015644, 0.5303567491471768, 0.5238882769644261, 0.5288162580132485, 0.5296654151380062, 0.5363858416676521, 0.5320315653085709, 0.5333471213281155, 0.538828467875719, 0.5404002730548382, 0.5372876720130444, 0.5411423856019973, 0.5427937965095043, 0.543794254809618, 0.5439462342858314, 0.5465816116333008, 0.5432651044428348, 0.5443824696540832, 0.5413263253867626, 0.5431142605841159, 0.5467516823112964, 0.549756431877613, 0.5505582004785537, 0.5480769923329354, 0.5479638054966927, 0.5477286671102047, 0.5455421543121338, 0.5451270399987698], "trial_type_accuracy": [0.25, 0.0, 0.5, 0.5, 0.0, 0.5, 0.5, 0.5, 0.5, 0.75, 0.5, 0.5, 0.25, 0.75, 0.5, 0.5, 0.5, 0.25, 0.75, 0.5, 0.75, 0.5, 0.75, 0.5, 0.0, 0.75, 0.75, 0.25, 0.0, 0.75, 0.75, 0.5, 0.0, 0.75, 0.25, 1.0, 0.5, 0.75, 0.5, 0.75, 0.5, 0.5, 0.5, 0.5, 0.25, 0.5, 0.75, 0.5, 0.5, 0.75, 0.5], "opto_hit_rate": [],