{"valid_accuracy": [], "total_train_loss": [52.26897430419922, 14.087078745365142, 4.582388812899589, 3.663021374344826, 3.4034170413017275, 3.27781590282917, 3.212988415956497, 3.1915857964754104, 3.1752199578285216, 3.14927984893322, 3.1322317868471146, 3.1240007907152174, 3.122235895395279, 3.1099452513456343, 3.1089559310674666, 3.145523754954338, 3.221671931147575, 3.452731620669365, 3.7489107596874236, 4.463864468932152, 5.754145109653473, 8.084125403165817, 4.077776417136192, 3.5881982797384264, 3.5419591051340102, 3.5269740909337997, 3.460046609044075, 3.335716571211815, 3.2216091102361677, 3.1484611481428146, 3.121814020872116, 3.228997457623482, 3.448964355587959, 3.664043864607811, 3.280799971818924, 3.267253655791283, 2.259295952320099, 2.1099338084459305, 2.065575953722, 2.0199338951706887, 1.9873196426033974, 1.9612989434599877, 1.9556964990496635, 1.94811027854681, 2.027193098068237, 2.117897467017174, 1.9642925095558166, 1.9741563338041306, 2.0244047102332114, 2.577354819178581, 2.5588271033763887, 3.137191824913025], "train_loss": [], "train_acc": [], "step_at_epoch": [], "dt_forward": [], "dt_backward": [], "dt_step": [], "best_acc": -1, "best_acc_epoch": null, "best_acc_step": null, "test_loss": [83.26817321777344, 7.801629543304443, 13.090560913085938, 12.605735778808594, 13.910523414611816, 15.787300109863281, 16.73710060119629, 19.332714080810547, 19.905826568603516, 21.1611385345459, 21.093639373779297, 22.589014053344727, 22.93366813659668, 22.97736930847168, 25.71453094482422, 24.806838989257812, 31.42341423034668, 20.776121139526367, 24.04230308532715, 13.753753662109375, 24.970821380615234, 14.198982238769531, 13.736011505126953, 19.049854278564453, 25.947999954223633, 26.16274642944336, 24.77492332458496, 25.6661434173584, 25.711395263671875, 25.341331481933594, 25.31003189086914, 24.634557723999023, 33.448001861572266, 35.90673828125, 27.923076629638672, 28.348936080932617, 27.557788848876953, 28.907665252685547, 27.480030059814453, 29.336807250976562, 31.301044464111328, 28.50501823425293, 33.034698486328125, 30.920122146606445, 32.88117599487305, 34.111690521240234, 30.856616973876953, 35.36147689819336, 35.529518127441406, 35.262290954589844, 49.063255310058594, 15.944878578186035], "best_loss": 1.94811027854681, "neuron_loss": [26.05704116821289, 6.394428976178169, 2.686659410595894, 2.3298481106758118, 2.2213063168525697, 2.164636748433113, 2.1384952634572985, 2.131783454418182, 2.1268916869163514, 2.107793802022934, 2.0953002363443374, 2.090035991072655, 2.0897851437330246, 2.0803595113754274, 2.0796270537376405, 2.0936006796360016, 2.132324748635292, 2.189871405363083, 2.445230896472931, 2.3818621104955673, 2.7915707617998122, 2.947341954112053, 2.324701441526413, 2.2183306443691255, 2.2222786712646485, 2.2382467722892763, 2.209112773537636, 2.1614202946424483, 2.116902655363083, 2.0910881400108337, 2.0867120176553726, 2.1242163050174714, 2.2515243929624558, 2.261507365703583, 2.145033966898918, 2.1121485567092897, 1.0525813110172748, 0.998451026827097, 0.9834995616972446, 0.969457678347826, 0.9604052440822124, 0.9522070464491844, 0.9501789885759354, 0.9480136279761792, 0.9781737688183785, 1.0221064567565918, 0.9522242639958859, 0.9571009641885757, 0.9798562735319137, 1.1523997318744659, 1.2047249335050583, 1.39681494474411], "trial_loss": [1.3648838996887207, 1.0670417766273022, 0.8879696090519428, 0.8742515887320041, 0.8669692248106002, 0.8571561156213283, 0.8487725320458412, 0.8451798471808434, 0.8413014750182629, 0.8381942123174667, 0.8358949492871761, 0.8343723179399967, 0.832433282583952, 0.83165343567729, 0.8327599017322064, 0.8362048971652984, 0.8383350944519044, 0.8540590949356556, 0.8685241635143757, 0.8820453014969826, 0.9306595088541507, 0.9597018831968307, 0.8728405350446701, 0.858845873773098, 0.8516990953683853, 0.8465066282451152, 0.8393294507265091, 0.8333879533410072, 0.8306613144278526, 0.8296047772467137, 0.827357402741909, 0.8356826213002205, 0.8435333380103112, 0.8569826540350914, 0.8274281212687492, 0.8355087712407112, 0.821945124566555, 0.8128784701228142, 0.8109129455685615, 0.8082487025856971, 0.8059197199344635, 0.8033561572432518, 0.8017340143024921, 0.8014437301456928, 0.8083824601769447, 0.821303820759058, 0.8025855985283852, 0.8056041663885116, 0.811075786948204, 0.8441781395673752, 0.8432460804283619, 0.8835116668045521], "tm_mle_loss": [0.0, 0.0, 0.0, 0.0, 0.0, 0.0, 0.0, 0.0, 0.0, 0.0, 0.0, 0.0, 0.0, 0.0, 0.0, 0.0, 0.0, 0.0, 0.0, 0.0, 0.0, 0.0, 0.0, 0.0, 0.0, 0.0, 0.0, 0.0, 0.0, 0.0, 0.0, 0.0, 0.0, 0.0, 0.0, 0.0, 0.0, 0.0, 0.0, 0.0, 0.0, 0.0, 0.0, 0.0, 0.0, 0.0, 0.0, 0.0, 0.0, 0.0, 0.0, 0.0], "fr_loss": [24.8470516204834, 6.625607994496822, 1.0077597904205322, 0.4589216699451208, 0.3151414980739355, 0.25602304488420485, 0.22572062365710735, 0.21462249964475633, 0.20702679373323918, 0.20329183619469404, 0.20103659734129906, 0.19959248337894678, 0.20001747019588947, 0.19793230421841146, 0.19656898468732834, 0.21571816552430392, 0.25101208195090297, 0.40880111686885356, 0.4351557018235326, 1.199957059547305, 2.031914837062359, 4.1770815646648405, 0.880234451442957, 0.5110217748582363, 0.46798133611679077, 0.44222069807350634, 0.4116043921560049, 0.340908320993185, 0.2740451430156827, 0.22776824150234462, 0.20774459939450027, 0.2690985272079706, 0.3539066218957305, 0.5455538452416658, 0.3083378932997584, 0.31959633219987155, 0.38476951271295545, 0.2986043170839548, 0.2711634409800172, 0.24222751021385192, 0.22099467642605305, 0.20573574226349592, 0.2037834920361638, 0.19865292090922593, 0.24063686415553093, 0.2744871850684285, 0.20948264848440887, 0.21145120587199925, 0.23347264468669893, 0.5807769507169723, 0.5108560904860496, 0.8568652141094207], "cross_corr_loss": [0.0, 0.0, 0.0, 0.0, 0.0, 0.0, 0.0, 0.0, 0.0, 0.0, 0.0, 0.0, 0.0, 0.0, 0.0, 0.0, 0.0, 0.0, 0.0, 0.0, 0.0, 0.0, 0.0, 0.0, 0.0, 0.0, 0.0, 0.0, 0.0, 0.0, 0.0, 0.0, 0.0, 0.0, 0.0, 0.0, 0.0, 0.0, 0.0, 0.0, 0.0, 0.0, 0.0, 0.0, 0.0, 0.0, 0.0, 0.0, 0.0, 0.0, 0.0, 0.0], "t_trial_pearson": [0.17404134571552277, 0.19315968599170447, 0.33155089877545835, 0.34273356713354586, 0.35303371615707874, 0.3640979173779488, 0.3744631560146809, 0.37907563857734206, 0.382008598446846, 0.3934416316449642, 0.38514310598373414, 0.3885822257399559, 0.3859283762425184, 0.39289583191275596, 0.3912870912998915, 0.3901939779520035, 0.3868016585707664, 0.3605139423906803, 0.369354639723897, 0.3204574254155159, 0.27107051096856594, 0.22485056854784488, 0.34672243483364584, 0.36394509084522725, 0.3762796674668789, 0.38366070814430714, 0.3914116607606411, 0.39563071623444557, 0.4022556046396494, 0.4023854376375675, 0.4056765236705542, 0.3882402919232845, 0.3847013545036316, 0.351688154488802, 0.40248826794326303, 0.3879152482002974, 0.41908792392981936, 0.4207518342137337, 0.42753393784165383, 0.4306450016796589, 0.4368058031797409, 0.4382749380171299, 0.43708577238023283, 0.43528967790305617, 0.42891393803060057, 0.40588782005012036, 0.43846558205783365, 0.4287870539724827, 0.42338014461100104, 0.390381615832448, 0.4203188723325729, 0.3612870135903358], "trial_type_accuracy": [0.25, 0.5, 0.5, 0.5, 0.25, 0.5, 0.5, 0.0, 0.5, 0.25, 0.5, 0.25, 0.25, 0.25, 0.25, 0.25, 0.25, 0.5, 0.5, 0.25, 0.25, 0.25, 0.5, 0.5, 0.5, 0.75, 0.5, 0.5, 0.5, 0.5, 0.25, 0.25, 0.25, 0.25, 0.25, 0.25, 0.5, 0.5, 0.5, 0.5, 0.5, 0.5, 0.75, 0.5, 0.5, 0.75, 0.25, 0.25, 0.5, 0.5, 0.5, 0.25], "opto_hit_rate": [],