{"valid_accuracy": [], "total_train_loss": [52.13263702392578, 10.837373883724213, 3.3404430150985718, 2.548575727343559, 2.325609064102173, 2.2216974157094955, 2.1750450468063356, 2.1504296362400055, 2.1317391628026963, 2.117012606263161, 2.106317412853241, 2.0978394389152526, 2.093812662363052, 2.095549454689026, 2.0921513372659684, 2.0852195191383363, 2.0925743842124938, 2.0825550413131713, 2.108114033341408, 67.94022846937179, 2.0737043273448945, 14.59633572101593, 2.8346432411670683, 2.3436851555109026, 2.5307846158742904, 61.31026739299298, 2.0706423938274385, 2.0690755033493042, 2.0688505578041076, 2.0697590190172197, 2.07009094953537, 2.069128585457802, 2.0706301534175875, 2.0719196039438246, 2.0731468731164933, 3.0177087604999544, 3.031444116234779, 4.853777420520783, 3.46296858727932, 2.608259409070015, 2.48976176738739, 2.7256327372789384, 2.16710277736187, 2.8766150498390197, 4.150262387394905, 2.0502145749330523, 4.542190913558006, 5.831497083306313, 2.841138243675232, 2.71981074154377, 11.362586288452148, 2.0533194130659105, 2.1590602654218674, 3.904520637989044, 36.76637147009373, 2.0541187644004824, 2.0499412274360655, 6.09074351131916, 3.2326425087451933, 2.96871580183506, 3.0564982438087465, 3.5899508076906206, 59.333376882076266, 155.8956603693962, 6.693237627148628, 2.9571079006791114, 2.0099393489956854, 2.2481399208307264, 2.3314997571706773, 5.078124218285084, 51.896806601881984, 1.4478426000475884, 1.0713934153318405, 1.185651558339596, 2.2521920621395113, 2.408155447542667, 2.293206413984299], "train_loss": [], "train_acc": [], "step_at_epoch": [], "dt_forward": [], "dt_backward": [], "dt_step": [], "best_acc": -1, "best_acc_epoch": null, "best_acc_step": null, "test_loss": [120.59619903564453, 8.29904842376709, 11.839373588562012, 17.003952026367188, 19.301929473876953, 20.864540100097656, 24.66822624206543, 24.13492774963379, 22.313514709472656, 30.23360824584961, 35.34476089477539, 35.00796127319336, 29.1959171295166, 31.94666862487793, 27.320158004760742, 40.22880554199219, 31.26105308532715, 32.5841064453125, 50.70270538330078, 43.3924674987793, 33.564796447753906, 24.008686065673828, 33.22540283203125, 37.555755615234375, 26.502378463745117, 32.44355392456055, 37.2943229675293, 40.518245697021484, 39.330543518066406, 34.82017135620117, 39.222320556640625, 36.92605209350586, 41.165775299072266, 48.49219512939453, 49.01353073120117, 107.30451202392578, 92.77202606201172, 108.74498748779297, 113.26414489746094, 101.84224700927734, 125.98067474365234, 31.532285690307617, 25.120525360107422, 34.76560592651367, 37.0968132019043, 40.134395599365234, 98.5998764038086, 164.97903442382812, 153.11106872558594, 132.80752563476562, 33.368255615234375, 32.79026794433594, 39.58182144165039, 24.64224624633789, 29.15921401977539, 35.99363327026367, 35.25841522216797, 171.68048095703125, 184.42254638671875, 162.99066162109375, 93.19285583496094, 32.664573669433594, 989.8216552734375, 212.54405212402344, 260.5321044921875, 260.6333312988281, 92.28020477294922, 138.53863525390625, 99.36701202392578, 109.7110824584961, 155.09007263183594, 94.25444793701172, 96.20536041259766, 135.3386993408203, 197.42286682128906, 249.99717712402344, 240.9118194580078], "best_loss": 1.0713934153318405, "neuron_loss": [27.137950897216797, 6.692916361093521, 2.6281986659765244, 2.1933029115200045, 2.069982162117958, 2.0141443207859995, 1.985155245065689, 1.9669580119848251, 1.9532601606845856, 1.9400772154331207, 1.9312353950738907, 1.9234816282987595, 1.9194851413369178, 1.915851235985756, 1.9151103508472442, 1.908245177268982, 1.910526523590088, 1.9055666953325272, 1.9152740013599396, 3.0933083668351173, 1.8987675309181213, 5.991240224838257, 1.99576603859663, 1.9681479921936988, 2.0400794324278833, 5.466939290165901, 1.8951703578233718, 1.8953714302182199, 1.895109730362892, 1.8952535909414292, 1.894538379907608, 1.891401846408844, 1.8903000909090042, 1.8896282854676247, 1.88770859926939, 2.303446196615696, 2.1816612747311592, 2.1964816853404043, 2.29102729678154, 2.107183598577976, 2.071747742891312, 1.997653634250164, 1.9109712046384812, 1.9740060594677926, 2.1932483553886413, 1.8724972453713418, 2.0866971972584722, 2.4845498234033583, 2.1503360968828202, 2.09489423930645, 2.041069917678833, 1.8637070241570473, 1.9091153463721275, 2.104023743867874, 2.269071806073189, 1.8737160792946816, 1.86882524818182, 2.4015897327661513, 2.235517578125, 2.125801583826542, 2.0681041008234025, 1.9138311076164245, 3.994484248161316, 11.555167304575443, 1.5841352653503418, 1.3322914323210717, 0.9721417731046677, 1.2340442007780075, 1.1419654589891435, 1.0294580200314523, 1.603384679555893, 1.0526538364589215, 0.8965584255754948, 0.9285474498569966, 1.2588717874884605, 1.3659788534045219, 1.2840415745973588], "trial_loss": [0.0, 0.0, 0.0, 0.0, 0.0, 0.0, 0.0, 0.0, 0.0, 0.0, 0.0, 0.0, 0.0, 0.0, 0.0, 0.0, 0.0, 0.0, 0.0, 0.0, 0.0, 0.0, 0.0, 0.0, 0.0, 0.0, 0.0, 0.0, 0.0, 0.0, 0.0, 0.0, 0.0, 0.0, 0.0, 0.0, 0.0, 0.0, 0.0, 0.0, 0.0, 0.0, 0.0, 0.0, 0.0, 0.0, 0.0, 0.0, 0.0, 0.0, 0.0, 0.0, 0.0, 0.0, 0.0, 0.0, 0.0, 0.0, 0.0, 0.0, 0.0, 0.0, 0.0, 0.0, 0.0, 0.0, 0.0, 0.0, 0.0, 0.0, 0.0, 0.0, 0.0, 0.0, 0.0, 0.0, 0.0], "tm_mle_loss": [0.0, 0.0, 0.0, 0.0, 0.0, 0.0, 0.0, 0.0, 0.0, 0.0, 0.0, 0.0, 0.0, 0.0, 0.0, 0.0, 0.0, 0.0, 0.0, 0.0, 0.0, 0.0, 0.0, 0.0, 0.0, 0.0, 0.0, 0.0, 0.0, 0.0, 0.0, 0.0, 0.0, 0.0, 0.0, 0.0, 0.0, 0.0, 0.0, 0.0, 0.0, 0.0, 0.0, 0.0, 0.0, 0.0, 0.0, 0.0, 0.0, 0.0, 0.0, 0.0, 0.0, 0.0, 0.0, 0.0, 0.0, 0.0, 0.0, 0.0, 0.0, 0.0, 0.0, 0.0, 0.0, 0.0, 0.0, 0.0, 0.0, 0.0, 0.0, 0.0, 0.0, 0.0, 0.0, 0.0, 0.0], "fr_loss": [24.994688034057617, 4.144457561969757, 0.7122443548589945, 0.355272820815444, 0.2556269069761038, 0.20755309738218786, 0.18988979782909154, 0.18347162198275327, 0.17847900237888098, 0.17693538695573807, 0.17508201502263546, 0.17435780975967646, 0.1743275224417448, 0.17969821330159902, 0.17704097725450993, 0.1769743373990059, 0.18204785902053117, 0.17698835123330356, 0.192840032055974, 64.84691928800196, 0.17493679318577052, 8.605095605067909, 0.8388771962746978, 0.3755371678993106, 0.49070518743246794, 55.84332793921232, 0.1754720303416252, 0.17370407693088055, 0.17374082572758198, 0.1745054305717349, 0.1755525653064251, 0.17772673543542625, 0.1803300594165921, 0.18229132264852524, 0.18543827325105666, 0.7142625591158867, 0.8497828427702189, 2.6572957203909753, 1.171941279359162, 0.501075815372169, 0.4180140209943056, 0.727979101203382, 0.2561315720155835, 0.902608990073204, 1.957014041915536, 0.17771733250468968, 2.455493719689548, 3.346947289481759, 0.6908021493628621, 0.624916508719325, 9.321516378447413, 0.18961239006370306, 0.2499449237063527, 1.800496877245605, 34.49730020154268, 0.18040268696844577, 0.1811159773916006, 3.6891537948697803, 0.9971249215304852, 0.8429142117127776, 0.9883941438049078, 1.6761197151616216, 55.33889227308333, 144.34049307227136, 5.109102381765842, 1.6248164677619934, 1.0377975720912218, 1.0140957027301192, 1.189534299261868, 4.048666199333966, 50.2934219892323, 0.3951887634396553, 0.17483499217778445, 0.2571041064336896, 0.993320282921195, 1.0421765984594822, 1.009164838641882], "cross_corr_loss": [0.0, 0.0, 0.0, 0.0, 0.0, 0.0, 0.0, 0.0, 0.0, 0.0, 0.0, 0.0, 0.0, 0.0, 0.0, 0.0, 0.0, 0.0, 0.0, 0.0, 0.0, 0.0, 0.0, 0.0, 0.0, 0.0, 0.0, 0.0, 0.0, 0.0, 0.0, 0.0, 0.0, 0.0, 0.0, 0.0, 0.0, 0.0, 0.0, 0.0, 0.0, 0.0, 0.0, 0.0, 0.0, 0.0, 0.0, 0.0, 0.0, 0.0, 0.0, 0.0, 0.0, 0.0, 0.0, 0.0, 0.0, 0.0, 0.0, 0.0, 0.0, 0.0, 0.0, 0.0, 0.0, 0.0, 0.0, 0.0, 0.0, 0.0, 0.0, 0.0, 0.0, 0.0, 0.0, 0.0, 0.0],