{"valid_accuracy": [], "total_train_loss": [456.7193603515625, 17.19440335392952, 4.7819285500049595, 4.188580510020256, 4.028757804632187, 3.885784779191017, 3.8318715435266495, 3.7642070186138152, 3.7495216518640517, 3.7140086036920548, 3.666608988046646, 3.6895446050167084, 3.685359897017479, 3.6990491539239883, 3.781659288406372, 21.79696393966675, 8.77244705915451, 4.535839080810547, 4.420371242165565], "train_loss": [], "train_acc": [], "step_at_epoch": [], "dt_forward": [], "dt_backward": [], "dt_step": [], "best_acc": -1, "best_acc_epoch": null, "best_acc_step": null, "test_loss": [370.05926513671875, 5.698083877563477, 4.425453186035156, 4.210211753845215, 3.986293315887451, 5.407186031341553, 4.370229721069336, 4.491901397705078, 4.016852855682373, 3.8396267890930176, 3.838515281677246, 3.8879401683807373, 3.7681221961975098, 5.184965133666992, 3.9395065307617188, 15.551961898803711, 4.801122665405273, 4.753819465637207, 5.125184059143066], "best_loss": 3.7681221961975098, "neuron_loss": [201.95367431640625, 7.126046445667743, 1.077239117473364, 0.9229482491314411, 0.8667866607010365, 0.796118532717228, 0.778068228662014, 0.7631821171939372, 0.7520185075700283, 0.7394878117740155, 0.7300891922414303, 0.7200184984505177, 0.7021865375339985, 0.7028484916687012, 0.7236451919376851, 14.317141347080469, 3.7600919339060783, 1.0473612444102764, 0.9862272860109806], "trial_loss": [254.76568603515625, 10.068356810212135, 3.704689429998398, 3.265632248520851, 3.16197114109993, 3.089666244983673, 3.05380331158638, 3.0010249006748198, 2.997503142952919, 2.9745207792520523, 2.936519791483879, 2.969526100754738, 2.9831733602285384, 2.9962006598711013, 3.0580140882730484, 7.479822620153427, 5.012355112433434, 3.4884778332710265, 3.434143956899643], "tm_mle_loss": [0.0, 0.0, 0.0, 0.0, 0.0, 0.0, 0.0, 0.0, 0.0, 0.0, 0.0, 0.0, 0.0, 0.0, 0.0, 0.0, 0.0, 0.0, 0.0], "fr_loss": [0.0, 0.0, 0.0, 0.0, 0.0, 0.0, 0.0, 0.0, 0.0, 0.0, 0.0, 0.0, 0.0, 0.0, 0.0, 0.0, 0.0, 0.0, 0.0], "cross_corr_loss": [0.0, 0.0, 0.0, 0.0, 0.0, 0.0, 0.0, 0.0, 0.0, 0.0, 0.0, 0.0, 0.0, 0.0, 0.0, 0.0, 0.0, 0.0, 0.0], "t_trial_pearson": [0.06396909803152084, 0.40941824225708845, 0.5862948113679886, 0.6319664505124092, 0.6504562991857529, 0.6617320920526981, 0.6697746641933918, 0.6808392806351184, 0.6753028766810893, 0.6837767097353935, 0.6862467788159847, 0.6817388734221459, 0.6824362160265446, 0.6850093457102776, 0.6793951989710331, 0.4740511283278465, 0.5200305366516114, 0.6490906392037868, 0.6580191487073899], "trial_type_accuracy": [0.0, 1.0, 1.0, 0.0, 0.0, 0.0, 0.0, 0.0, 1.0, 1.0, 1.0, 1.0, 1.0, 0.0, 1.0, 0.0, 1.0, 1.0, 1.0], "opto_hit_rate": [], "t_trial_pearson_ratio": [0.09972639381885529, 0.7513236999511719, 0.8626920580863953, 0.8835724592208862, 0.9074901342391968, 0.7924959659576416, 0.8770698308944702, 0.8712401986122131, 0.9112029671669006, 0.9299572706222534, 0.94716477394104, 0.9267049431800842, 0.941331148147583, 0.8234589695930481, 0.9226529598236084, 0.5430819392204285, 0.8547523617744446, 0.8718163967132568, 0.8597952127456665], "data_loss": [456.7193603515625, 17.19440335392952, 4.7819285500049595, 4.188580510020256, 4.028757804632187, 3.885784779191017, 3.8318715435266495, 3.7642070186138152, 3.7495216518640517, 3.7140086036920548, 3.666608988046646, 3.6895446050167084, 3.685359897017479, 3.6990491539239883, 3.781659288406372, 21.79696393966675, 8.77244705915451, 4.535839080810547, 4.420371242165565]}