{"valid_accuracy": [], "total_train_loss": [879775.875, 200.6301740849018, 5.183995206356048, 4.1357502746582036, 3.6048425191640856, 3.261635447144508, 3.046220803260803, 2.8959507179260253, 2.8297719889879227, 2.747903810143471, 2.709221349358559, 2.67565495967865, 2.6470958626270296, 2.6279262590408323, 2.595184358358383, 2.5836317485570905, 2.5756044775247573, 2.5541108590364456, 2.5440485453605652, 2.5367885065078735, 2.524250009059906, 2.52295105278492, 2.5262491059303285, 2.5220331555604933, 2.5142083072662356], "train_loss": [], "train_acc": [], "step_at_epoch": [], "dt_forward": [], "dt_backward": [], "dt_step": [], "best_acc": -1, "best_acc_epoch": null, "best_acc_step": null, "test_loss": [28416.01953125, 6.640509128570557, 4.5877790451049805, 3.907827138900757, 3.4599971771240234, 3.209998607635498, 3.0363149642944336, 2.9161934852600098, 2.845768690109253, 2.8296120166778564, 2.8762593269348145, 2.810208797454834, 2.86738657951355, 2.7917988300323486, 2.972511053085327, 3.036956548690796, 2.8103904724121094, 2.977511405944824, 2.7863516807556152, 3.1284339427948, 2.88385272026062, 3.137138605117798, 3.0154411792755127, 2.9387571811676025, 2.798431396484375], "best_loss": 2.7863516807556152, "neuron_loss": [169283.703125, 68.38410676896572, 1.4310479453206062, 0.808367013335228, 0.5435320980846882, 0.42681580148637294, 0.34903192944824696, 0.30126037031412123, 0.2753777226805687, 0.2546301720663905, 0.242280890122056, 0.23196458250284194, 0.22460053712129593, 0.21695012670010327, 0.2098065948858857, 0.2050721537321806, 0.20200001258403064, 0.19803818874061108, 0.19651490539312363, 0.19473050851374865, 0.1932471713423729, 0.19234667159616947, 0.19247145727276802, 0.19350168775767088, 0.1939877500385046], "trial_loss": [710492.1875, 132.2460702931881, 3.752947268486023, 3.3273832672834396, 3.0613104152679442, 2.834819648861885, 2.6971888715028762, 2.594690346121788, 2.554394270181656, 2.4932736414670944, 2.4669404631853102, 2.443690384030342, 2.4224953263998033, 2.410976130962372, 2.3853777551651003, 2.378559595346451, 2.373604459762573, 2.3560726672410963, 2.3475336408615113, 2.34205799639225, 2.331002841591835, 2.3306043910980225, 2.333777644634247, 2.328531464338303, 2.320220558643341], "tm_mle_loss": [0.0, 0.0, 0.0, 0.0, 0.0, 0.0, 0.0, 0.0, 0.0, 0.0, 0.0, 0.0, 0.0, 0.0, 0.0, 0.0, 0.0, 0.0, 0.0, 0.0, 0.0, 0.0, 0.0, 0.0, 0.0], "fr_loss": [0.0, 0.0, 0.0, 0.0, 0.0, 0.0, 0.0, 0.0, 0.0, 0.0, 0.0, 0.0, 0.0, 0.0, 0.0, 0.0, 0.0, 0.0, 0.0, 0.0, 0.0, 0.0, 0.0, 0.0, 0.0], "cross_corr_loss": [0.0, 0.0, 0.0, 0.0, 0.0, 0.0, 0.0, 0.0, 0.0, 0.0, 0.0, 0.0, 0.0, 0.0, 0.0, 0.0, 0.0, 0.0, 0.0, 0.0, 0.0, 0.0, 0.0, 0.0, 0.0], "t_trial_pearson": [0.008770473301410675, 0.28138483440503476, 0.5374931936711073, 0.591713332682848, 0.626801705211401, 0.6567353087663651, 0.6784755757451058, 0.6923644484579563, 0.6991061583161354, 0.7065780887007713, 0.7116355004906655, 0.710785797983408, 0.7167743188142777, 0.721859824931835, 0.7187035548686981, 0.7204759557545185, 0.7212138797342778, 0.7244810856878757, 0.7240648762881756, 0.7281156033277512, 0.7261698344349861, 0.7268884636461734, 0.726989580988884, 0.7289026699960232, 0.7298377539217472], "trial_type_accuracy": [0.0, 1.0, 1.0, 1.0, 1.0, 1.0, 1.0, 1.0, 1.0, 1.0, 1.0, 1.0, 1.0, 1.0, 0.0, 0.0, 1.0, 0.0, 1.0, 0.0, 0.0, 0.0, 0.0, 0.0, 1.0], "opto_hit_rate": [], "t_trial_pearson_ratio": [0.07077550143003464, 0.6595332026481628, 0.8097427487373352, 0.8372808694839478, 0.8967816233634949, 0.9189399480819702, 0.9360029697418213, 0.9573293924331665, 0.9629135131835938, 0.9650780558586121, 0.9682046175003052, 0.969670832157135, 0.9711275100708008, 0.968792200088501, 0.9534729719161987, 0.9430003762245178, 0.9734728932380676, 0.9489613175392151, 0.9768779277801514, 0.9369629621505737, 0.9706324338912964, 0.9377756714820862, 0.9602568745613098, 0.9690871834754944, 0.9777292013168335], "data_loss": [879775.875, 200.6301740849018, 5.183995206356048, 4.1357502746582036, 3.6048425191640856, 3.261635447144508, 3.046220803260803, 2.8959507179260253, 2.8297719889879227, 2.747903810143471, 2.709221349358559, 2.67565495967865, 2.6470958626270296, 2.6279262590408323, 2.595184358358383, 2.5836317485570905, 2.5756044775247573, 2.5541108590364456, 2.5440485453605652, 2.5367885065078735, 2.524250009059906, 2.52295105278492, 2.5262491059303285, 2.5220331555604933, 2.5142083072662356]}