{"valid_accuracy": [], "total_train_loss": [52.26897430419922, 14.144152257442475, 4.731343955993652, 3.7165938991308214, 3.4051143765449523, 3.2818686598539353, 3.236510924100876, 3.2085716181993487, 3.193897480368614, 3.1886811304092406, 3.1655174028873443, 3.181341202259064, 3.2068733662366866, 3.3553441947698595, 3.3320207351446154, 3.388148269057274, 3.3886317586898804, 3.2883785462379453, 3.1910104507207873, 3.291572005152702, 3.2255110794305804, 3.2475388610363005, 3.227448099255562, 3.20975179374218, 3.2622006154060363, 3.310193700194359, 3.314876109957695, 3.243419803380966, 3.2592516046762467, 3.246393296122551, 3.2437254881858824, 3.2701063364744187, 2.0464541617035867, 2.0102506065368653, 2.022618563771248, 1.9711486899852753, 2.016403580904007, 2.026405531167984, 2.012308664917946, 2.187413164675236, 2.0665446814894675, 2.0052671560645106, 2.0158116060495375, 2.179301222860813, 2.010143763422966, 2.0654174554347993, 2.2759752184152604, 2.043517306447029, 2.0007012802362443, 2.08709741294384, 2.091665791273117, 1.997945946753025], "train_loss": [], "train_acc": [], "step_at_epoch": [], "dt_forward": [], "dt_backward": [], "dt_step": [], "best_acc": -1, "best_acc_epoch": null, "best_acc_step": null, "test_loss": [83.29318237304688, 8.011919975280762, 12.136608123779297, 15.63455581665039, 15.103038787841797, 16.632232666015625, 21.144506454467773, 20.14188575744629, 18.31922149658203, 19.802602767944336, 25.48859214782715, 25.767314910888672, 21.627117156982422, 33.90435028076172, 27.656131744384766, 36.048095703125, 35.52957534790039, 24.04659652709961, 26.715055465698242, 23.734046936035156, 24.132787704467773, 29.281021118164062, 32.41777420043945, 28.51512336730957, 26.62383460998535, 30.31613540649414, 24.794235229492188, 29.18185806274414, 27.106660842895508, 32.36174392700195, 29.20591163635254, 31.00196075439453, 26.070051193237305, 29.863733291625977, 32.09307861328125, 28.982629776000977, 25.680814743041992, 38.36058044433594, 28.838651657104492, 32.29925537109375, 24.11893081665039, 29.151037216186523, 23.836097717285156, 37.101566314697266, 28.133596420288086, 31.357309341430664, 32.42527770996094, 22.32322120666504, 25.29135513305664, 39.28976058959961, 32.5458869934082, 29.56031036376953], "best_loss": 1.9711486899852753, "neuron_loss": [26.05704116821289, 6.289023630023003, 2.7207426130771637, 2.324803822040558, 2.1991944670677186, 2.1578200739622115, 2.1467927330732346, 2.1366224509477614, 2.1314706206321716, 2.1309391862154006, 2.1171626549959184, 2.1271896821260454, 2.1370944517850874, 2.2110564070940018, 2.1848791599273683, 2.1885757583379744, 2.212796818614006, 2.175139481425285, 2.1223437136411665, 2.168376599550247, 2.139298443198204, 2.149462807774544, 2.1421787106990813, 2.1444703298807144, 2.153421022295952, 2.1636425042152405, 2.1559696888923643, 2.1472158068418503, 2.1555174803733825, 2.144168726801872, 2.141147553920746, 2.1563578420877456, 0.9617169269919396, 0.9510855211317539, 0.954333052188158, 0.9390397268533707, 0.9540809942781925, 0.9564371393620967, 0.9512204463779926, 0.99842827886343, 0.9699306042492389, 0.9514941130578518, 0.9578855915367603, 0.9989703588187695, 0.9470540723204612, 0.9751450918614865, 1.0489598749578, 0.9526892176270485, 0.9490916143357754, 0.9700832854211331, 0.9721305353939533, 0.948338256329298], "trial_loss": [1.3648838996887207, 1.069632270783186, 0.89727235019207, 0.8769885656237603, 0.8653105600178241, 0.8549340038001537, 0.8512704186141491, 0.8450350324809551, 0.8408648027479648, 0.8366931897401809, 0.8307553413510322, 0.8293714326620102, 0.8283035019040108, 0.8329916879534721, 0.8282718400657177, 0.8333564959466457, 0.827699133604765, 0.8252572071552277, 0.8198805844783783, 0.8302840782701969, 0.8210511124134063, 0.8218003271520138, 0.8184631070494652, 0.8187943583726883, 0.8206281532347203, 0.823639362603426, 0.8273776616156101, 0.818652246594429, 0.8207705017924308, 0.8155612689256668, 0.8209261748194695, 0.8248125475645065, 0.8022180292010307, 0.7997297962009907, 0.8001386134326458, 0.795105387121439, 0.799924832135439, 0.8004142649471759, 0.7987199214100837, 0.8058061660826206, 0.7981672383844852, 0.7963561351597309, 0.7989622434973717, 0.8132567311823368, 0.7990814906358719, 0.8055889786779881, 0.8153994147479534, 0.7993401856720448, 0.7972061946988106, 0.8068016052246094, 0.8037925803661347, 0.7974327412247658], "tm_mle_loss": [0.0, 0.0, 0.0, 0.0, 0.0, 0.0, 0.0, 0.0, 0.0, 0.0, 0.0, 0.0, 0.0, 0.0, 0.0, 0.0, 0.0, 0.0, 0.0, 0.0, 0.0, 0.0, 0.0, 0.0, 0.0, 0.0, 0.0, 0.0, 0.0, 0.0, 0.0, 0.0, 0.0, 0.0, 0.0, 0.0, 0.0, 0.0, 0.0, 0.0, 0.0, 0.0, 0.0, 0.0, 0.0, 0.0, 0.0, 0.0, 0.0, 0.0, 0.0, 0.0], "fr_loss": [24.8470516204834, 6.7854963195323945, 1.1133289885520936, 0.5148015119880438, 0.3406093531101942, 0.26911458641290664, 0.23844777662307023, 0.22691413667052984, 0.22156205624341965, 0.22104875475168229, 0.21759939935058356, 0.22478008951991796, 0.2414754160121083, 0.31129609677940606, 0.3188697342574596, 0.3662160146608949, 0.34813579253852367, 0.2879818584769964, 0.2487861591950059, 0.29291133243590595, 0.2651615239679813, 0.2762757156044245, 0.26680628553032876, 0.2464871096983552, 0.2881514393165708, 0.32291183654218913, 0.33152876168489454, 0.2775517535582185, 0.28296361640095713, 0.28666330385953187, 0.28165176589041946, 0.28893594507128, 0.2825191994383931, 0.2594352938607335, 0.2681469010934234, 0.237003575861454, 0.262397752776742, 0.2695541212335229, 0.2623682998865843, 0.3831787218526006, 0.2984468390420079, 0.2574169084057212, 0.2589637700468302, 0.36707413379102943, 0.2640081988275051, 0.28468338299542667, 0.4116159291192889, 0.2914879035204649, 0.2544034731760621, 0.310212520621717, 0.3157426777482033, 0.25217494312673805], "cross_corr_loss": [0.0, 0.0, 0.0, 0.0, 0.0, 0.0, 0.0, 0.0, 0.0, 0.0, 0.0, 0.0, 0.0, 0.0, 0.0, 0.0, 0.0, 0.0, 0.0, 0.0, 0.0, 0.0, 0.0, 0.0, 0.0, 0.0, 0.0, 0.0, 0.0, 0.0, 0.0, 0.0, 0.0, 0.0, 0.0, 0.0, 0.0, 0.0, 0.0, 0.0, 0.0, 0.0, 0.0, 0.0, 0.0, 0.0, 0.0, 0.0, 0.0, 0.0, 0.0, 0.0], "t_trial_pearson": [0.17404134571552277, 0.1907838838919997, 0.32032129019498823, 0.3408011391758919, 0.3527379269897938, 0.3714259871095419, 0.3726815152168274, 0.37241703890264033, 0.3847469138354063, 0.39366490676999094, 0.39552877642214296, 0.4060944157093763, 0.408281567171216, 0.40482100628316403, 0.40890216305851934, 0.3919380646198988, 0.41038377583026886, 0.4149890474975109, 0.41738455727696416, 0.40653933815658094, 0.4141868346184492, 0.4121483747661114, 0.4188827484846115, 0.42125156030058863, 0.411768657118082, 0.41312208130955697, 0.40241137608885763, 0.42009234748780727, 0.4182680632174015, 0.4254981265217066, 0.4199280296266079, 0.4128069200366735, 0.4516657722728027, 0.45382165506482125, 0.4496170023828745, 0.45310966826975346, 0.4460298342257738, 0.4455045062303543, 0.4509694980829954, 0.4401361498236656, 0.4469762119650841, 0.45157858945429324, 0.441207430511713, 0.42907260343432424, 0.44624719142913816, 0.43832909636199474, 0.42126338578760625, 0.44546427749097345, 0.4549577286481247, 0.4364798662760069, 0.43890669457614423, 0.45450244687497615], "trial_type_accuracy": [0.25, 0.25, 0.5, 0.5, 0.0, 0.5, 0.25, 0.25, 0.25, 0.25, 0.5, 0.25, 0.5, 0.25, 0.25, 0.5, 0.25, 0.5, 0.25, 0.5, 0.25, 0.25, 0.5, 0.25, 0.25, 0.25, 0.5, 0.25, 0.25, 0.5, 0.75, 0.25, 0.5, 0.25, 0.5, 0.25, 0.75, 0.75, 0.25, 0.75, 0.5, 0.5, 0.5, 0.5, 0.5, 0.75, 0.75, 0.25, 0.5, 0.75, 0.25, 0.25], "opto_hit_rate": [],