{"valid_accuracy": [], "total_train_loss": [53.77265548706055, 4.663943688869477, 3.399517887234688, 3.3267601847648622, 3.6977682232856752, 4.062972272634506, 3.2984057569503786, 4.705035262107849, 4.0348276519775395, 3.6768394762277605, 3.296068635582924, 3.329739535450935, 4.2646913087368015, 3.159795138835907, 3.380622497200966, 3.287616544365883, 3.2521885913610458, 3.244000042080879, 3.207123382091522, 3.2362036651372907, 3.1812076330184937, 3.220443332195282, 3.18686261177063, 3.2326243996620176, 3.3724561339616774, 3.293060334324837, 3.336745389699936, 3.172105785012245, 3.3978410667181014, 3.572123891711235, 3.2908880430459977, 3.185236120223999, 3.2051211112737654, 4.680526276230812, 3.27076111972332, 2.084239704012871, 2.273567681312561, 2.1130156496167185, 5.434640728831291, 2.4272488698363306, 2.1912000489234926, 2.0544211637973784, 2.0091172233223915, 2.3309631931781767, 1.9989528304338455, 1.9597636249661445, 2.062881452143192, 2.1032317382097245, 2.275338791310787, 2.1503549870848655, 2.1054641222953796, 3.325175459086895], "train_loss": [], "train_acc": [], "step_at_epoch": [], "dt_forward": [], "dt_backward": [], "dt_step": [], "best_acc": -1, "best_acc_epoch": null, "best_acc_step": null, "test_loss": [43.858123779296875, 19.760557174682617, 18.1691951751709, 21.26164436340332, 23.038619995117188, 18.540489196777344, 20.900806427001953, 22.021766662597656, 26.75687026977539, 16.600595474243164, 16.155250549316406, 19.46909523010254, 15.682317733764648, 17.056774139404297, 16.405094146728516, 16.973243713378906, 16.84235954284668, 18.636096954345703, 19.121217727661133, 19.164901733398438, 16.69605255126953, 17.761642456054688, 19.183429718017578, 14.608865737915039, 20.233501434326172, 19.202924728393555, 18.293041229248047, 18.70747947692871, 17.93242073059082, 17.926998138427734, 18.739089965820312, 18.82440757751465, 18.924184799194336, 17.671287536621094, 17.76209259033203, 21.15439796447754, 22.040515899658203, 20.670257568359375, 21.701074600219727, 21.382097244262695, 17.825403213500977, 20.420507431030273, 16.617382049560547, 18.799488067626953, 24.156944274902344, 18.649497985839844, 19.921133041381836, 19.729019165039062, 22.61189842224121, 20.11478042602539, 20.412883758544922, 19.832386016845703], "best_loss": 1.9597636249661445, "neuron_loss": [27.131595611572266, 2.7940358191728594, 2.261866991519928, 2.2163309979438783, 2.3658038049936296, 2.4536200004816053, 2.193971406817436, 2.322368348836899, 2.2640684127807615, 2.2586719840765, 2.137737100124359, 2.1596081590652467, 2.326112587451935, 2.1072387915849684, 2.2077338218688967, 2.16683736294508, 2.1501790162920953, 2.1515057557821273, 2.1376643490791323, 2.1557319849729537, 2.1322166046500204, 2.1369459587335586, 2.1226474753022195, 2.154406703710556, 2.200955991744995, 2.1680195468664167, 2.194345547556877, 2.115012107491493, 2.1894931852817536, 2.2053765708208086, 2.1476722902059553, 2.116634723544121, 2.1237437003850936, 2.5631634640693663, 2.1379542815685273, 0.9859080764651299, 1.0395096629858016, 0.9856331929564476, 1.1913800129294396, 1.0787965954840184, 0.9980431377887726, 0.9605746884644032, 0.9521957351267338, 1.0090931308269502, 0.9440115569531917, 0.9312261535227299, 0.9616261050105095, 0.9727659469842911, 1.000894215553999, 1.004850721359253, 0.9705767995119094, 1.1042486290633677], "trial_loss": [1.3639858961105347, 0.9355498923361302, 0.8728477276861668, 0.8644230146706104, 0.8755985829234123, 0.8612438572943211, 0.8306906302273274, 0.8415842223167419, 0.827002094835043, 0.8174431934952736, 0.8025103484094143, 0.802520509660244, 0.813757197856903, 0.7979152996838093, 0.8080216562747955, 0.7882732465863228, 0.7884643509984016, 0.7897968356311321, 0.7875843238830567, 0.7880513887107372, 0.7849189585447311, 0.788546549975872, 0.782473967820406, 0.7836232034862042, 0.7969360096752643, 0.7854068973660469, 0.7858841456472874, 0.7776855987310409, 0.7826790694892406, 0.7818534469604492, 0.7809897036850453, 0.779085883051157, 0.7857692494988442, 0.8066614526510238, 0.777295189499855, 0.770916531831026, 0.772313364893198, 0.7673086257278919, 0.7868049284815788, 0.7819724506139756, 0.7594785535335541, 0.7592614635825157, 0.7565321925282479, 0.7624290749430657, 0.7583356714248657, 0.7584038177132606, 0.7587930068373681, 0.7623545476794242, 0.7701690857112408, 0.7689153045415879, 0.7588775056600571, 0.7727360759675502], "tm_mle_loss": [0.0, 0.0, 0.0, 0.0, 0.0, 0.0, 0.0, 0.0, 0.0, 0.0, 0.0, 0.0, 0.0, 0.0, 0.0, 0.0, 0.0, 0.0, 0.0, 0.0, 0.0, 0.0, 0.0, 0.0, 0.0, 0.0, 0.0, 0.0, 0.0, 0.0, 0.0, 0.0, 0.0, 0.0, 0.0, 0.0, 0.0, 0.0, 0.0, 0.0, 0.0, 0.0, 0.0, 0.0, 0.0, 0.0, 0.0, 0.0, 0.0, 0.0, 0.0, 0.0], "fr_loss": [25.277074813842773, 0.9343579806387424, 0.26480318021029237, 0.24600617215037346, 0.45636583551764487, 0.7481084087118507, 0.2737437273934484, 1.541082701049745, 0.9437571436166763, 0.6007243098318577, 0.35582118600606916, 0.3676108681038022, 1.1248215234652161, 0.25464105654507874, 0.3648670168966055, 0.3325059347972274, 0.3135452191904187, 0.302697446718812, 0.28187471367418765, 0.2924202973023057, 0.26407207258045673, 0.2949508249759674, 0.2817411680519581, 0.2945944907516241, 0.3745641415566206, 0.3396338941529393, 0.3565156990662217, 0.27940807085484265, 0.42566881760954856, 0.5848938762769103, 0.3622260481864214, 0.28951551400125025, 0.295608167424798, 1.3107013641297818, 0.3555116406083107, 0.3274150984361768, 0.46174465674906967, 0.36007382851094005, 3.4564557905867694, 0.5664798194169998, 0.43367836490273476, 0.33458501189947126, 0.3003892987221479, 0.5594409835711122, 0.2966056030988693, 0.2701336551457644, 0.3424623384699225, 0.3681112428754568, 0.5042754974216223, 0.3765889636054635, 0.37600982032716274, 1.448190755583346], "cross_corr_loss": [0.0, 0.0, 0.0, 0.0, 0.0, 0.0, 0.0, 0.0, 0.0, 0.0, 0.0, 0.0, 0.0, 0.0, 0.0, 0.0, 0.0, 0.0, 0.0, 0.0, 0.0, 0.0, 0.0, 0.0, 0.0, 0.0, 0.0, 0.0, 0.0, 0.0, 0.0, 0.0, 0.0, 0.0, 0.0, 0.0, 0.0, 0.0, 0.0, 0.0, 0.0, 0.0, 0.0, 0.0, 0.0, 0.0, 0.0, 0.0, 0.0, 0.0, 0.0, 0.0], "t_trial_pearson": [0.17508339881896973, 0.27205868422985074, 0.3377371024340391, 0.3401006374060345, 0.3185236416757107, 0.3361791720986366, 0.377039460465312, 0.3458749867230654, 0.3738036850094795, 0.39401358269155023, 0.398259509280324, 0.4056022693961859, 0.3916758935898542, 0.4062645526975393, 0.40181719534099103, 0.4300257621705532, 0.42626964397728445, 0.43172205857932566, 0.43819452323019503, 0.43119218058884146, 0.4393681213259697, 0.43084489554166794, 0.43391803167760373, 0.4342131222039461, 0.4215936052799225, 0.42864763990044596, 0.4366608289629221, 0.44062210962176324, 0.4387042792886496, 0.443234633281827, 0.4369119540601969, 0.441639488786459, 0.42670960202813146, 0.41331761457026006, 0.4354529298096895, 0.46275175738212704, 0.45644762575626374, 0.4647509778290987, 0.44104160636663436, 0.43961869560182093, 0.47432897306978705, 0.4694645830988884, 0.4714017079025507, 0.4665383006632328, 0.4795147034525871, 0.47802418418228626, 0.47587157860398294, 0.46634737178683283, 0.45472674883902076, 0.45694939136505125, 0.47632523216307165, 0.4631139010190964], "trial_type_accuracy": [0.25, 0.0, 0.5, 0.25, 0.25, 0.25, 0.25, 0.25, 0.25, 0.25, 0.25, 0.5, 0.25, 0.25, 0.25, 0.25, 0.25, 0.5, 0.25, 0.25, 0.25, 0.25, 1.0, 0.25, 0.5, 0.25, 0.5, 0.5, 0.5, 0.25, 0.5, 0.75, 0.25, 0.5, 0.25, 0.25, 1.0, 0.75, 0.5, 1.0, 0.75, 0.75, 0.5, 0.75, 0.5, 0.75, 0.75, 1.0, 0.25, 0.5, 0.75, 0.5], "opto_hit_rate": [],