{"valid_accuracy": [], "total_train_loss": [53.77265548706055, 7.032724134922027, 3.744374753832817, 3.380049878358841, 3.396837940812111, 3.4193488800525667, 3.590543452501297, 3.5435764455795287, 3.712239565253258, 4.40688993871212, 3.981968488097191, 4.049723554849624, 4.010651128292084, 3.8127232825756074, 3.9428322488069534, 4.158797633051872, 4.624328843951226, 3.8723982697725297, 4.978578758239746, 4.2653812205791475, 3.4245965695381164, 3.228931522965431, 3.401215384602547, 4.850452857613564, 3.399189031124115, 3.2256677675247194, 49.56028762578964, 41.22487320661545, 283.3688157606125, 85.27380823135375, 147.5086533164978, 616.2355730867386, 111.36237302303314, 338.10032979488375, 25.773473756313322, 15.498362562656403, 27.966473834514616, 43.60889662027359, 158.30444992542266, 9.39690479516983, 37.76234624385834, 73.72279872894288, 73.96654541969299, 72.70418968200684, 42.58526226520539, 244.63228803157807, 253.62780900001525, 2.569667140543461, 2.6916372653841973, 68.02112590074539, 40.99952814340591, 330.1732081222534], "train_loss": [], "train_acc": [], "step_at_epoch": [], "dt_forward": [], "dt_backward": [], "dt_step": [], "best_acc": -1, "best_acc_epoch": null, "best_acc_step": null, "test_loss": [95.31300354003906, 6.980955123901367, 11.8308687210083, 18.065412521362305, 18.63918113708496, 23.567365646362305, 38.25591278076172, 36.211124420166016, 46.55746078491211, 33.7122688293457, 41.4815559387207, 51.72500991821289, 47.62278366088867, 29.06477165222168, 28.578916549682617, 46.12795639038086, 32.46762466430664, 23.6359806060791, 42.96352005004883, 43.237857818603516, 28.25370979309082, 27.38770866394043, 22.586774826049805, 33.31291198730469, 28.768381118774414, 26.810306549072266, 50.095787048339844, 49.701412200927734, 35.473724365234375, 79.97245025634766, 26.171911239624023, 382.6698913574219, 30.78704833984375, 232.91038513183594, 27.792678833007812, 21.173858642578125, 25.680522918701172, 62.95480728149414, 30.272668838500977, 56.1978874206543, 44.03614044189453, 39.811859130859375, 34.845680236816406, 94.2400894165039, 40.580078125, 123.20254516601562, 186.1304168701172, 19.489173889160156, 19.758148193359375, 150.24111938476562, 62.817237854003906, 893.5945434570312], "best_loss": 2.569667140543461, "neuron_loss": [27.131595611572266, 3.565127246975899, 2.4447871720790864, 2.2694207572937013, 2.2376887691020966, 2.2322945415973665, 2.2380785501003264, 2.2044069457054136, 2.248738126754761, 2.4781712919473646, 2.3414890295267106, 2.424235061407089, 2.3818783831596373, 2.3214092767238617, 2.3471941697597503, 2.372272488474846, 2.4564367216825485, 2.32301240503788, 2.4557784992456435, 2.3692967355251313, 2.231953050494194, 2.162766520380974, 2.198270285129547, 2.5545497995615007, 2.177425731420517, 2.140196745991707, 10.353267634510994, 10.089957605600357, 64.6210185933113, 15.111092577576636, 18.336914952397347, 104.11709203541278, 18.402942588329314, 52.321802209615704, 5.4827271300554274, 3.9306596076488494, 6.9634926128387455, 9.546092188954354, 36.53955678641796, 2.699700621366501, 9.158696506619453, 18.77876926124096, 17.3655587297678, 10.077653685212136, 9.87857351541519, 43.30061654090881, 36.26043030381203, 1.0232171979546547, 1.0448760226368905, 12.411853920817375, 8.832947091460229, 55.92883416116238], "trial_loss": [1.3639858961105347, 0.9747546778619289, 0.8938298177719116, 0.8769452467560768, 0.880783883035183, 0.8823637564480304, 0.8923221676051617, 0.8888188858330249, 0.8941176222264766, 0.8969223336875438, 0.8847879187762737, 0.8777990110218525, 0.8629293821752071, 0.8540611320734024, 0.864655364304781, 0.8737465411424636, 0.8681269757449627, 0.857045881152153, 0.8939265482127666, 0.8425185251235962, 0.8437821847200394, 0.8333149944245816, 0.8307722033560276, 0.8405517022311687, 0.8282220773398876, 0.8275701521337032, 0.9552625519037247, 0.9974024695158005, 1.7009567846357823, 1.1412600775063038, 1.176427047997713, 2.1325473241508006, 1.1871900954842567, 1.6506271003186703, 0.9751541365683078, 0.9257421262562275, 0.9780636301636696, 1.0117323043942452, 1.4185850927233696, 0.8877876399457455, 0.9790378215909005, 1.1123022393882274, 1.1373406906425954, 1.0501267103850842, 1.0621021883189679, 1.6103208845853805, 1.5238821245729923, 0.8141625952720642, 0.8125520893931388, 1.1473313584923743, 1.0736222618818283, 1.9417919845879077], "tm_mle_loss": [0.0, 0.0, 0.0, 0.0, 0.0, 0.0, 0.0, 0.0, 0.0, 0.0, 0.0, 0.0, 0.0, 0.0, 0.0, 0.0, 0.0, 0.0, 0.0, 0.0, 0.0, 0.0, 0.0, 0.0, 0.0, 0.0, 0.0, 0.0, 0.0, 0.0, 0.0, 0.0, 0.0, 0.0, 0.0, 0.0, 0.0, 0.0, 0.0, 0.0, 0.0, 0.0, 0.0, 0.0, 0.0, 0.0, 0.0, 0.0, 0.0, 0.0, 0.0, 0.0], "fr_loss": [25.277074813842773, 2.492842196971178, 0.4057577684521675, 0.23368388101458548, 0.27836529720574615, 0.3046905803307891, 0.46014274284243584, 0.45035060711205005, 0.5693838223814964, 1.031796317473054, 0.7556915314495564, 0.7476894765347243, 0.7658433666080237, 0.6372528906166554, 0.7309827165305615, 0.9127786070853472, 1.299765150770545, 0.6923399759083986, 1.6288736936450006, 1.0535659739375114, 0.3488613306358457, 0.23285001080483197, 0.3721728874370456, 1.4553513656929136, 0.39354122426360844, 0.257900868691504, 38.251757199913264, 30.137513194084168, 217.0468400001526, 69.02145549297333, 127.99531162261962, 509.98593459129336, 91.7722399520874, 284.1279006767273, 19.315592424869536, 10.64196084022522, 20.02491759955883, 33.05107212781906, 120.34630885362625, 5.809416537880898, 27.624611976742745, 53.83172708272934, 55.46364581823349, 61.57640957117081, 31.644586522579193, 199.72135038375853, 215.84349620342255, 0.7322873488813638, 0.834209150224924, 54.461940349042415, 31.092958842515944, 272.3025823497772], "cross_corr_loss": [0.0, 0.0, 0.0, 0.0, 0.0, 0.0, 0.0, 0.0, 0.0, 0.0, 0.0, 0.0, 0.0, 0.0, 0.0, 0.0, 0.0, 0.0, 0.0, 0.0, 0.0, 0.0, 0.0, 0.0, 0.0, 0.0, 0.0, 0.0, 0.0, 0.0, 0.0, 0.0, 0.0, 0.0, 0.0, 0.0, 0.0, 0.0, 0.0, 0.0, 0.0, 0.0, 0.0, 0.0, 0.0, 0.0, 0.0, 0.0, 0.0, 0.0, 0.0, 0.0], "t_trial_pearson": [0.17508339881896973, 0.2510522940009832, 0.3322225566208363, 0.361728385835886, 0.3436055976897478, 0.3468963143974543, 0.3344438415963936, 0.3331400294601917, 0.317593654692173, 0.3138578251749277, 0.3276666735857725, 0.3467565906047821, 0.36198288671672346, 0.38115233652293684, 0.3620149230957031, 0.3477370935678482, 0.35863728672266004, 0.3779452384263277, 0.3232340020686388, 0.4008919416791033, 0.40476133100688455, 0.41403532698750495, 0.4159914863854647, 0.41144200511276724, 0.41504870034754276, 0.41311566412448886, 0.3299836289137602, 0.2904635626450181, 0.15934130802750587, 0.24293412271887063, 0.2230766585469246, 0.1422447543684393, 0.20263370513916015, 0.18436030510812998, 0.30929492473602294, 0.3274425259977579, 0.3273686508834362, 0.29845315016806123, 0.22587442016229034, 0.3609085419774056, 0.3040522672608495, 0.2613518037647009, 0.2563380302861333, 0.25816992223262786, 0.22818911932408809, 0.15022884614765644, 0.1325620407052338, 0.4395573034768214, 0.43655623845756053, 0.2982068997807801, 0.2642742269486189, 0.14594343244563787], "trial_type_accuracy": [0.25, 0.25, 0.5, 0.25, 0.0, 0.25, 0.25, 0.25, 0.25, 0.25, 0.75, 0.25, 0.5, 0.25, 0.5, 0.5, 0.25, 0.25, 0.75, 0.5, 0.25, 0.25, 0.25, 0.75, 0.75, 0.5, 0.0, 0.25, 0.25, 0.25, 0.0, 0.25, 0.25, 0.25, 0.5, 0.25, 0.5, 0.25, 0.25, 0.25, 0.25, 0.25, 0.25, 0.25, 0.25, 0.25, 0.25, 0.5, 0.0, 0.25, 0.5, 0.25], "opto_hit_rate": [],