{"valid_accuracy": [], "total_train_loss": [52.83991622924805, 13.013635413646698, 3.721217538714409, 2.574813788533211, 2.2863019466400147, 2.1646437036991117, 2.1107173866033553, 2.0801008349657057, 2.06454685986042, 2.051121505498886, 2.02427937656641, 2.0015421387553216, 2.0679593124985693, 2.07955017387867, 2.106379597783089, 2.1315995195508, 2.378519853055477, 2.0531007358431816, 1.959036283493042, 2.0105700114369394, 2.188451157808304, 2.1919024056196212, 2.258791124224663, 2.2330192810297014, 2.198083733320236, 2.196470180749893, 2.73017260402441, 2.199977534711361, 2.1074592146277427, 2.1054021927714346, 2.0753104850649833, 2.140782341957092, 2.0447118377685545, 2.107576113641262, 2.038727429509163, 2.0312736567854883, 2.052572577595711, 2.070450884103775, 2.0658358135819435, 1.9948661869764328], "train_loss": [], "train_acc": [], "step_at_epoch": [], "dt_forward": [], "dt_backward": [], "dt_step": [], "best_acc": -1, "best_acc_epoch": null, "best_acc_step": null, "test_loss": [49.03491973876953, 9.015697479248047, 9.789371490478516, 15.84183406829834, 19.017192840576172, 22.720783233642578, 22.20290184020996, 23.849550247192383, 24.425559997558594, 28.532306671142578, 24.737960815429688, 26.16316032409668, 29.354644775390625, 26.73137855529785, 30.053890228271484, 22.32493782043457, 25.123477935791016, 32.80052185058594, 24.20345687866211, 27.302661895751953, 27.623779296875, 25.475061416625977, 39.146697998046875, 34.08726119995117, 38.57632064819336, 32.9059944152832, 40.40022659301758, 27.694332122802734, 33.064876556396484, 38.30376434326172, 27.45248031616211, 28.544057846069336, 29.705896377563477, 37.06851577758789, 34.881587982177734, 38.531219482421875, 33.35540771484375, 42.667701721191406, 34.70846939086914, 37.37449264526367], "best_loss": 1.959036283493042, "neuron_loss": [26.501401901245117, 4.825632856488228, 1.6712771263718604, 1.235040631890297, 1.1147448739409447, 1.0583893966674804, 1.028960014283657, 1.0084656822681426, 0.9910442121326923, 0.9903036314249039, 0.977279313057661, 0.9609992897510529, 0.9851048488914966, 0.9810520389676094, 0.988576874434948, 0.9919889698922634, 1.1125124192237854, 0.9708902791142464, 0.9428508120775223, 0.9607870781421661, 1.0010971748828887, 0.9958030660450459, 1.011959902346134, 1.0101196485757828, 0.9978607445955276, 0.9936987382173538, 1.2971068626642228, 1.003475940823555, 0.9625081136822701, 0.9680888721346855, 0.9593461689352989, 0.9896436643600464, 0.9579973012208939, 0.976191982626915, 0.9599699984490871, 0.9541075491905212, 0.9557320569455624, 0.9636231034994125, 0.9568047392368316, 0.9401111054420471], "trial_loss": [1.3668779134750366, 1.0806967712938786, 0.8787707753479481, 0.8539587430655956, 0.8449519032239914, 0.8416966158151626, 0.8401420862972736, 0.8391898795962334, 0.8374941956996917, 0.8289503425359726, 0.8239886330068111, 0.8111136332154274, 0.8141956980526447, 0.8090652850270271, 0.8136449746787549, 0.8139543779194355, 0.8206897622346878, 0.8058101417124272, 0.7996396803855896, 0.8006829954683781, 0.8084667395055294, 0.8145134288072586, 0.8162769542634487, 0.8137758229672909, 0.8149795468151569, 0.81165636703372, 0.8361612071096897, 0.815883614718914, 0.801637586504221, 0.8111507079005241, 0.7998221480846405, 0.8078889144957065, 0.8023436552286148, 0.808364124596119, 0.8012591950595379, 0.8055809189379215, 0.7996805867552758, 0.8061663369834423, 0.8036820779740811, 0.7980269995331765], "tm_mle_loss": [0.0, 0.0, 0.0, 0.0, 0.0, 0.0, 0.0, 0.0, 0.0, 0.0, 0.0, 0.0, 0.0, 0.0, 0.0, 0.0, 0.0, 0.0, 0.0, 0.0, 0.0, 0.0, 0.0, 0.0, 0.0, 0.0, 0.0, 0.0, 0.0, 0.0, 0.0, 0.0, 0.0, 0.0, 0.0, 0.0, 0.0, 0.0, 0.0, 0.0], "fr_loss": [24.971635818481445, 7.107305770516396, 1.1711696384847163, 0.48581441916525364, 0.3266051699966192, 0.26455768749117853, 0.24161528408527375, 0.23244526986032724, 0.2360084566473961, 0.23186753232032062, 0.22301143031567336, 0.2294292167201638, 0.26865876782685516, 0.2894328461959958, 0.30415774989873173, 0.3256561728939414, 0.4453176724910736, 0.2764003209024668, 0.21654579162597656, 0.24909993804991246, 0.37888724733144047, 0.3815859093144536, 0.4305542680621147, 0.4091238147765398, 0.3852434453368187, 0.3911150759458542, 0.5969045318290591, 0.38061797749251125, 0.34331352524459363, 0.32616261146962644, 0.31614217318594456, 0.34324976861476897, 0.2843708818405867, 0.3230200028419495, 0.27749823790043593, 0.271585189178586, 0.2971599416434765, 0.30066144216805696, 0.3053490019217133, 0.25672808282077314], "cross_corr_loss": [0.0, 0.0, 0.0, 0.0, 0.0, 0.0, 0.0, 0.0, 0.0, 0.0, 0.0, 0.0, 0.0, 0.0, 0.0, 0.0, 0.0, 0.0, 0.0, 0.0, 0.0, 0.0, 0.0, 0.0, 0.0, 0.0, 0.0, 0.0, 0.0, 0.0, 0.0, 0.0, 0.0, 0.0, 0.0, 0.0, 0.0, 0.0, 0.0, 0.0], "t_trial_pearson": [0.1767042726278305, 0.1910013896599412, 0.36047439850866797, 0.3924894545972347, 0.39946806348860264, 0.40198418132960795, 0.4031920596957207, 0.40584006428718566, 0.40556011758744714, 0.4074161064624786, 0.4139886648207903, 0.42830210156738757, 0.42116334326565263, 0.43315927803516385, 0.42097452603280544, 0.4225272779911757, 0.42642191395163537, 0.4353794810920954, 0.4420246209204197, 0.44345450319349766, 0.4322209480404854, 0.42604642383754254, 0.42532191596925256, 0.4240342527627945, 0.42054973617196084, 0.4213264796882868, 0.4228788012266159, 0.42446095518767835, 0.437209462672472, 0.4280291900783777, 0.4453218121081591, 0.4334025774151087, 0.44027056261897085, 0.43668354719877245, 0.4440763033926487, 0.44030578769743445, 0.44603451259434224, 0.43771660543978214, 0.4401171223819256, 0.44896443247795104], "trial_type_accuracy": [0.25, 0.0, 0.25, 0.0, 0.0, 0.0, 0.25, 0.0, 0.0, 0.25, 0.5, 0.5, 0.5, 0.5, 0.25, 0.5, 0.5, 0.75, 0.25, 0.5, 0.0, 0.25, 0.75, 1.0, 1.0, 0.75, 1.0, 0.25, 0.25, 0.75, 0.25, 0.5, 0.75, 0.75, 0.5, 0.25, 0.75, 0.25, 0.75, 0.5], "opto_hit_rate": [], "t_trial_pearson_ratio": [0.15470358729362488, 0.6374729871749878, 0.7372469902038574, 0.8119722008705139, 0.803358793258667, 0.8322277069091797, 0.7943565845489502, 0.8165943026542664, 0.7990458607673645, 0.9003252387046814, 0.7558393478393555, 0.8745012283325195, 0.9012688994407654, 0.8866497874259949, 0.9009898900985718, 0.8329402208328247, 0.8207753896713257, 0.9212345480918884, 0.8276209831237793, 0.9127956032752991, 0.8886812925338745, 0.8450813889503479, 0.8779727220535278, 0.9374032020568848, 0.9133582711219788, 0.9088131189346313, 0.8830296397209167, 0.8664902448654175, 0.856891393661499, 0.9050604104995728, 0.8475722074508667, 0.8504171371459961, 0.9125975370407104, 0.8994131088256836, 0.8600741028785706, 0.8610929250717163, 0.9256051778793335, 0.9003297090530396, 0.8838440179824829, 0.9232127666473389], "data_loss": [52.83991622924805, 13.013635413646698, 3.721217538714409, 2.574813788533211, 2.2863019466400147, 2.1646437036991117, 2.1107173866033553, 2.0801008349657057, 2.06454685986042, 2.051121505498886, 2.02427937656641, 2.0015421387553216, 2.0679593124985693, 2.07955017387867, 2.106379597783089, 2.1315995195508, 2.378519853055477, 2.0531007358431816, 1.959036283493042, 2.0105700114369394, 2.188451157808304, 2.1919024056196212, 2.258791124224663, 2.2330192810297014, 2.198083733320236, 2.196470180749893, 2.73017260402441, 2.199977534711361, 2.1074592146277427, 2.1054021927714346, 2.0753104850649833, 2.140782341957092, 2.0447118377685545, 2.107576113641262, 2.038727429509163, 2.0312736567854883, 2.052572577595711, 2.070450884103775, 2.0658358135819435, 1.9948661869764328]}