{"valid_accuracy": [], "total_train_loss": [473.59320068359375, 20.16250264286995, 5.060603414773941, 4.331927721500397, 4.106002231836319, 4.0187310200929645, 3.9575663197040556, 3.898138313293457, 3.918167482614517, 3.9158030384778977, 3.8308677220344545, 3.7603264087438584, 3.6943637269735334, 3.6818389248847962, 3.6614335495233536, 3.660854021310806, 3.6366943246126175, 3.632188454866409, 3.6281266522407534, 3.6149791860580445, 3.631544640660286, 3.6387714195251464, 3.6305564719438554], "train_loss": [], "train_acc": [], "step_at_epoch": [], "dt_forward": [], "dt_backward": [], "dt_step": [], "best_acc": -1, "best_acc_epoch": null, "best_acc_step": null, "test_loss": [391.2899169921875, 5.756663799285889, 4.906085014343262, 4.691251754760742, 4.084521770477295, 4.040066719055176, 4.107313632965088, 4.12477445602417, 4.065690517425537, 3.8558526039123535, 3.9284329414367676, 4.059640884399414, 3.8031725883483887, 3.923579692840576, 3.9017515182495117, 3.991222620010376, 3.6570873260498047, 3.949303150177002, 3.9900670051574707, 4.145140171051025, 4.172134876251221, 4.318589687347412, 3.9593303203582764], "best_loss": 3.6570873260498047, "neuron_loss": [200.8389129638672, 8.468902107775211, 1.0714196069538593, 0.8956092232465744, 0.8200707477331162, 0.7741032309830189, 0.7403160817921162, 0.7199768789112568, 0.698856038749218, 0.6672375632822514, 0.6200432497262954, 0.5977500857412815, 0.5844299024343491, 0.578359000980854, 0.5730561564862728, 0.571628465205431, 0.5689695872366428, 0.56507624194026, 0.5636007261276245, 0.5622675468027591, 0.5627428495883942, 0.5623619620501995, 0.5615658365190029], "trial_loss": [272.7542724609375, 11.69360056400299, 3.989183801412582, 3.4363185036182404, 3.2859314781427384, 3.2446277922391893, 3.217250243425369, 3.17816142976284, 3.2193114483356475, 3.2485654813051226, 3.210824472308159, 3.1625763207674025, 3.109933823943138, 3.103479923605919, 3.0883773863315582, 3.089225553870201, 3.067724742293358, 3.0671122133731843, 3.064525924324989, 3.052711639404297, 3.0688017868995665, 3.0764094620943068, 3.068990636467934], "tm_mle_loss": [0.0, 0.0, 0.0, 0.0, 0.0, 0.0, 0.0, 0.0, 0.0, 0.0, 0.0, 0.0, 0.0, 0.0, 0.0, 0.0, 0.0, 0.0, 0.0, 0.0, 0.0, 0.0, 0.0], "fr_loss": [0.0, 0.0, 0.0, 0.0, 0.0, 0.0, 0.0, 0.0, 0.0, 0.0, 0.0, 0.0, 0.0, 0.0, 0.0, 0.0, 0.0, 0.0, 0.0, 0.0, 0.0, 0.0, 0.0], "cross_corr_loss": [0.0, 0.0, 0.0, 0.0, 0.0, 0.0, 0.0, 0.0, 0.0, 0.0, 0.0, 0.0, 0.0, 0.0, 0.0, 0.0, 0.0, 0.0, 0.0, 0.0, 0.0, 0.0, 0.0], "t_trial_pearson": [0.07049399614334106, 0.3939479775354266, 0.5690114524960518, 0.6341023956239223, 0.6489694936573506, 0.6583721376955509, 0.6580382823944092, 0.6659944145381451, 0.6676234005391598, 0.6689725467562675, 0.6730094057321548, 0.6767679753899575, 0.6830990254878998, 0.6825326761603355, 0.6867268772423267, 0.6927039015293122, 0.6901680783927441, 0.6910508324205875, 0.6922979719936848, 0.6927649994194508, 0.6923947097361087, 0.6912198272347451, 0.6956554675102233], "trial_type_accuracy": [0.0, 1.0, 0.0, 0.0, 1.0, 1.0, 1.0, 1.0, 1.0, 1.0, 1.0, 0.0, 1.0, 1.0, 1.0, 1.0, 1.0, 1.0, 1.0, 0.0, 0.0, 0.0, 1.0], "opto_hit_rate": [], "t_trial_pearson_ratio": [0.10799215734004974, 0.7205187678337097, 0.8385798335075378, 0.8596599698066711, 0.899572491645813, 0.913468599319458, 0.8976761102676392, 0.9050981402397156, 0.9040057063102722, 0.9330382943153381, 0.9273546934127808, 0.9179357886314392, 0.915253221988678, 0.9444436430931091, 0.9451746344566345, 0.9434634447097778, 0.9342963099479675, 0.9461390376091003, 0.9387311339378357, 0.9275320768356323, 0.9227403998374939, 0.9060608148574829, 0.9489453434944153], "data_loss": [473.59320068359375, 20.16250264286995, 5.060603414773941, 4.331927721500397, 4.106002231836319, 4.0187310200929645, 3.9575663197040556, 3.898138313293457, 3.918167482614517, 3.9158030384778977, 3.8308677220344545, 3.7603264087438584, 3.6943637269735334, 3.6818389248847962, 3.6614335495233536, 3.660854021310806, 3.6366943246126175, 3.632188454866409, 3.6281266522407534, 3.6149791860580445, 3.631544640660286, 3.6387714195251464, 3.6305564719438554]}