{"valid_accuracy": [], "total_train_loss": [463.5654296875, 21.644324156045915, 5.351945441961289, 4.555290750265121, 4.304441624879837, 4.252863914370537, 4.168267151713371, 4.163059867024422, 4.121161033511162, 4.08699767768383, 4.077617103457451, 4.101623315215111, 4.120464915633201, 4.114256293773651, 4.128135947585106, 4.246719245314598], "train_loss": [], "train_acc": [], "step_at_epoch": [], "dt_forward": [], "dt_backward": [], "dt_step": [], "best_acc": -1, "best_acc_epoch": null, "best_acc_step": null, "test_loss": [394.1964416503906, 6.088183403015137, 4.869235038757324, 4.417285442352295, 4.448238849639893, 4.3582587242126465, 4.193521499633789, 4.750669479370117, 4.129360198974609, 4.001383304595947, 4.267786502838135, 4.082160949707031, 4.068037986755371, 4.2996602058410645, 4.122843265533447, 4.035878658294678], "best_loss": 4.001383304595947, "neuron_loss": [209.96875, 10.080456451177596, 1.193999125957489, 0.9732451984286308, 0.8730177889764309, 0.7688291548192501, 0.7138488440215588, 0.6814022947847843, 0.65446070343256, 0.6385062636435032, 0.6338582320511341, 0.6340796101093292, 0.6401774621009827, 0.642989808768034, 0.6432136625051499, 0.6674204106628895], "trial_loss": [253.5966796875, 11.563867633342744, 4.157946318984032, 3.5820455425977706, 3.431423841714859, 3.4840347558259963, 3.4544183111190794, 3.481657573580742, 3.4667003279924393, 3.448491401076317, 3.443758863210678, 3.4675437068939208, 3.4802874547243117, 3.4712664848566055, 3.484922280907631, 3.5792988389730453], "tm_mle_loss": [0.0, 0.0, 0.0, 0.0, 0.0, 0.0, 0.0, 0.0, 0.0, 0.0, 0.0, 0.0, 0.0, 0.0, 0.0, 0.0], "fr_loss": [0.0, 0.0, 0.0, 0.0, 0.0, 0.0, 0.0, 0.0, 0.0, 0.0, 0.0, 0.0, 0.0, 0.0, 0.0, 0.0], "cross_corr_loss": [0.0, 0.0, 0.0, 0.0, 0.0, 0.0, 0.0, 0.0, 0.0, 0.0, 0.0, 0.0, 0.0, 0.0, 0.0, 0.0], "t_trial_pearson": [0.0695294663310051, 0.38581586061045525, 0.5531049311161041, 0.6215227335691452, 0.6440216794610023, 0.6456267412006855, 0.6471640567481518, 0.6451219300925731, 0.6447689394652844, 0.6530553978681565, 0.6523694044351578, 0.6515177343785763, 0.6507141880691052, 0.6492341901361942, 0.6534297743439674, 0.6424433660507202], "trial_type_accuracy": [0.0, 0.0, 1.0, 0.0, 0.0, 0.0, 0.0, 0.0, 1.0, 1.0, 0.0, 1.0, 0.0, 1.0, 1.0, 1.0], "opto_hit_rate": [], "t_trial_pearson_ratio": [0.09032481908798218, 0.7108977437019348, 0.8278688192367554, 0.8684605360031128, 0.8675684332847595, 0.8715945482254028, 0.8791012763977051, 0.8211594820022583, 0.8658157587051392, 0.8944610953330994, 0.8680763840675354, 0.8748699426651001, 0.8877854347229004, 0.856185257434845, 0.8864894509315491, 0.8892924189567566], "data_loss": [463.5654296875, 21.644324156045915, 5.351945441961289, 4.555290750265121, 4.304441624879837, 4.252863914370537, 4.168267151713371, 4.163059867024422, 4.121161033511162, 4.08699767768383, 4.077617103457451, 4.101623315215111, 4.120464915633201, 4.114256293773651, 4.128135947585106, 4.246719245314598]}