{"valid_accuracy": [], "total_train_loss": [54.2205924987793, 4.643931185007095, 3.7238812333345415, 3.5399816113710405, 3.594554621577263, 3.681657069325447, 6.050891322493553, 11.364574737548828, 6.74591124176979, 7.752220339775086, 7.677992925643921, 7.621255153417588, 7.549235208034515, 7.4956916809082035, 7.432944430112839, 7.389694081544876, 7.3210967409610745, 7.2699500119686125, 7.217570021152496, 7.175832958221435, 7.1358863747119905, 7.093033504486084, 7.040646616220474, 6.990733827352524, 6.966129767894745, 4.446465671658516, 2.2764014911651613, 2.112865364849567, 2.095087374150753, 2.2141494646668436, 3.892633654177189, 2.1621199849247934, 2.6774959227442743, 2.078104739189148, 2.1695267164707186, 1.9558495962619782, 1.935079924762249, 1.9114160001277924, 2.085220006108284, 2.1104867467284203, 2.0152405020594597, 2.028247083425522, 2.0776070237159727, 2.2221712404489518, 1.9749242675304413, 2.1275540030002595, 2.066102834045887, 1.914680235683918, 2.06690092086792, 2.2337859201431276, 2.167345116734505, 2.1166167497634887], "train_loss": [], "train_acc": [], "step_at_epoch": [], "dt_forward": [], "dt_backward": [], "dt_step": [], "best_acc": -1, "best_acc_epoch": null, "best_acc_step": null, "test_loss": [43.925514221191406, 8.320119857788086, 9.604937553405762, 15.615885734558105, 17.964706420898438, 16.03447914123535, 124.98162841796875, 21.767372131347656, 56.38582229614258, 54.99756622314453, 53.37009811401367, 50.98303985595703, 49.48140335083008, 47.85190200805664, 44.8992919921875, 46.19470977783203, 42.95396423339844, 43.584373474121094, 42.62112808227539, 41.85313034057617, 41.58916091918945, 40.344276428222656, 39.64301681518555, 39.383121490478516, 38.52255630493164, 13.578099250793457, 30.330419540405273, 18.694204330444336, 15.639864921569824, 15.232673645019531, 42.1879768371582, 15.171360969543457, 24.824621200561523, 22.47892189025879, 16.709815979003906, 20.71921157836914, 14.270606994628906, 23.091562271118164, 33.05548858642578, 16.342321395874023, 23.855485916137695, 21.02564811706543, 20.500547409057617, 14.651607513427734, 14.92961311340332, 19.170902252197266, 23.722015380859375, 21.70152473449707, 14.702394485473633, 21.201082229614258, 19.863311767578125, 22.447528839111328], "best_loss": 1.9114160001277924, "neuron_loss": [27.549551010131836, 2.7892479103803636, 2.3742399591207506, 2.2840316134691236, 2.3333250933885576, 2.36727112531662, 2.5775698107481, 3.1416365242004396, 3.6679658555984496, 4.746613758802414, 4.684235353469848, 4.638358439207077, 4.578061933517456, 4.528742877244949, 4.475593651533127, 4.436145405769349, 4.373524868488312, 4.326729950904846, 4.278704686164856, 4.244890788197518, 4.207596353888512, 4.164123447537422, 4.121275595426559, 4.0776847583055496, 4.046335686445236, 2.238058340847492, 1.0784469321370125, 1.0297811633348466, 1.0096354399621488, 1.076213226020336, 1.5796806193888187, 1.0232865047454833, 1.1498279383778571, 0.9890861400961876, 1.034707360714674, 0.9416168604791164, 0.935084188580513, 0.9213530723750591, 0.9878260588645935, 1.011406351029873, 0.9563774354755878, 0.9689402888715267, 0.9800184611976147, 1.0308987960219382, 0.9386932709813118, 1.0359917029738426, 0.9820327226817608, 0.9078612160682679, 1.0043497721850871, 1.0384551134705544, 0.9911086674034596, 0.9852474883198739], "trial_loss": [1.3720436096191406, 0.932590039074421, 0.8959762051701545, 0.8759509043395519, 0.8622702604532242, 0.8592978024482727, 0.855766986310482, 0.8896645590662956, 0.9185512408614158, 0.9578813810646534, 0.9571194030344486, 0.9555114105343818, 0.9546392741799354, 0.9532845301926136, 0.9519650515913963, 0.9514418160915374, 0.9496321597695351, 0.9489260573685169, 0.9478404659032822, 0.9470621889829636, 0.9461242125928402, 0.9455427996814251, 0.9440984682738781, 0.9438460122048855, 0.9425465673208236, 0.8723145976662636, 0.8168092328310013, 0.8013168732821941, 0.7974894845485687, 0.7917763014137745, 0.8190926930308342, 0.7884734880924225, 0.788020820915699, 0.7749739401042461, 0.7759675535559655, 0.7670566986501217, 0.7654103255271911, 0.7605280621349811, 0.7683041667938233, 0.7690917384624482, 0.7640268716216088, 0.7677473531663418, 0.7631504252552986, 0.7734314353764057, 0.7608335752785206, 0.772963687479496, 0.7648313431441784, 0.7545544885098934, 0.7774422515928745, 0.774655999392271, 0.766433812379837, 0.7652663370966911], "tm_mle_loss": [0.0, 0.0, 0.0, 0.0, 0.0, 0.0, 0.0, 0.0, 0.0, 0.0, 0.0, 0.0, 0.0, 0.0, 0.0, 0.0, 0.0, 0.0, 0.0, 0.0, 0.0, 0.0, 0.0, 0.0, 0.0, 0.0, 0.0, 0.0, 0.0, 0.0, 0.0, 0.0, 0.0, 0.0, 0.0, 0.0, 0.0, 0.0, 0.0, 0.0, 0.0, 0.0, 0.0, 0.0, 0.0, 0.0, 0.0, 0.0, 0.0, 0.0, 0.0, 0.0], "fr_loss": [25.29899787902832, 0.9220932180434466, 0.45366505861282347, 0.37999910790473224, 0.39895927518606183, 0.4550881405174732, 2.6175545225664973, 7.333273655474186, 2.1593941600620745, 2.0477252274751665, 2.0366381716728212, 2.0273853105306627, 2.0165340009331705, 2.0136642652750014, 2.0053857159614563, 2.002106859385967, 1.9979397249221802, 1.9942940282821655, 1.9910248699784279, 1.9838799941539764, 1.9821658101677895, 1.9833672776818276, 1.9752725464105607, 1.9692030555009843, 1.9772475057840346, 1.336092731244862, 0.38114532504230736, 0.2817673247307539, 0.28796245362609624, 0.3461599360406399, 1.4938603277876974, 0.3503599938005209, 0.7396471550688147, 0.3140446589887142, 0.35885179832577707, 0.2471760395914316, 0.2345854129642248, 0.22953486427664757, 0.3290897777304053, 0.32998866207897665, 0.29483619432896374, 0.2915594379231334, 0.334438137114048, 0.41784101020544767, 0.27539742197841405, 0.3185986129567027, 0.3192387674003839, 0.25226453244686126, 0.28510890025645497, 0.4206748175621033, 0.4098026340082288, 0.36610292702913283], "cross_corr_loss": [0.0, 0.0, 0.0, 0.0, 0.0, 0.0, 0.0, 0.0, 0.0, 0.0, 0.0, 0.0, 0.0, 0.0, 0.0, 0.0, 0.0, 0.0, 0.0, 0.0, 0.0, 0.0, 0.0, 0.0, 0.0, 0.0, 0.0, 0.0, 0.0, 0.0, 0.0, 0.0, 0.0, 0.0, 0.0, 0.0, 0.0, 0.0, 0.0, 0.0, 0.0, 0.0, 0.0, 0.0, 0.0, 0.0, 0.0, 0.0, 0.0, 0.0, 0.0, 0.0], "t_trial_pearson": [0.17476415634155273, 0.28653759367764, 0.31750155344605446, 0.3249499710167156, 0.3416944546252489, 0.3442660331726074, 0.3581194145232439, 0.31789117254316807, 0.2854394980892539, 0.2422451550886035, 0.24224816016852857, 0.24390652049332856, 0.2438459226489067, 0.24357030559331178, 0.24407939583063126, 0.24500743262469768, 0.24687966652214527, 0.24602265864610673, 0.2471940903365612, 0.24648607425391675, 0.24626057006418706, 0.24772169906646013, 0.2488246200978756, 0.24877108197659253, 0.24810207709670068, 0.37455913081498404, 0.40893582679331303, 0.43131899476051333, 0.4182494807243347, 0.4339649945497513, 0.3976478966325521, 0.44461061447858813, 0.4401286969333887, 0.45576351091265677, 0.4525620950758457, 0.4705439618974924, 0.47055453799664976, 0.47424066439270973, 0.4633841259777546, 0.46082052402198315, 0.4621640317887068, 0.45900130316615106, 0.46936859712004664, 0.4524977642297745, 0.47245523184537885, 0.45270219512283805, 0.4655915503948927, 0.4811988041549921, 0.44969055652618406, 0.45463432259857656, 0.45854461096227167, 0.46569805800914765], "trial_type_accuracy": [0.25, 0.25, 0.25, 0.25, 0.0, 0.25, 0.25, 0.25, 0.25, 0.25, 0.25, 0.25, 0.25, 0.25, 0.25, 0.25, 0.25, 0.25, 0.25, 0.25, 0.25, 0.25, 0.25, 0.25, 0.25, 0.0, 0.5, 0.25, 0.25, 0.25, 0.25, 0.0, 1.0, 1.0, 0.5, 0.75, 0.25, 0.75, 0.0, 0.5, 0.75, 0.5, 0.75, 0.5, 0.25, 0.5, 0.5, 1.0, 0.25, 0.25, 0.5, 0.25], "opto_hit_rate": [],