{"valid_accuracy": [], "total_train_loss": [51.41917419433594, 11.236063112020492, 3.3266110265254976, 2.5189764434099198, 2.3210829401016237, 2.2455545443296434, 2.211213902235031, 2.1884328013658525, 2.173478628396988, 2.162485637664795, 2.1507423490285875, 2.1391075497865675, 2.1264796656370164, 2.1173645997047426, 2.111560672521591, 2.110703656077385, 2.1072271919250487, 2.1074390906095504, 2.103853371143341, 2.0973754316568374, 2.0995875829458237, 2.0982719016075135, 2.0933809024095535, 2.11026242852211, 2.102741883993149, 2.103607824444771, 2.1012612950801848, 2.1050740498304368, 2.6272321343421936, 2.5790394216775896, 2.731052986383438, 4.751397596001625, 2.100291059613228, 2.0776538974046708, 2.058035824894905, 3.856763485074043, 2.764594920873642, 2.5748206001520155, 3.8347072333097456, 56.30653022944927, 2.156276730298996, 2.7940195947885513, 2.72229684650898, 2.727074807882309, 8.130206018090249, 2.1213320425152777, 5.846650582551956, 2.6657368031144144, 2.0070958346128465, 13.492870659232139, 2.010734040737152, 3.3782910573482514, 2.703240856528282, 2.7007308983802796, 2.699116190671921, 2.7092813450098037, 2.7238083124160766, 2.7233199107646944, 2.7087789976596834, 2.7208338534832, 2.7156733804941178, 3.8493074613809584, 2.068957362174988, 1.8584169343113899, 1.806572968363762, 11.649085064232349, 1.7560559657216073, 1.7738779059052467, 1.7487675711512565, 1.7502539378404618, 3.265400069952011, 3.521327989399433, 1.766293661892414, 2.575899508595467, 1.7323983255028725, 1.6981824004650117, 1.6899555984139443], "train_loss": [], "train_acc": [], "step_at_epoch": [], "dt_forward": [], "dt_backward": [], "dt_step": [], "best_acc": -1, "best_acc_epoch": null, "best_acc_step": null, "test_loss": [138.363037109375, 11.647099494934082, 15.715982437133789, 22.579273223876953, 25.854820251464844, 26.04697036743164, 25.85384750366211, 27.674734115600586, 27.358274459838867, 27.982999801635742, 30.3652286529541, 29.554243087768555, 29.512218475341797, 30.60961151123047, 30.681432723999023, 32.25838088989258, 30.717458724975586, 33.15358352661133, 37.305240631103516, 37.86944580078125, 36.905731201171875, 35.02184295654297, 37.28644943237305, 39.41838073730469, 36.841556549072266, 38.86927032470703, 40.19718933105469, 36.34638977050781, 88.59199523925781, 84.93787384033203, 36.1386833190918, 38.3934440612793, 44.21878433227539, 47.05595397949219, 50.71686553955078, 95.14181518554688, 95.40699005126953, 42.20750045776367, 39.74650573730469, 58.48307800292969, 65.26777648925781, 142.8285369873047, 137.3035888671875, 52.897682189941406, 39.1500129699707, 67.68701171875, 120.72959899902344, 54.82316207885742, 60.72113800048828, 59.94172668457031, 64.34772491455078, 116.7914810180664, 31.12735366821289, 33.32686996459961, 32.93375778198242, 36.73468780517578, 31.314952850341797, 36.44700241088867, 37.156211853027344, 39.82863998413086, 38.1937370300293, 65.10435485839844, 30.226198196411133, 31.94157600402832, 38.301109313964844, 38.55759811401367, 43.022254943847656, 49.72452926635742, 52.33561706542969, 46.3536376953125, 111.18898010253906, 86.3558120727539, 52.49809646606445, 53.24186706542969, 56.48600769042969, 49.73190689086914, 54.3361930847168], "best_loss": 1.6899555984139443, "neuron_loss": [26.82423210144043, 6.912163225412368, 2.6132374423742295, 2.1807283926010133, 2.0727939492464067, 2.0279336512088775, 2.0040234449505805, 1.990223246216774, 1.9794229418039322, 1.9721650195121765, 1.9650758442282676, 1.957327932715416, 1.9465011072158813, 1.9405658653378486, 1.9355635932087898, 1.9317547905445098, 1.9313299569487572, 1.9301864877343178, 1.927119245827198, 1.921911465525627, 1.9240648379921914, 1.922284163236618, 1.9179888075590135, 1.92774655520916, 1.921632291674614, 1.9241094875335694, 1.9203571006655693, 1.9184851390123367, 2.0627114632725716, 2.1351952278614044, 2.0425659736990927, 1.9337817367911339, 1.89646225720644, 1.8870392620563508, 1.87397725045681, 2.311467044651508, 2.1035496816039085, 1.9831804895401002, 1.9333704149723052, 3.460378105342388, 1.9003081035614013, 2.049222269654274, 2.10641942858696, 2.024201966524124, 1.9547388395667076, 1.8649877196550368, 2.2692257994413376, 1.9412970179319382, 1.8280079835653305, 2.3617109197378157, 1.8342763659358026, 1.9594939133524896, 2.3717217326164244, 2.372156841158867, 2.3733801501989364, 2.3794875890016556, 2.388330873250961, 2.388855392932892, 2.3764863240718843, 2.38014412522316, 2.373376342654228, 2.593198609352112, 1.7255154383182525, 1.5248645859956742, 1.4639580869674682, 3.05146016061306, 1.4149359142780304, 1.4341601902246475, 1.4165466248989105, 1.416051905453205, 1.8181170946359635, 2.197913931906223, 1.3814390426874161, 1.528031748831272, 1.382693653702736, 1.3675343516469, 1.360621851682663], "trial_loss": [0.0, 0.0, 0.0, 0.0, 0.0, 0.0, 0.0, 0.0, 0.0, 0.0, 0.0, 0.0, 0.0, 0.0, 0.0, 0.0, 0.0, 0.0, 0.0, 0.0, 0.0, 0.0, 0.0, 0.0, 0.0, 0.0, 0.0, 0.0, 0.0, 0.0, 0.0, 0.0, 0.0, 0.0, 0.0, 0.0, 0.0, 0.0, 0.0, 0.0, 0.0, 0.0, 0.0, 0.0, 0.0, 0.0, 0.0, 0.0, 0.0, 0.0, 0.0, 0.0, 0.0, 0.0, 0.0, 0.0, 0.0, 0.0, 0.0, 0.0, 0.0, 0.0, 0.0, 0.0, 0.0, 0.0, 0.0, 0.0, 0.0, 0.0, 0.0, 0.0, 0.0, 0.0, 0.0, 0.0, 0.0], "tm_mle_loss": [0.0, 0.0, 0.0, 0.0, 0.0, 0.0, 0.0, 0.0, 0.0, 0.0, 0.0, 0.0, 0.0, 0.0, 0.0, 0.0, 0.0, 0.0, 0.0, 0.0, 0.0, 0.0, 0.0, 0.0, 0.0, 0.0, 0.0, 0.0, 0.0, 0.0, 0.0, 0.0, 0.0, 0.0, 0.0, 0.0, 0.0, 0.0, 0.0, 0.0, 0.0, 0.0, 0.0, 0.0, 0.0, 0.0, 0.0, 0.0, 0.0, 0.0, 0.0, 0.0, 0.0, 0.0, 0.0, 0.0, 0.0, 0.0, 0.0, 0.0, 0.0, 0.0, 0.0, 0.0, 0.0, 0.0, 0.0, 0.0, 0.0, 0.0, 0.0, 0.0, 0.0, 0.0, 0.0, 0.0, 0.0], "fr_loss": [24.594940185546875, 4.323899846673012, 0.7133735883235931, 0.3382480508089066, 0.24828899074345828, 0.21762089267373086, 0.2071904481574893, 0.1982095471024513, 0.19405568428337575, 0.19032061651349066, 0.18566650051623582, 0.18177962251007557, 0.17997856300324203, 0.17679873846471308, 0.17599708188325167, 0.17894886571913957, 0.17589723281562328, 0.17725260317325592, 0.17673412043601275, 0.17546395797282457, 0.17552274245768784, 0.17598774503916503, 0.17539209146052598, 0.18251587346196174, 0.18110958736389876, 0.17949833374470472, 0.1809041928499937, 0.18658891584724188, 0.564520671069622, 0.44384418718516827, 0.6884870110079646, 2.8176158182695508, 0.20382880546152593, 0.19061463698744774, 0.18405857365578412, 1.5452964286133648, 0.661045235991478, 0.5916401059553027, 1.901336819306016, 52.846152119636535, 0.2559686266258359, 0.744797327555716, 0.615877420194447, 0.70287284322083, 6.175467155203223, 0.2563443201035261, 3.5774247896671296, 0.7244397826120257, 0.17908785033971072, 11.13115979731083, 0.17645767740905285, 1.4187971652299165, 0.3315191223472357, 0.3285740583389998, 0.3257360392808914, 0.32979375548660755, 0.33547744162380694, 0.33446452096104623, 0.3322926735132933, 0.3406897284835577, 0.3422970313578844, 1.256108853816986, 0.343441926240921, 0.3335523474961519, 0.3426148818433285, 8.597624931782484, 0.3411200521886349, 0.3397177170217037, 0.33222094967961313, 0.3342020279169083, 1.4472829650342465, 1.3234140469878912, 0.3848546190559864, 1.047867776453495, 0.34970467194914817, 0.33064804807305337, 0.3293337459862232], "cross_corr_loss": [0.0, 0.0, 0.0, 0.0, 0.0, 0.0, 0.0, 0.0, 0.0, 0.0, 0.0, 0.0, 0.0, 0.0, 0.0, 0.0, 0.0, 0.0, 0.0, 0.0, 0.0, 0.0, 0.0, 0.0, 0.0, 0.0, 0.0, 0.0, 0.0, 0.0, 0.0, 0.0, 0.0, 0.0, 0.0, 0.0, 0.0, 0.0, 0.0, 0.0, 0.0, 0.0, 0.0, 0.0, 0.0, 0.0, 0.0, 0.0, 0.0, 0.0, 0.0, 0.0, 0.0, 0.0, 0.0, 0.0, 0.0, 0.0, 0.0, 0.0, 0.0, 0.0, 0.0, 0.0, 0.0, 0.0, 0.0, 0.0, 0.0, 0.0, 0.0, 0.0, 0.0, 0.0, 0.0, 0.0, 0.0],