{"valid_accuracy": [], "total_train_loss": [452.6994323730469, 21.223811094760894, 5.374255999326706, 4.513153001070022, 4.267996102571487, 4.0608675360679625, 3.9573952239751815, 3.917900257110596, 3.888809987306595, 3.8708799231052398, 3.8436672735214232, 3.839986265897751, 3.816303363442421, 3.809798891544342, 3.800390810966492, 3.8618308019638063, 3.9261607944965364], "train_loss": [], "train_acc": [], "step_at_epoch": [], "dt_forward": [], "dt_backward": [], "dt_step": [], "best_acc": -1, "best_acc_epoch": null, "best_acc_step": null, "test_loss": [392.25726318359375, 6.217376708984375, 4.97919225692749, 4.419626235961914, 4.321434020996094, 4.159254550933838, 4.139763355255127, 3.99874210357666, 4.05190896987915, 4.155309677124023, 3.8703339099884033, 4.081365585327148, 3.9856481552124023, 4.493535995483398, 4.012746810913086, 4.130622863769531, 4.030667304992676], "best_loss": 3.8703339099884033, "neuron_loss": [201.8656768798828, 9.462545736134052, 1.1740242277085782, 0.9002699419856072, 0.7694133816659451, 0.6928136357665062, 0.6679724340140819, 0.648794551640749, 0.6235048413276673, 0.6144845569133759, 0.6097098667919636, 0.6057165880501271, 0.6041622690856456, 0.6010755659639835, 0.5970419307053089, 0.5976730044186115, 0.5988083435595035], "trial_loss": [250.83375549316406, 11.761265344619751, 4.200231778621673, 3.6128830635547637, 3.498582726120949, 3.3680539047718048, 3.289422787427902, 3.269105701446533, 3.2653051483631135, 3.2563953685760496, 3.233957407474518, 3.23426967561245, 3.212141098976135, 3.2087233132123947, 3.2033488816022873, 3.26415779709816, 3.3273524540662764], "tm_mle_loss": [0.0, 0.0, 0.0, 0.0, 0.0, 0.0, 0.0, 0.0, 0.0, 0.0, 0.0, 0.0, 0.0, 0.0, 0.0, 0.0, 0.0], "fr_loss": [0.0, 0.0, 0.0, 0.0, 0.0, 0.0, 0.0, 0.0, 0.0, 0.0, 0.0, 0.0, 0.0, 0.0, 0.0, 0.0, 0.0], "cross_corr_loss": [0.0, 0.0, 0.0, 0.0, 0.0, 0.0, 0.0, 0.0, 0.0, 0.0, 0.0, 0.0, 0.0, 0.0, 0.0, 0.0, 0.0], "t_trial_pearson": [0.060218628495931625, 0.39707117023877797, 0.5485931803286076, 0.6104919239878654, 0.631890628784895, 0.6465490335226058, 0.660914418399334, 0.6661440925300122, 0.667932839691639, 0.670512764453888, 0.6757694706320763, 0.6738277186453342, 0.6761575634777546, 0.6757111681997776, 0.6774484843015671, 0.6622019483149052, 0.6583118505775929], "trial_type_accuracy": [0.0, 0.0, 1.0, 0.0, 1.0, 1.0, 1.0, 1.0, 1.0, 1.0, 1.0, 0.0, 1.0, 0.0, 1.0, 1.0, 0.0], "opto_hit_rate": [], "t_trial_pearson_ratio": [0.09372664988040924, 0.7157179713249207, 0.8179453611373901, 0.8599493503570557, 0.8813917636871338, 0.8977526426315308, 0.9070310592651367, 0.9266206622123718, 0.9159072637557983, 0.9048171639442444, 0.9335799813270569, 0.8979335427284241, 0.9254180788993835, 0.8752592206001282, 0.9157873392105103, 0.9042248725891113, 0.9079885482788086], "data_loss": [452.6994323730469, 21.223811094760894, 5.374255999326706, 4.513153001070022, 4.267996102571487, 4.0608675360679625, 3.9573952239751815, 3.917900257110596, 3.888809987306595, 3.8708799231052398, 3.8436672735214232, 3.839986265897751, 3.816303363442421, 3.809798891544342, 3.800390810966492, 3.8618308019638063, 3.9261607944965364]}