{"valid_accuracy": [], "total_train_loss": [456.8753662109375, 20.58560938358307, 5.150944634675979, 4.432000631093979, 4.147743265032768, 4.0322166365385055, 3.9579888302087785, 3.900570546388626, 3.857278254032135, 3.751478364467621, 3.7192180442810057, 3.6812660628557206, 3.6741500329971313, 3.6913328754901884, 3.697159479856491, 3.7055957955121994, 3.7106334400177, 3.695869789719582, 3.6727717554569246, 3.6733811128139497, 3.6650450909137726, 3.6982444071769716, 3.6952897983789446, 3.7427499568462372, 3.7643046605587007], "train_loss": [], "train_acc": [], "step_at_epoch": [], "dt_forward": [], "dt_backward": [], "dt_step": [], "best_acc": -1, "best_acc_epoch": null, "best_acc_step": null, "test_loss": [393.1307373046875, 6.050494194030762, 4.785806655883789, 4.4449849128723145, 4.279526710510254, 4.08376932144165, 4.1427788734436035, 3.9332709312438965, 3.876605749130249, 3.8183226585388184, 3.834841012954712, 3.8113961219787598, 3.7690577507019043, 3.7681994438171387, 3.9641273021698, 3.8017866611480713, 3.9602932929992676, 3.7949750423431396, 3.7279865741729736, 3.8427135944366455, 3.8870060443878174, 3.7910399436950684, 3.856477737426758, 4.004635334014893, 4.344084739685059], "best_loss": 3.7279865741729736, "neuron_loss": [198.5928497314453, 9.157580811977386, 1.2690433320403098, 0.9664166598021984, 0.7986388011276722, 0.7470086514949799, 0.7093123780190944, 0.6737263476848603, 0.6300203612446785, 0.5965341798961162, 0.5862130546569824, 0.5824935004115105, 0.5818270012736321, 0.5805088149011135, 0.579559922516346, 0.5809627111256123, 0.5810643073916435, 0.5793372209370137, 0.5716967010498046, 0.5665977531671524, 0.5656116814911365, 0.5702055336534977, 0.5704398062825203, 0.5772420987486839, 0.5784731045365333], "trial_loss": [258.2825012207031, 11.428028569221496, 3.8819013077020643, 3.4655839622020723, 3.3491044664382934, 3.285207985639572, 3.2486764550209046, 3.2268441981077194, 3.227257891893387, 3.154944184422493, 3.1330049872398376, 3.09877256333828, 3.092323032617569, 3.110824065208435, 3.1175995576381683, 3.1246330839395524, 3.1295691281557083, 3.11653256714344, 3.1010750567913057, 3.10678336083889, 3.0994334053993224, 3.1280388700962067, 3.1248499935865404, 3.1655078583955767, 3.1858315551280976], "tm_mle_loss": [0.0, 0.0, 0.0, 0.0, 0.0, 0.0, 0.0, 0.0, 0.0, 0.0, 0.0, 0.0, 0.0, 0.0, 0.0, 0.0, 0.0, 0.0, 0.0, 0.0, 0.0, 0.0, 0.0, 0.0, 0.0], "fr_loss": [0.0, 0.0, 0.0, 0.0, 0.0, 0.0, 0.0, 0.0, 0.0, 0.0, 0.0, 0.0, 0.0, 0.0, 0.0, 0.0, 0.0, 0.0, 0.0, 0.0, 0.0, 0.0, 0.0, 0.0, 0.0], "cross_corr_loss": [0.0, 0.0, 0.0, 0.0, 0.0, 0.0, 0.0, 0.0, 0.0, 0.0, 0.0, 0.0, 0.0, 0.0, 0.0, 0.0, 0.0, 0.0, 0.0, 0.0, 0.0, 0.0, 0.0, 0.0, 0.0], "t_trial_pearson": [0.058136578649282455, 0.3954927465226501, 0.563283556997776, 0.6177476909756661, 0.6330016243457794, 0.6390801890194416, 0.6533085300028324, 0.6607588872313499, 0.6607915893197059, 0.6718098951876164, 0.6739534790813922, 0.6750487230718136, 0.6758074572682381, 0.6751428382098674, 0.6763422130048276, 0.6780446128547192, 0.6798588858544826, 0.6816389338672161, 0.6806060028076172, 0.6835508739948273, 0.6855097578465938, 0.6817576785385608, 0.6879167278110981, 0.6791540905833244, 0.6827356651425361], "trial_type_accuracy": [0.0, 1.0, 0.0, 0.0, 1.0, 0.0, 1.0, 1.0, 1.0, 1.0, 1.0, 1.0, 1.0, 1.0, 1.0, 1.0, 1.0, 1.0, 1.0, 1.0, 1.0, 1.0, 1.0, 1.0, 0.0], "opto_hit_rate": [], "t_trial_pearson_ratio": [0.10084845870733261, 0.7213510870933533, 0.8058562278747559, 0.8171849250793457, 0.872339129447937, 0.865196704864502, 0.9049674868583679, 0.9171958565711975, 0.9158970713615417, 0.8980144262313843, 0.9208331108093262, 0.9307554960250854, 0.9257326126098633, 0.9141538739204407, 0.909552276134491, 0.9239084124565125, 0.9311982989311218, 0.916774332523346, 0.9301325082778931, 0.9513503909111023, 0.9435179829597473, 0.9546456933021545, 0.9526896476745605, 0.9362075924873352, 0.9105501174926758], "data_loss": [456.8753662109375, 20.58560938358307, 5.150944634675979, 4.432000631093979, 4.147743265032768, 4.0322166365385055, 3.9579888302087785, 3.900570546388626, 3.857278254032135, 3.751478364467621, 3.7192180442810057, 3.6812660628557206, 3.6741500329971313, 3.6913328754901884, 3.697159479856491, 3.7055957955121994, 3.7106334400177, 3.695869789719582, 3.6727717554569246, 3.6733811128139497, 3.6650450909137726, 3.6982444071769716, 3.6952897983789446, 3.7427499568462372, 3.7643046605587007]}