{"valid_accuracy": [], "total_train_loss": [456.7193603515625, 24.597846764326096, 5.545814622640609, 4.655609604120254, 4.280615233778954, 4.0847530084848405, 3.9950374549627305, 3.9548466765880583, 3.9349108839035036, 3.8668705081939696, 3.8473124825954437, 3.86251973092556, 3.839245425462723, 3.8586637246608735, 3.8546616834402085, 3.848368266224861, 3.8277608126401903, 3.8287948083877565, 3.844256938695908, 3.823657882809639, 3.8272604870796205, 3.81701111972332, 3.843259836435318, 3.84313883125782, 3.825255836248398, 3.8171547186374664, 3.8343651312589646, 3.8424670022726057], "train_loss": [], "train_acc": [], "step_at_epoch": [], "dt_forward": [], "dt_backward": [], "dt_step": [], "best_acc": -1, "best_acc_epoch": null, "best_acc_step": null, "test_loss": [397.30902099609375, 6.585188865661621, 5.1452155113220215, 4.349886894226074, 4.401780605316162, 4.030889511108398, 4.038087844848633, 4.146004676818848, 3.886007785797119, 4.04645299911499, 4.095433712005615, 3.892930269241333, 3.9844818115234375, 3.8714470863342285, 3.884779214859009, 4.036940574645996, 3.9362246990203857, 3.892310380935669, 3.855710029602051, 3.953855037689209, 4.250704288482666, 3.803662061691284, 3.994746685028076, 3.94425106048584, 3.9102301597595215, 3.9850168228149414, 3.8088815212249756, 3.8464853763580322], "best_loss": 3.803662061691284, "neuron_loss": [201.95367431640625, 11.351580455899239, 1.159783864468336, 0.8342315320670605, 0.723395811766386, 0.6363643085956574, 0.605902684777975, 0.5956672097742558, 0.5881507962942123, 0.5841065761446953, 0.5807062278687954, 0.5799877944588662, 0.5772861936688423, 0.5758239115774632, 0.5744016191363335, 0.5697157701849938, 0.5647689767181874, 0.5636039583384991, 0.562075498700142, 0.5601553602516651, 0.5602611930668354, 0.5603137576580047, 0.5610299921035766, 0.5617529532313347, 0.5609605607390403, 0.5621539448201657, 0.5622561527788639, 0.5640484063327312], "trial_loss": [254.76568603515625, 13.246266405582428, 4.386030752658844, 3.821378082036972, 3.557219415307045, 3.4483887112140654, 3.3891347676515577, 3.359179458618164, 3.3467600893974305, 3.2827639323472977, 3.2666062504053115, 3.2825319331884386, 3.2619592344760893, 3.2828397977352144, 3.280260060429573, 3.278652487397194, 3.2629918360710146, 3.265190849304199, 3.2821814435720444, 3.263502524495125, 3.266999295949936, 3.256697356104851, 3.2822298431396484, 3.2813858717679976, 3.2642952817678452, 3.255000776052475, 3.2721089798212053, 3.2784185951948164], "tm_mle_loss": [0.0, 0.0, 0.0, 0.0, 0.0, 0.0, 0.0, 0.0, 0.0, 0.0, 0.0, 0.0, 0.0, 0.0, 0.0, 0.0, 0.0, 0.0, 0.0, 0.0, 0.0, 0.0, 0.0, 0.0, 0.0, 0.0, 0.0, 0.0], "fr_loss": [0.0, 0.0, 0.0, 0.0, 0.0, 0.0, 0.0, 0.0, 0.0, 0.0, 0.0, 0.0, 0.0, 0.0, 0.0, 0.0, 0.0, 0.0, 0.0, 0.0, 0.0, 0.0, 0.0, 0.0, 0.0, 0.0, 0.0, 0.0], "cross_corr_loss": [0.0, 0.0, 0.0, 0.0, 0.0, 0.0, 0.0, 0.0, 0.0, 0.0, 0.0, 0.0, 0.0, 0.0, 0.0, 0.0, 0.0, 0.0, 0.0, 0.0, 0.0, 0.0, 0.0, 0.0, 0.0, 0.0, 0.0, 0.0], "t_trial_pearson": [0.06396909803152084, 0.36782313967123625, 0.5253964678943157, 0.5815441033244133, 0.6379696169495582, 0.6491355101764202, 0.6445894132554532, 0.6523329390585423, 0.6529368776082992, 0.6614427641034126, 0.6649261763691903, 0.6607453975081444, 0.6660757702589035, 0.6635440051555633, 0.6615583300590515, 0.6636506125330925, 0.6664683730900287, 0.6650676320493222, 0.6618530389666557, 0.6689976426959038, 0.6657477486133575, 0.665631136149168, 0.6694258920848369, 0.6689071036875248, 0.665729078054428, 0.669528282880783, 0.6644958731532097, 0.6645994937419891], "trial_type_accuracy": [0.0, 0.0, 0.0, 0.0, 1.0, 0.0, 0.0, 0.0, 0.0, 0.0, 0.0, 0.0, 0.0, 0.0, 0.0, 1.0, 0.0, 1.0, 1.0, 1.0, 1.0, 0.0, 1.0, 0.0, 1.0, 1.0, 0.0, 0.0], "opto_hit_rate": [], "t_trial_pearson_ratio": [0.09826240688562393, 0.6754773855209351, 0.7517347931861877, 0.8607889413833618, 0.8717492818832397, 0.9000868797302246, 0.8786755800247192, 0.8795924782752991, 0.9059540033340454, 0.8797780275344849, 0.8683071732521057, 0.9111542701721191, 0.8892174959182739, 0.9176480770111084, 0.9113267064094543, 0.9106100797653198, 0.8935596942901611, 0.9201977849006653, 0.9254845380783081, 0.9142365455627441, 0.8959177136421204, 0.9250860810279846, 0.9142929315567017, 0.9194145798683167, 0.9217104315757751, 0.9223509430885315, 0.9203014373779297, 0.9191106557846069], "data_loss": [456.7193603515625, 24.597846764326096, 5.545814622640609, 4.655609604120254, 4.280615233778954, 4.0847530084848405, 3.9950374549627305, 3.9548466765880583, 3.9349108839035036, 3.8668705081939696, 3.8473124825954437, 3.86251973092556, 3.839245425462723, 3.8586637246608735, 3.8546616834402085, 3.848368266224861, 3.8277608126401903, 3.8287948083877565, 3.844256938695908, 3.823657882809639, 3.8272604870796205, 3.81701111972332, 3.843259836435318, 3.84313883125782, 3.825255836248398, 3.8171547186374664, 3.8343651312589646, 3.8424670022726057]}