{"valid_accuracy": [], "total_train_loss": [200.83148193359375, 14.435711377263068, 2.3480909448862075, 1.4029383620619773, 1.019990330785513, 0.8322240725159645, 0.7324975374341011, 0.6767454385757447, 0.6429674063622951, 0.6198972569406033, 0.6059103804826736, 0.5900703157484531, 0.5750457979738712, 0.5690117678046227, 0.5625142034888267, 0.5578257636725903, 0.5548457600176334, 0.5526457366347313, 0.549196584224701, 0.5486791874468326, 0.546342087239027, 0.543426663428545, 0.5370361280441284, 0.5311976836621761, 0.5287866799533367, 0.5286835986375809, 0.5274934884905815, 0.5260304661095142, 0.5247849678993225, 0.5256110870838165, 0.5253279898315668, 0.5273011934757232], "train_loss": [], "train_acc": [], "step_at_epoch": [], "dt_forward": [], "dt_backward": [], "dt_step": [], "best_acc": -1, "best_acc_epoch": null, "best_acc_step": null, "test_loss": [175.2634735107422, 3.4657351970672607, 1.7148569822311401, 1.1702852249145508, 0.9192560911178589, 0.8047207593917847, 0.7240342497825623, 0.6900377869606018, 0.6588205099105835, 0.6452280879020691, 0.6421999931335449, 0.6147308349609375, 0.6165195107460022, 0.612922728061676, 0.6283508539199829, 0.6099056601524353, 0.6184495091438293, 0.6271095871925354, 0.6095515489578247, 0.6192781925201416, 0.5996720790863037, 0.6119192838668823, 0.5987057089805603, 0.6151238679885864, 0.5920373201370239, 0.5896532535552979, 0.6112439036369324, 0.6077800393104553, 0.6059487462043762, 0.6039640307426453, 0.6017580032348633, 0.5942031741142273], "best_loss": 0.5896532535552979, "neuron_loss": [200.83148193359375, 14.435711377263068, 2.3480909448862075, 1.4029383620619773, 1.019990330785513, 0.8322240725159645, 0.7324975374341011, 0.6767454385757447, 0.6429674063622951, 0.6198972569406033, 0.6059103804826736, 0.5900703157484531, 0.5750457979738712, 0.5690117678046227, 0.5625142034888267, 0.5578257636725903, 0.5548457600176334, 0.5526457366347313, 0.549196584224701, 0.5486791874468326, 0.546342087239027, 0.543426663428545, 0.5370361280441284, 0.5311976836621761, 0.5287866799533367, 0.5286835986375809, 0.5274934884905815, 0.5260304661095142, 0.5247849678993225, 0.5256110870838165, 0.5253279898315668, 0.5273011934757232], "trial_loss": [0.0, 0.0, 0.0, 0.0, 0.0, 0.0, 0.0, 0.0, 0.0, 0.0, 0.0, 0.0, 0.0, 0.0, 0.0, 0.0, 0.0, 0.0, 0.0, 0.0, 0.0, 0.0, 0.0, 0.0, 0.0, 0.0, 0.0, 0.0, 0.0, 0.0, 0.0, 0.0], "tm_mle_loss": [0.0, 0.0, 0.0, 0.0, 0.0, 0.0, 0.0, 0.0, 0.0, 0.0, 0.0, 0.0, 0.0, 0.0, 0.0, 0.0, 0.0, 0.0, 0.0, 0.0, 0.0, 0.0, 0.0, 0.0, 0.0, 0.0, 0.0, 0.0, 0.0, 0.0, 0.0, 0.0], "fr_loss": [0.0, 0.0, 0.0, 0.0, 0.0, 0.0, 0.0, 0.0, 0.0, 0.0, 0.0, 0.0, 0.0, 0.0, 0.0, 0.0, 0.0, 0.0, 0.0, 0.0, 0.0, 0.0, 0.0, 0.0, 0.0, 0.0, 0.0, 0.0, 0.0, 0.0, 0.0, 0.0], "cross_corr_loss": [0.0, 0.0, 0.0, 0.0, 0.0, 0.0, 0.0, 0.0, 0.0, 0.0, 0.0, 0.0, 0.0, 0.0, 0.0, 0.0, 0.0, 0.0, 0.0, 0.0, 0.0, 0.0, 0.0, 0.0, 0.0, 0.0, 0.0, 0.0, 0.0, 0.0, 0.0, 0.0], "t_trial_pearson": [0.06441733986139297, 0.1582682100497186, 0.2655617140606046, 0.343183176741004, 0.40204336315393446, 0.4423359823971987, 0.4666648236662149, 0.4815372562408447, 0.49514840126037596, 0.5051378385722637, 0.5087677198648453, 0.513649762570858, 0.5205520369112492, 0.5182652534544467, 0.5213146425783635, 0.5212399557232856, 0.5245323771238327, 0.5245661103725433, 0.5226530446112156, 0.5233569297194481, 0.5249580274522304, 0.5241213388741016, 0.5264433600008488, 0.5265704700350762, 0.524763403236866, 0.5241528232395649, 0.5263747890293599, 0.5286934588849544, 0.528042016029358, 0.5257510647177697, 0.5254914295673371, 0.5289546558260918], "trial_type_accuracy": [0.0, 0.0, 0.0, 0.0, 0.0, 0.0, 0.0, 0.0, 1.0, 1.0, 1.0, 0.0, 1.0, 0.0, 1.0, 0.0, 1.0, 1.0, 0.0, 1.0, 1.0, 0.0, 0.0, 1.0, 1.0, 1.0, 1.0, 1.0, 1.0, 1.0, 1.0, 0.0], "opto_hit_rate": [], "t_trial_pearson_ratio": [0.10131406784057617, 0.3068467676639557, 0.43148332834243774, 0.5181205868721008, 0.5753421783447266, 0.6202866435050964, 0.6405152082443237, 0.6681383848190308, 0.6823186874389648, 0.7025566697120667, 0.7142767906188965, 0.7140060067176819, 0.710381805896759, 0.7187014222145081, 0.7153956890106201, 0.7326356768608093, 0.712529718875885, 0.7264502048492432, 0.7182855010032654, 0.726282000541687, 0.7101579308509827, 0.7315551042556763, 0.7152435779571533, 0.7062209248542786, 0.7021753191947937, 0.7062742114067078, 0.7191646099090576, 0.7102035880088806, 0.7247018814086914, 0.7173939943313599, 0.7239894270896912, 0.7264940738677979], "data_loss": [200.83148193359375, 14.435711377263068, 2.3480909448862075, 1.4029383620619773, 1.019990330785513, 0.8322240725159645, 0.7324975374341011, 0.6767454385757447, 0.6429674063622951, 0.6198972569406033, 0.6059103804826736, 0.5900703157484531, 0.5750457979738712, 0.5690117678046227, 0.5625142034888267, 0.5578257636725903, 0.5548457600176334, 0.5526457366347313, 0.549196584224701, 0.5486791874468326, 0.546342087239027, 0.543426663428545, 0.5370361280441284, 0.5311976836621761, 0.5287866799533367, 0.5286835986375809, 0.5274934884905815, 0.5260304661095142, 0.5247849678993225, 0.5256110870838165, 0.5253279898315668, 0.5273011934757232]}