{
    "valid_accuracy": [],
    "total_train_loss": [
        54.2205924987793,
        7.205453828573227,
        3.4509949564933775,
        3.3806810009479524,
        3.5941750103235246,
        3.5253732699155806,
        3.4565973263978957,
        3.485175154209137,
        3.4015453857183457,
        3.649240099191666,
        3.9520367938280105,
        4.143442263007164,
        3.7343693512678144,
        4.160278432965279,
        3.607828662395477,
        4.024123802781105,
        4.109349456429482,
        3.6121357452869414,
        4.098596554994583,
        3.7121386379003525,
        3.6679782754182817,
        3.52056745827198,
        3.2728473180532456,
        3.232280824780464,
        3.7053785544633864,
        3.2129358613491057,
        3.647161346077919,
        3.6046427404880523,
        3.330736877322197,
        3.786974875330925,
        3.410267845392227,
        66.26982728898525,
        508.9236209225655,
        55.91698660850525,
        54.33798010826111,
        54.21205005645752,
        54.09648606300354,
        54.03930462837219,
        82.93937242984772,
        92.92469676971436,
        89.82268327713012,
        87.009512424469,
        84.49406963348389,
        82.25213157653809,
        80.22831748962402,
        78.54742839813233,
        76.98130548477172,
        2.9361633974313737,
        2.1305956786870954,
        2.4307801523804664,
        2.4800168523192405,
        2.1248321482539176
    ],
    "train_loss": [],
    "train_acc": [],
    "step_at_epoch": [],
    "dt_forward": [],
    "dt_backward": [],
    "dt_step": [],
    "best_acc": -1,
    "best_acc_epoch": null,
    "best_acc_step": null,
    "test_loss": [
        93.6498794555664,
        14.801597595214844,
        23.941993713378906,
        27.23198699951172,
        23.22648811340332,
        38.26996612548828,
        20.208580017089844,
        23.273012161254883,
        29.61505699157715,
        26.777095794677734,
        41.09178161621094,
        50.878814697265625,
        47.78602600097656,
        46.69172668457031,
        40.8497200012207,
        46.02656936645508,
        38.939178466796875,
        43.1758918762207,
        44.085269927978516,
        37.71233367919922,
        50.529869079589844,
        28.219898223876953,
        42.57334899902344,
        34.06594467163086,
        33.39335632324219,
        36.833717346191406,
        34.126163482666016,
        37.53664779663086,
        33.122406005859375,
        36.5318489074707,
        34.01420211791992,
        33.692115783691406,
        160.69915771484375,
        81.30783081054688,
        80.70327758789062,
        80.68431091308594,
        80.0715103149414,
        79.8264389038086,
        122.31462097167969,
        118.54768371582031,
        115.78567504882812,
        112.84281158447266,
        109.95475769042969,
        107.09942626953125,
        104.79745483398438,
        102.68580627441406,
        100.86205291748047,
        40.55720901489258,
        37.17750930786133,
        42.5052490234375,
        37.70934295654297,
        40.02696228027344
    ],
    "best_loss": 2.1248321482539176,
    "neuron_loss": [
        27.549551010131836,
        3.586456528902054,
        2.2789278972148894,
        2.249748848080635,
        2.2950793415308,
        2.2772975766658785,
        2.2230060625076296,
        2.208982652425766,
        2.1771642369031907,
        2.258890436291695,
        2.334862644672394,
        2.4108155685663224,
        2.368842399120331,
        2.404876092672348,
        2.3105163353681566,
        2.3538592314720153,
        2.4237457799911497,
        2.2858613389730453,
        2.3964739632606507,
        2.3125557482242582,
        2.2976229053735735,
        2.289048585295677,
        2.2030736130475996,
        2.174444850683212,
        2.2711748903989792,
        2.148749753832817,
        2.2170901250839234,
        2.210179079771042,
        2.1916306513547896,
        2.245530099272728,
        2.195641477704048,
        11.6590910333395,
        247.6482431024313,
        6.715779013633728,
        6.529108183383942,
        6.475540184974671,
        6.42577969789505,
        6.378166028261185,
        10.483287836313247,
        9.886636264324189,
        9.342330636978149,
        8.86724280834198,
        8.452430834770203,
        8.106210186481476,
        7.8256044721603395,
        7.6205715763568875,
        7.455590443611145,
        1.1171152679622174,
        1.0063039025664329,
        1.0360439240932464,
        1.0351522415876389,
        0.9945447401702404
    ],
    "trial_loss": [
        1.3720436096191406,
        0.9758603408932686,
        0.8812615017592907,
        0.8784556998312474,
        0.8975873675942421,
        0.8958788578212261,
        0.886455445587635,
        0.8906961481273175,
        0.8780224917829037,
        0.8837930032610893,
        0.8957228201627732,
        0.8758824136853218,
        0.8559264422953129,
        0.8751978838443756,
        0.8522664523124694,
        0.864170061647892,
        0.8626728075742721,
        0.8498337960243225,
        0.8638931299746037,
        0.8472301506996155,
        0.8417542724311352,
        0.841326666623354,
        0.8315921576321125,
        0.8237816132605076,
        0.8286852945387363,
        0.8217152750492096,
        0.8259655050933361,
        0.8273943217098713,
        0.825049670189619,
        0.8341140273213387,
        0.8312052562832832,
        0.9982045957446098,
        2.108592537045479,
        1.0160814587771894,
        1.0189206290245056,
        1.0188373836874962,
        1.0186479645967483,
        1.0184682056307792,
        1.0676289829611778,
        1.0680795380473136,
        1.0645711588859559,
        1.0618122121691704,
        1.0595927554368973,
        1.0579736441373826,
        1.0567484864592551,
        1.0556277644634247,
        1.0548068979382514,
        0.8190456476807594,
        0.8140090005099774,
        0.8099657319486141,
        0.8132529310882092,
        0.8111733873188496
    ],
    "tm_mle_loss": [
        0.0,
        0.0,
        0.0,
        0.0,
        0.0,
        0.0,
        0.0,
        0.0,
        0.0,
        0.0,
        0.0,
        0.0,
        0.0,
        0.0,
        0.0,
        0.0,
        0.0,
        0.0,
        0.0,
        0.0,
        0.0,
        0.0,
        0.0,
        0.0,
        0.0,
        0.0,
        0.0,
        0.0,
        0.0,
        0.0,
        0.0,
        0.0,
        0.0,
        0.0,
        0.0,
        0.0,
        0.0,
        0.0,
        0.0,
        0.0,
        0.0,
        0.0,
        0.0,
        0.0,
        0.0,
        0.0,
        0.0,
        0.0,
        0.0,
        0.0,
        0.0,
        0.0
    ],