{"valid_accuracy": [], "total_train_loss": [447.7055358886719, 16.199501860141755, 4.860730385780334, 4.200560639500618, 3.9822485464811326, 3.8917489993572234, 3.8104306346178056, 3.750477147102356, 3.693361889719963, 3.7062589168548583, 3.6155607229471207, 3.601898968219757, 3.6369130194187163, 3.627019567489624, 3.636972206830978, 4.000312435030938, 4.300497208237648, 4.159952702522278], "train_loss": [], "train_acc": [], "step_at_epoch": [], "dt_forward": [], "dt_backward": [], "dt_step": [], "best_acc": -1, "best_acc_epoch": null, "best_acc_step": null, "test_loss": [361.9028625488281, 5.33258581161499, 4.313332557678223, 4.096138000488281, 3.888033151626587, 3.7631993293762207, 3.9511265754699707, 3.74959397315979, 3.626885414123535, 3.559903144836426, 3.672288417816162, 3.544525146484375, 3.557441473007202, 4.305639266967773, 3.6539013385772705, 4.6813859939575195, 4.2671990394592285, 3.8160085678100586], "best_loss": 3.544525146484375, "neuron_loss": [200.0897216796875, 6.4367077568173405, 1.0744530768692493, 0.9569343604147434, 0.8985702931880951, 0.8720415742695331, 0.8517994147539139, 0.8123769652843476, 0.7734678697586059, 0.7537054628133774, 0.7191304776072502, 0.6980417923629284, 0.691325463950634, 0.6828822217881679, 0.681284963041544, 0.7903797017037868, 0.8287950600683689, 0.8031844760477543], "trial_loss": [247.61581420898438, 9.762794093489648, 3.7862773048877716, 3.243626285195351, 3.0836782497167587, 3.019707422852516, 2.9586312198638915, 2.9381001764535903, 2.9198940199613572, 2.9525534576177597, 2.8964302378892897, 2.903857171535492, 2.9455875509977343, 2.9441373431682587, 2.955687248110771, 3.209932737350464, 3.4717021411657334, 3.35676822245121], "tm_mle_loss": [0.0, 0.0, 0.0, 0.0, 0.0, 0.0, 0.0, 0.0, 0.0, 0.0, 0.0, 0.0, 0.0, 0.0, 0.0, 0.0, 0.0, 0.0], "fr_loss": [0.0, 0.0, 0.0, 0.0, 0.0, 0.0, 0.0, 0.0, 0.0, 0.0, 0.0, 0.0, 0.0, 0.0, 0.0, 0.0, 0.0, 0.0], "cross_corr_loss": [0.0, 0.0, 0.0, 0.0, 0.0, 0.0, 0.0, 0.0, 0.0, 0.0, 0.0, 0.0, 0.0, 0.0, 0.0, 0.0, 0.0, 0.0], "t_trial_pearson": [0.07967139035463333, 0.4077074217610061, 0.5712229016423226, 0.642485961318016, 0.6579771316051484, 0.6684408466517925, 0.6817329478263855, 0.6832879745960235, 0.6896673524379731, 0.6849038323760033, 0.6895545779168606, 0.6951652792096138, 0.6909645530581474, 0.6894024629890919, 0.6874064117670059, 0.6587816083431244, 0.6419713200628757, 0.6446106791496277], "trial_type_accuracy": [0.0, 0.0, 0.0, 0.0, 0.0, 1.0, 1.0, 1.0, 0.0, 0.0, 1.0, 0.0, 0.0, 1.0, 0.0, 0.0, 0.0, 1.0], "opto_hit_rate": [], "t_trial_pearson_ratio": [0.09587898850440979, 0.7379649877548218, 0.8600448966026306, 0.862899661064148, 0.8928311467170715, 0.9224135279655457, 0.9123814702033997, 0.9422988891601562, 0.9400296807289124, 0.9394638538360596, 0.9540455341339111, 0.9519420266151428, 0.9260597229003906, 0.91144198179245, 0.9253469109535217, 0.8229160308837891, 0.8623790740966797, 0.9258955717086792], "data_loss": [447.7055358886719, 16.199501860141755, 4.860730385780334, 4.200560639500618, 3.9822485464811326, 3.8917489993572234, 3.8104306346178056, 3.750477147102356, 3.693361889719963, 3.7062589168548583, 3.6155607229471207, 3.601898968219757, 3.6369130194187163, 3.627019567489624, 3.636972206830978, 4.000312435030938, 4.300497208237648, 4.159952702522278]}