{"valid_accuracy": [], "total_train_loss": [9016.619140625, 146.51854879379272, 23.300216376781464, 12.379064238071441, 7.71052026629448, 5.281960204839707, 3.916431586146355, 3.1706705886125564, 2.66758345246315, 2.3906746834516523, 2.1792053359746935, 2.037297858595848, 1.9474850279092788, 1.8773976969718933, 1.8147495701909064, 1.765757303237915, 1.6901617607474326, 1.6744715252518654, 1.6240334546566009, 1.5699493527412414, 1.5646427991986274, 1.5453846970200538, 1.5154435089230538, 1.503184792995453, 1.5057283413410187, 1.4700110477209092, 1.4633136996626854, 1.467571270763874, 1.4598725083470345, 1.4325533765554428, 1.4414532920718193, 1.4158752733469009, 1.4300905561447144, 1.4114031732082366, 1.4113400995731353, 1.4117812663316727, 1.3943637704849243, 1.3959210151433945, 1.3987791985273361, 1.383029724061489, 1.3820445090532303, 1.3769425588846207, 1.373726146221161, 1.3701431128382682, 1.4141379469633102, 1.378294324874878, 1.3927178320288658, 1.40763259857893, 1.3908069333434105, 1.3847451549768448, 1.37746578425169], "train_loss": [], "train_acc": [], "step_at_epoch": [], "dt_forward": [], "dt_backward": [], "dt_step": [], "best_acc": -1, "best_acc_epoch": null, "best_acc_step": null, "test_loss": [2321.89990234375, 54.61041259765625, 73.24071502685547, 64.60098266601562, 42.78784942626953, 68.0995864868164, 96.41983795166016, 79.49219512939453, 74.7115249633789, 95.53118896484375, 91.35836029052734, 100.39065551757812, 123.01404571533203, 122.92198944091797, 116.43383026123047, 130.70828247070312, 114.9365005493164, 131.0331268310547, 160.27157592773438, 159.10513305664062, 132.15927124023438, 147.91929626464844, 157.57789611816406, 161.83152770996094, 151.31857299804688, 140.22412109375, 147.45289611816406, 135.00453186035156, 141.78707885742188, 189.68275451660156, 146.4915313720703, 152.51194763183594, 131.09970092773438, 163.853759765625, 152.65049743652344, 161.34999084472656, 148.1461944580078, 153.74288940429688, 178.38238525390625, 169.3692626953125, 168.85076904296875, 166.69825744628906, 176.91790771484375, 169.20050048828125, 150.0487518310547, 156.98602294921875, 145.15501403808594, 161.86607360839844, 158.0205841064453, 148.56332397460938, 138.23434448242188], "best_loss": 1.3701431128382682, "neuron_loss": [4923.02783203125, 22.488290302157402, 1.758236744105816, 1.261005344092846, 1.0372276249527932, 0.905129316598177, 0.8200438320636749, 0.7692202742397786, 0.7346810136735439, 0.7089771255850792, 0.687300864905119, 0.6748992151021957, 0.6670413681864739, 0.6578553348779679, 0.6503851462900638, 0.6457325683534145, 0.6368533007800579, 0.6349170318245888, 0.6281472735106945, 0.6196653190255165, 0.6179485690593719, 0.6148957708477973, 0.608815867304802, 0.6076411281526088, 0.60531827673316, 0.5995209191739559, 0.5963585944473744, 0.5966493880748749, 0.5934430520236492, 0.5880499792098999, 0.5901439045369625, 0.5840297897160053, 0.5835005152225494, 0.5787694491446018, 0.578840927630663, 0.5770016252994538, 0.5723767122626304, 0.5736338044703007, 0.5708097596466541, 0.5683369152247906, 0.5662034334242344, 0.5630791522562504, 0.5628853744268417, 0.5612440918385982, 0.5625224278867245, 0.562052585631609, 0.5610680964589119, 0.5653944866359234, 0.5600977335870266, 0.5587293705344201, 0.5574673333764076], "trial_loss": [22.200775146484375, 4.5554153195023535, 0.8579138153791428, 0.8223521316051483, 0.8051516795158387, 0.7949058276414871, 0.7879170587658882, 0.7833370725810528, 0.7784587369859218, 0.7754138319194317, 0.7728176021575928, 0.7670862153172493, 0.7573696786165237, 0.7527248321473599, 0.7498175804316998, 0.7479392458498478, 0.7449727191030979, 0.7422396238148212, 0.7405992956459522, 0.7383253937959671, 0.7360806731879711, 0.7365811434388161, 0.7342015205323696, 0.7342301352322101, 0.7339502947032451, 0.7330803142488003, 0.7324183788895607, 0.7315964221954345, 0.7309808756411076, 0.7308551950752735, 0.7301488383114338, 0.7293688033521175, 0.7289293962717056, 0.7282298821210861, 0.727650061249733, 0.7274757041037083, 0.7267871852219104, 0.7270165628194809, 0.7266101653873921, 0.7264095532894135, 0.7269537737965583, 0.7259255699813366, 0.7251921384036542, 0.7248902574181557, 0.7263945750892162, 0.7240224818885327, 0.7254126152396202, 0.7256448800861836, 0.7261277405917644, 0.7247623445093632, 0.7242677369713784], "tm_mle_loss": [0.0, 0.0, 0.0, 0.0, 0.0, 0.0, 0.0, 0.0, 0.0, 0.0, 0.0, 0.0, 0.0, 0.0, 0.0, 0.0, 0.0, 0.0, 0.0, 0.0, 0.0, 0.0, 0.0, 0.0, 0.0, 0.0, 0.0, 0.0, 0.0, 0.0, 0.0, 0.0, 0.0, 0.0, 0.0, 0.0, 0.0, 0.0, 0.0, 0.0, 0.0, 0.0, 0.0, 0.0, 0.0, 0.0, 0.0, 0.0, 0.0, 0.0, 0.0], "fr_loss": [4071.390625, 119.47484294414521, 20.684065763950347, 10.295706758499145, 5.868140941858291, 3.5819250535964966, 2.3084707021713258, 1.6181132444739341, 1.1544437021017075, 0.906283724308014, 0.719086866825819, 0.5953124335408211, 0.5230739835649729, 0.4668175349384546, 0.41454684041440487, 0.37208548702299593, 0.3083357386663556, 0.2973148702830076, 0.25528688456863163, 0.21195864159613848, 0.21061355337500573, 0.19390778113156557, 0.17242612183094025, 0.1613135277852416, 0.16645976481959224, 0.13740981152281165, 0.13453672919422388, 0.13932545887306333, 0.1354485834389925, 0.11364819729700684, 0.12116054931655526, 0.10247668225318193, 0.11766064811497927, 0.10440384417772293, 0.10484910689294338, 0.10730393601581455, 0.09519986887462437, 0.09527064473368227, 0.10135927419178188, 0.08828325561247766, 0.08888730187900365, 0.08793783468194306, 0.08564863432198763, 0.08400876616127789, 0.12522094156593083, 0.09221925834193825, 0.10623712158761918, 0.11659323213621973, 0.1045814560353756, 0.10125343933701515, 0.0957307165209204], "cross_corr_loss": [0.0, 0.0, 0.0, 0.0, 0.0, 0.0, 0.0, 0.0, 0.0, 0.0, 0.0, 0.0, 0.0, 0.0, 0.0, 0.0, 0.0, 0.0, 0.0, 0.0, 0.0, 0.0, 0.0, 0.0, 0.0, 0.0, 0.0, 0.0, 0.0, 0.0, 0.0, 0.0, 0.0, 0.0, 0.0, 0.0, 0.0, 0.0, 0.0, 0.0, 0.0, 0.0, 0.0, 0.0, 0.0, 0.0, 0.0, 0.0, 0.0, 0.0, 0.0], "t_trial_pearson": [0.0854584202170372, 0.19134591797366737, 0.33833329513669014, 0.3865478423982859, 0.40694521464407446, 0.4225665279477835, 0.4325215683877468, 0.4376865568011999, 0.4448097684979439, 0.44788268886506555, 0.4509157945215702, 0.4588285895437002, 0.46726953677833083, 0.4699246636778116, 0.4756401842087507, 0.4780375222861767, 0.4789431194216013, 0.48013027153909205, 0.4815038155764341, 0.48456719033420087, 0.48900163002312186, 0.49199509255588053, 0.4964370587468147, 0.4911855898797512, 0.49159778997302056, 0.4880966900289059, 0.4935418700426817, 0.496199793741107, 0.49923855781555176, 0.49424046970903873, 0.5014220666885376, 0.49690176598727703, 0.5015729204565287, 0.493739515915513, 0.503096259534359, 0.5001853852719068, 0.49935925252735613, 0.5019113218784332, 0.5002787312865258, 0.503487019315362, 0.49848020561039447, 0.5066513748466969, 0.5023798026144505, 0.5001615424454212, 0.5037630446255207, 0.5082655775547028, 0.5036534762382507, 0.5050268480181694, 0.5023853701353073, 0.5055976179242134, 0.5054989397525788], "trial_type_accuracy": [0.25, 0.5, 0.0, 0.0, 0.5, 0.0, 0.0, 0.0, 0.5, 0.0, 0.25, 0.0, 0.0, 0.0, 0.0, 0.0, 0.0, 0.5, 0.0, 0.0, 0.5, 0.0, 0.0, 0.0, 0.25, 0.5, 0.0, 0.25, 0.5, 0.0, 0.0, 0.25, 0.5, 0.0, 0.25, 0.0, 0.5, 0.0, 0.0, 0.0, 0.0, 0.0, 0.0, 0.0, 0.0, 0.0, 0.0, 0.0, 0.0, 0.25, 0.0], "opto_hit_rate": [],