{"valid_accuracy": [], "total_train_loss": [51.76813888549805, 3.9061758291721342, 3.6177664148807525, 2.4928138679265976, 2.456951579451561, 2.4692566990852356, 11.886402109265328, 2.0850882929563523, 2.0205269119143487, 1.9909493592381478, 1.9546025609970092, 1.947565658390522, 1.9306864804029464, 2.1494330209493637, 2.6730480018258094, 2.1185636350512507, 1.9130376860499383, 1.9298055204749107, 1.949916681945324, 1.981999919116497, 1.952427004277706, 2.4398994687199593, 2.0853424671292307, 2.511861186027527, 2.5380519431829454, 2.1764963519573213, 7.848853362202644, 2.79107535392046, 2.020930428504944, 3.213125739991665, 2.366998907625675, 2.0943878909945486, 1.9994589027762413, 2.138675581216812, 2.0630421382188797, 1.968084522485733, 2.1060193741321562, 2.078934390246868], "train_loss": [], "train_acc": [], "step_at_epoch": [], "dt_forward": [], "dt_backward": [], "dt_step": [], "best_acc": -1, "best_acc_epoch": null, "best_acc_step": null, "test_loss": [42.72779083251953, 12.935050964355469, 10.142823219299316, 13.192699432373047, 10.364154815673828, 15.540413856506348, 18.686264038085938, 25.12952423095703, 25.98261070251465, 35.52565002441406, 34.95594787597656, 24.357254028320312, 27.19059944152832, 23.57098960876465, 20.141441345214844, 25.789897918701172, 32.58309555053711, 23.950586318969727, 37.32099914550781, 24.297622680664062, 37.817893981933594, 26.58878517150879, 22.19120979309082, 58.7376708984375, 30.852733612060547, 36.28268051147461, 25.579147338867188, 30.758241653442383, 14.19412612915039, 36.625404357910156, 38.53178405761719, 35.893802642822266, 31.660608291625977, 37.596710205078125, 33.08269119262695, 34.4794921875, 29.493223190307617, 27.414775848388672], "best_loss": 1.9130376860499383, "neuron_loss": [25.786293029785156, 1.93154812335968, 1.342907536625862, 1.2274165320396424, 1.2004513266682624, 1.1607126951217652, 1.5362371906638146, 1.0412537786364555, 1.0029659134149551, 0.9885425679385662, 0.9645221428573132, 0.9578876805305481, 0.9491316117346287, 1.0299539056420326, 1.055662335306406, 1.0299748362600802, 0.9319895695149899, 0.9368983294069767, 0.9433279460668564, 0.9601976269483566, 0.9465946409106255, 1.016692350357771, 0.983432702422142, 1.1127674460411072, 1.1663626261055469, 1.0090025760233403, 1.8400026316940785, 1.0264033384621143, 0.9422140972316265, 1.2301484076678753, 1.077491802573204, 0.9750120665133, 0.9399474672973156, 0.9920931081473827, 0.9662746565043926, 0.9295353525876999, 0.9931873713433742, 0.9846456506848336], "trial_loss": [1.386905550956726, 0.933983465731144, 0.8795755058526993, 0.8450271344184875, 0.8347081558406353, 0.8437258748710156, 0.83342309191823, 0.7924101510643959, 0.7816439796984196, 0.7788481268286706, 0.7703331291675568, 0.7689678704738617, 0.7663164603710174, 0.7793479104340076, 0.7677992430329322, 0.7732523554563522, 0.7601957878470421, 0.7625168026983737, 0.7630202424526215, 0.7646885798871517, 0.7595611713826657, 0.7717188756167889, 0.7733184359967709, 0.7761554518342018, 0.7796544356644154, 0.7690426476299763, 0.8289941947162152, 0.778339127600193, 0.7679995088279248, 0.7726632642745972, 0.78042599350214, 0.7691436538100243, 0.7590413151681423, 0.7711343693733216, 0.7658444239199161, 0.7618311534821988, 0.7724576480686665, 0.7757694599032402], "tm_mle_loss": [0.0, 0.0, 0.0, 0.0, 0.0, 0.0, 0.0, 0.0, 0.0, 0.0, 0.0, 0.0, 0.0, 0.0, 0.0, 0.0, 0.0, 0.0, 0.0, 0.0, 0.0, 0.0, 0.0, 0.0, 0.0, 0.0, 0.0, 0.0, 0.0, 0.0, 0.0, 0.0, 0.0, 0.0, 0.0, 0.0, 0.0, 0.0], "fr_loss": [24.594940185546875, 1.0406442272290588, 1.395283368639648, 0.42037020027637484, 0.42179210044443605, 0.4648181292787194, 9.516741855628789, 0.25142435941845176, 0.23591702178120613, 0.22355866577476263, 0.21974728897213935, 0.220710105933249, 0.21523840755224227, 0.3401312048360705, 0.8495864272117615, 0.3153364432230592, 0.22085233129560947, 0.23039038877934218, 0.24356849409639836, 0.2571137189120054, 0.24627119723707439, 0.6514882428944111, 0.32859132200479507, 0.6229382907226682, 0.5920348876342177, 0.39845112968236207, 5.179856505170465, 0.9863328867778182, 0.3107168186083436, 1.2103140554204583, 0.5090811134874821, 0.3502321694791317, 0.30047012194991113, 0.37544810239225623, 0.33092305544763806, 0.2767180218175054, 0.3403743589669466, 0.318519282117486], "cross_corr_loss": [0.0, 0.0, 0.0, 0.0, 0.0, 0.0, 0.0, 0.0, 0.0, 0.0, 0.0, 0.0, 0.0, 0.0, 0.0, 0.0, 0.0, 0.0, 0.0, 0.0, 0.0, 0.0, 0.0, 0.0, 0.0, 0.0, 0.0, 0.0, 0.0, 0.0, 0.0, 0.0, 0.0, 0.0, 0.0, 0.0, 0.0, 0.0], "t_trial_pearson": [0.17042267322540283, 0.2839721991866827, 0.35275407291948796, 0.3890756053477526, 0.39647145561873914, 0.361241852119565, 0.38950766414403915, 0.4373518766462803, 0.4443351924419403, 0.44762129344046114, 0.4593207051604986, 0.4628611022979021, 0.459271591976285, 0.44676374569535254, 0.4620786493271589, 0.44874904803931714, 0.46957475520670416, 0.46370533764362337, 0.46628689631819725, 0.45969753071665764, 0.47156340070068836, 0.45619584165513516, 0.4504059720039368, 0.4473393706977367, 0.4439036455750465, 0.45001071073114873, 0.38088428415358067, 0.44583439007401465, 0.46090864107012747, 0.45158044338226316, 0.44261287912726405, 0.4596186853200197, 0.47271310791373256, 0.45547353208065033, 0.46107452511787417, 0.46764528296887875, 0.44691087424755094, 0.44406836353242396], "trial_type_accuracy": [0.25, 0.0, 0.25, 0.5, 0.25, 0.25, 0.25, 0.25, 0.0, 1.0, 1.0, 0.5, 0.25, 0.25, 0.25, 0.5, 0.75, 0.0, 1.0, 0.25, 1.0, 0.5, 0.25, 0.0, 0.0, 1.0, 0.25, 0.25, 0.25, 0.25, 1.0, 0.75, 1.0, 0.5, 0.5, 0.25, 0.5, 0.5], "opto_hit_rate": [], "t_trial_pearson_ratio": [0.3475082218647003, 0.755827009677887, 0.6481770873069763, 0.8092052340507507, 0.5891579389572144, 0.7902219891548157, 0.8120331168174744, 0.8938925862312317, 0.8607622981071472, 0.9524571299552917, 0.9518858194351196, 0.9317070245742798, 0.9374763369560242, 0.916097104549408, 0.8218448758125305, 0.943968653678894, 0.9755865931510925, 0.8274973630905151, 0.9885338544845581, 0.9090671539306641, 0.9850398302078247, 0.9430882334709167, 0.6579996347427368, 0.9088071584701538, 0.7109544277191162, 0.9846413731575012, 0.9419304728507996, 0.8004274964332581, 0.703619658946991, 0.9481258988380432, 0.9563931226730347, 0.955845296382904, 0.9710356593132019, 0.7593146562576294, 0.9803933501243591, 0.8876856565475464, 0.9561795592308044, 0.9259478449821472], "data_loss": [51.76813888549805, 3.9061758291721342, 3.6177664148807525, 2.4928138679265976, 2.456951579451561, 2.4692566990852356, 11.886402109265328, 2.0850882929563523, 2.0205269119143487, 1.9909493592381478, 1.9546025609970092, 1.947565658390522, 1.9306864804029464, 2.1494330209493637, 2.6730480018258094, 2.1185636350512507, 1.9130376860499383, 1.9298055204749107, 1.949916681945324, 1.981999919116497, 1.952427004277706, 2.4398994687199593, 2.0853424671292307, 2.511861186027527, 2.5380519431829454, 2.1764963519573213, 7.848853362202644, 2.79107535392046, 2.020930428504944, 3.213125739991665, 2.366998907625675, 2.0943878909945486, 1.9994589027762413, 2.138675581216812, 2.0630421382188797, 1.968084522485733, 2.1060193741321562, 2.078934390246868]}