{
    "valid_accuracy": [],
    "total_train_loss": [
        456.7193603515625,
        24.668382775783538,
        5.397096040248871,
        4.6038422667980194,
        4.355384876728058,
        4.04874111354351,
        3.8786427903175356,
        3.8482042533159255,
        3.848171896934509,
        3.8703700023889542,
        3.9569586300849915,
        4.03865337908268,
        4.022251006364822,
        3.961381367444992,
        3.9125728410482408
    ],
    "train_loss": [],
    "train_acc": [],
    "step_at_epoch": [],
    "dt_forward": [],
    "dt_backward": [],
    "dt_step": [],
    "best_acc": -1,
    "best_acc_epoch": null,
    "best_acc_step": null,
    "test_loss": [
        397.24310302734375,
        6.326808452606201,
        4.886484622955322,
        4.936070919036865,
        4.2594428062438965,
        4.022584915161133,
        3.9292590618133545,
        3.8012804985046387,
        3.7942323684692383,
        3.9540319442749023,
        4.227219104766846,
        4.2024149894714355,
        4.162065029144287,
        4.04710578918457,
        3.936645746231079
    ],
    "best_loss": 3.7942323684692383,
    "neuron_loss": [
        201.95367431640625,
        11.424451422393322,
        1.1320068080723287,
        0.8318340726196766,
        0.7080536586046219,
        0.6381613068282604,
        0.6136132669448853,
        0.6003183396160603,
        0.5913990248739719,
        0.5864252957701683,
        0.5806131319701672,
        0.5764233686029911,
        0.5690228424966335,
        0.5668798838555813,
        0.5654280768334865
    ],
    "trial_loss": [
        254.76568603515625,
        13.243931196928024,
        4.265089223980904,
        3.7720081853866576,
        3.6473312097787858,
        3.4105798161029814,
        3.2650295233726503,
        3.247885920405388,
        3.2567728751897813,
        3.283944703936577,
        3.3763454991579054,
        3.4622300130128862,
        3.453228167295456,
        3.3945014798641204,
        3.3471447724103927
    ],
    "tm_mle_loss": [
        0.0,
        0.0,
        0.0,
        0.0,
        0.0,
        0.0,
        0.0,
        0.0,
        0.0,
        0.0,
        0.0,
        0.0,
        0.0,
        0.0,
        0.0
    ],
    "fr_loss": [
        0.0,
        0.0,
        0.0,
        0.0,
        0.0,
        0.0,
        0.0,
        0.0,
        0.0,
        0.0,
        0.0,
        0.0,
        0.0,
        0.0,
        0.0
    ],
    "cross_corr_loss": [
        0.0,
        0.0,
        0.0,
        0.0,
        0.0,
        0.0,
        0.0,
        0.0,
        0.0,
        0.0,
        0.0,
        0.0,
        0.0,
        0.0,
        0.0
    ],
    "t_trial_pearson": [
        0.06396909803152084,
        0.3688254958204925,
        0.5403662975132465,
        0.5978291881084442,
        0.6226897762715816,
        0.6507046326994896,
        0.6711887536942959,
        0.670858353227377,
        0.6703139571845531,
        0.6653329846262932,
        0.6494821268320083,
        0.6318798913061618,
        0.6384416978061199,
        0.6482550989091397,
        0.6528945189714431
    ],
    "trial_type_accuracy": [
        0.0,
        1.0,
        0.0,
        1.0,
        1.0,
        1.0,
        1.0,
        0.0,
        0.0,
        0.0,
        0.0,
        0.0,
        0.0,
        1.0,
        0.0
    ],
    "opto_hit_rate": [],
    "t_trial_pearson_ratio": [
        0.097954660654068,
        0.7007316946983337,
        0.787915825843811,
        0.8056600689888,
        0.8796789050102234,
        0.9168473482131958,
        0.9364557266235352,
        0.949030876159668,
        0.9319663047790527,
        0.8872042894363403,
        0.8457463383674622,
        0.8488821387290955,
        0.8645815849304199,
        0.897538423538208,
        0.8946977257728577
    ],
    "data_loss": [
        456.7193603515625,
        24.668382775783538,
        5.397096040248871,
        4.6038422667980194,
        4.355384876728058,
        4.04874111354351,
        3.8786427903175356,
        3.8482042533159255,
        3.848171896934509,
        3.8703700023889542,
        3.9569586300849915,
        4.03865337908268,
        4.022251006364822,
        3.961381367444992,
        3.9125728410482408
    ]
}