{"valid_accuracy": [], "total_train_loss": [210.22607421875, 15.118983837962151, 2.487807144522667, 1.4864789366722106, 1.0869913733005523, 0.8791641749441623, 0.7753216844797134, 0.6436350548267364, 0.5761294862627984, 0.5615230365097523, 0.5491201196610928, 0.5439541903138161, 0.5385582201182842, 0.5358521457016469, 0.5338169132173062, 0.5328936804831028, 0.532966134250164, 0.5340720722079277, 0.5335666406154632], "train_loss": [], "train_acc": [], "step_at_epoch": [], "dt_forward": [], "dt_backward": [], "dt_step": [], "best_acc": -1, "best_acc_epoch": null, "best_acc_step": null, "test_loss": [181.52870178222656, 3.5836315155029297, 1.8611904382705688, 1.2497063875198364, 0.9757745862007141, 0.8301035761833191, 0.7725830078125, 0.6055400371551514, 0.5957858562469482, 0.5902950763702393, 0.5847688913345337, 0.583375871181488, 0.5697512626647949, 0.5705288052558899, 0.5770849585533142, 0.573286771774292, 0.5770688652992249, 0.5750861763954163, 0.6021451354026794], "best_loss": 0.5697512626647949, "neuron_loss": [210.22607421875, 15.118983837962151, 2.487807144522667, 1.4864789366722106, 1.0869913733005523, 0.8791641749441623, 0.7753216844797134, 0.6436350548267364, 0.5761294862627984, 0.5615230365097523, 0.5491201196610928, 0.5439541903138161, 0.5385582201182842, 0.5358521457016469, 0.5338169132173062, 0.5328936804831028, 0.532966134250164, 0.5340720722079277, 0.5335666406154632], "trial_loss": [0.0, 0.0, 0.0, 0.0, 0.0, 0.0, 0.0, 0.0, 0.0, 0.0, 0.0, 0.0, 0.0, 0.0, 0.0, 0.0, 0.0, 0.0, 0.0], "tm_mle_loss": [0.0, 0.0, 0.0, 0.0, 0.0, 0.0, 0.0, 0.0, 0.0, 0.0, 0.0, 0.0, 0.0, 0.0, 0.0, 0.0, 0.0, 0.0, 0.0], "fr_loss": [0.0, 0.0, 0.0, 0.0, 0.0, 0.0, 0.0, 0.0, 0.0, 0.0, 0.0, 0.0, 0.0, 0.0, 0.0, 0.0, 0.0, 0.0, 0.0], "cross_corr_loss": [0.0, 0.0, 0.0, 0.0, 0.0, 0.0, 0.0, 0.0, 0.0, 0.0, 0.0, 0.0, 0.0, 0.0, 0.0, 0.0, 0.0, 0.0, 0.0], "t_trial_pearson": [0.08766532689332962, 0.17385350877419115, 0.2853572379797697, 0.3799169207364321, 0.4337617438286543, 0.4647433755546808, 0.48213062368333337, 0.4998009683530959, 0.5177602422237396, 0.5244971631467342, 0.5311374272531866, 0.5334534668922424, 0.5369774942100048, 0.5374496622383594, 0.5396155370771885, 0.5407087622582912, 0.540137836933136, 0.5445122084021569, 0.5417827081680298], "trial_type_accuracy": [0.0, 0.0, 0.0, 0.0, 0.0, 0.0, 1.0, 1.0, 1.0, 0.0, 1.0, 1.0, 0.0, 1.0, 1.0, 0.0, 0.0, 1.0, 1.0], "opto_hit_rate": [], "t_trial_pearson_ratio": [0.10101302713155746, 0.31186389923095703, 0.46085572242736816, 0.5518183708190918, 0.5953561663627625, 0.6425963044166565, 0.6672578454017639, 0.6877346038818359, 0.7089839577674866, 0.7250213623046875, 0.7425636649131775, 0.7259912490844727, 0.7185919284820557, 0.7102015614509583, 0.7225508689880371, 0.7312173843383789, 0.719918429851532, 0.740272581577301, 0.7467173337936401], "data_loss": [210.22607421875, 15.118983837962151, 2.487807144522667, 1.4864789366722106, 1.0869913733005523, 0.8791641749441623, 0.7753216844797134, 0.6436350548267364, 0.5761294862627984, 0.5615230365097523, 0.5491201196610928, 0.5439541903138161, 0.5385582201182842, 0.5358521457016469, 0.5338169132173062, 0.5328936804831028, 0.532966134250164, 0.5340720722079277, 0.5335666406154632]}