{"valid_accuracy": [], "total_train_loss": [912404.375, 369.56156717538835, 5.059121613502502, 3.8532109546661375, 3.3717390191555023, 3.102474368214607, 2.9626526933908464, 2.8410640293359757, 2.7603450226783752, 2.7056139624118805, 2.6716944479942324, 2.637683902978897, 2.6193129354715348, 2.6042029958963395, 2.584055640101433, 2.565635398030281, 2.5515445065498352, 2.538385748267174, 2.5325524592399598, 2.530927699804306, 2.5208177584409714, 2.514737291932106, 2.508065164685249, 2.5014168792963027, 2.5030817478895186, 2.495649664402008, 2.489849792122841, 2.4912123394012453, 2.4855210155248644, 2.484003114700317, 2.46962607383728, 2.474134971499443, 2.4803219574689863, 2.46630653321743, 2.4573814898729323, 2.4512102580070496, 2.4588718312978743], "train_loss": [], "train_acc": [], "step_at_epoch": [], "dt_forward": [], "dt_backward": [], "dt_step": [], "best_acc": -1, "best_acc_epoch": null, "best_acc_step": null, "test_loss": [81559.984375, 6.811738967895508, 4.287304401397705, 3.6987223625183105, 3.326403856277466, 3.100421667098999, 2.946042776107788, 2.8752875328063965, 2.781684637069702, 2.8080766201019287, 2.7063231468200684, 2.74899959564209, 2.6983439922332764, 2.636174201965332, 2.8949456214904785, 2.67931866645813, 2.5897469520568848, 2.5895421504974365, 2.661190986633301, 2.697916030883789, 2.5561251640319824, 2.629434108734131, 2.611403226852417, 2.5765461921691895, 2.6590280532836914, 2.5508689880371094, 2.6337990760803223, 2.6333436965942383, 2.5633256435394287, 2.5456864833831787, 2.524238109588623, 2.5654804706573486, 2.6575305461883545, 2.5610830783843994, 2.5484914779663086, 2.598731517791748, 2.63533091545105], "best_loss": 2.524238109588623, "neuron_loss": [177728.484375, 107.72572193801403, 1.5074859645962715, 0.8453974831104278, 0.6228338834643364, 0.483215062469244, 0.41673393175005913, 0.34224955856800077, 0.2934498979896307, 0.27588867709040643, 0.2582476784288883, 0.2410608185082674, 0.23339785426855086, 0.22397486113011836, 0.21535339985042812, 0.2111029713600874, 0.20782917264848946, 0.20553407445549965, 0.2017069721966982, 0.20172131240367888, 0.19894275233149528, 0.1967929095029831, 0.19587789081037044, 0.19412416853010656, 0.193589504994452, 0.19225703958421947, 0.1909331066161394, 0.18980107307434083, 0.18912873905152083, 0.18843270499259235, 0.18682938162237406, 0.18631398372352123, 0.18548392005264758, 0.1838491591066122, 0.18240533534437417, 0.18174243435263635, 0.18215779148042202], "trial_loss": [734675.875, 261.8358411633968, 3.55163564324379, 3.0078134673833845, 2.748905133008957, 2.619259305596352, 2.5459187626838684, 2.498814465403557, 2.466895135641098, 2.4297252810001373, 2.413446766138077, 2.3966230863332747, 2.385915083885193, 2.380228134393692, 2.368702243566513, 2.3545324259996416, 2.343715342283249, 2.3328516715765, 2.330845485329628, 2.32920638859272, 2.321875004172325, 2.3179443746805193, 2.3121872717142105, 2.3072927153110503, 2.3094922375679015, 2.3033926260471342, 2.298916686177254, 2.3014112657308576, 2.296392275691032, 2.295570409297943, 2.282796693444252, 2.2878209853172304, 2.2948380416631697, 2.282457374930382, 2.2749761497974395, 2.269467826485634, 2.2767140394449235], "tm_mle_loss": [0.0, 0.0, 0.0, 0.0, 0.0, 0.0, 0.0, 0.0, 0.0, 0.0, 0.0, 0.0, 0.0, 0.0, 0.0, 0.0, 0.0, 0.0, 0.0, 0.0, 0.0, 0.0, 0.0, 0.0, 0.0, 0.0, 0.0, 0.0, 0.0, 0.0, 0.0, 0.0, 0.0, 0.0, 0.0, 0.0, 0.0], "fr_loss": [0.0, 0.0, 0.0, 0.0, 0.0, 0.0, 0.0, 0.0, 0.0, 0.0, 0.0, 0.0, 0.0, 0.0, 0.0, 0.0, 0.0, 0.0, 0.0, 0.0, 0.0, 0.0, 0.0, 0.0, 0.0, 0.0, 0.0, 0.0, 0.0, 0.0, 0.0, 0.0, 0.0, 0.0, 0.0, 0.0, 0.0], "cross_corr_loss": [0.0, 0.0, 0.0, 0.0, 0.0, 0.0, 0.0, 0.0, 0.0, 0.0, 0.0, 0.0, 0.0, 0.0, 0.0, 0.0, 0.0, 0.0, 0.0, 0.0, 0.0, 0.0, 0.0, 0.0, 0.0, 0.0, 0.0, 0.0, 0.0, 0.0, 0.0, 0.0, 0.0, 0.0, 0.0, 0.0, 0.0], "t_trial_pearson": [0.002042852807790041, 0.2740508881874848, 0.556797581166029, 0.622762320637703, 0.657049335539341, 0.66862664103508, 0.685334499180317, 0.6844530627131462, 0.6868095982074738, 0.690878439694643, 0.6983629509806633, 0.6917283822596073, 0.6919428057968616, 0.7003482314936645, 0.7002574340999126, 0.6974038349092007, 0.7016598524153232, 0.7027906316518784, 0.7016471855342388, 0.7018266649544239, 0.7039723195135593, 0.7085743136703968, 0.7064144816994667, 0.7116450603306294, 0.7107634671032429, 0.7147903622686863, 0.7111314918100834, 0.7071709161996842, 0.707600824534893, 0.7093548220396042, 0.7087557376921176, 0.7129756985604763, 0.7112884557247162, 0.7103041137754917, 0.7159824588894844, 0.716803003847599, 0.7141662061214447], "trial_type_accuracy": [0.0, 0.0, 0.0, 0.0, 0.0, 0.0, 0.0, 0.0, 0.0, 0.0, 0.0, 0.0, 0.0, 0.0, 1.0, 1.0, 0.0, 0.0, 1.0, 1.0, 0.0, 1.0, 1.0, 1.0, 1.0, 1.0, 1.0, 1.0, 1.0, 1.0, 1.0, 1.0, 1.0, 1.0, 1.0, 1.0, 1.0], "opto_hit_rate": [], "t_trial_pearson_ratio": [0.04592425003647804, 0.6789095997810364, 0.8038838505744934, 0.8302513360977173, 0.8957714438438416, 0.9006795883178711, 0.9112215042114258, 0.910152792930603, 0.9343627095222473, 0.9294842481613159, 0.9303627014160156, 0.9079582095146179, 0.9148903489112854, 0.9550801515579224, 0.9544625282287598, 0.9658297896385193, 0.9558916687965393, 0.9615256786346436, 0.9756672382354736, 0.976180911064148, 0.9666950702667236, 0.9779869914054871, 0.9820305705070496, 0.9834631085395813, 0.9824603199958801, 0.9793303608894348, 0.9837968349456787, 0.9769041538238525, 0.9852516651153564, 0.9882408976554871, 0.9834612011909485, 0.9968820810317993, 0.9843831062316895, 0.989948570728302, 0.9862936735153198, 0.9921914935112, 0.9883085489273071], "data_loss": [912404.375, 369.56156717538835, 5.059121613502502, 3.8532109546661375, 3.3717390191555023, 3.102474368214607, 2.9626526933908464, 2.8410640293359757, 2.7603450226783752, 2.7056139624118805, 2.6716944479942324, 2.637683902978897, 2.6193129354715348, 2.6042029958963395, 2.584055640101433, 2.565635398030281, 2.5515445065498352, 2.538385748267174, 2.5325524592399598, 2.530927699804306, 2.5208177584409714, 2.514737291932106, 2.508065164685249, 2.5014168792963027, 2.5030817478895186, 2.495649664402008, 2.489849792122841, 2.4912123394012453, 2.4855210155248644, 2.484003114700317, 2.46962607383728, 2.474134971499443, 2.4803219574689863, 2.46630653321743, 2.4573814898729323, 2.4512102580070496, 2.4588718312978743]}