{"valid_accuracy": [], "total_train_loss": [8194.47265625, 195.6646386051178, 24.0433304142952, 12.890014975070953, 9.143030450344085, 6.715975068807602, 5.329402881860733, 4.33901406109333, 3.6214188450574873, 3.1018140995502472, 2.6756898760795593, 2.613703686594963, 2.4819471156597137, 2.3526260524988176, 2.3983126276731492, 2.285111140012741, 2.1078315579891207, 2.226828857064247, 2.008686811029911, 1.9268356555700301, 1.975994592010975, 1.8256709441542625, 1.8770453774929046, 1.8466384276747703, 1.7369548892974853, 1.745903373658657, 1.8300207006931304, 1.7065217831730843, 1.8623389214277268, 1.6671525183320046, 1.6193686106801033, 1.929434077143669, 1.6627894684672355, 1.6058209189772605, 1.6973086407780646, 1.6424176067113876, 1.6323622885346412, 1.6878099766373635, 1.7013505032658578, 1.6778640729188918, 1.6382337754964829, 1.6460475745797156, 1.585471872985363, 1.6414549937844276, 1.6362903270125388, 1.6020804527401924, 1.572820283472538, 1.5556496718525887, 1.54062470048666, 1.5109798246622086, 1.5094819158315658, 1.5349553045630455], "train_loss": [], "train_acc": [], "step_at_epoch": [], "dt_forward": [], "dt_backward": [], "dt_step": [], "best_acc": -1, "best_acc_epoch": null, "best_acc_step": null, "test_loss": [6011.9443359375, 68.27157592773438, 46.29796600341797, 47.254638671875, 36.679039001464844, 56.36443328857422, 42.20092010498047, 32.67233657836914, 43.67776107788086, 45.50165557861328, 42.16767120361328, 43.27778625488281, 52.384063720703125, 54.9287109375, 45.97576904296875, 69.91358184814453, 59.94339370727539, 68.87976837158203, 41.28826141357422, 62.2545280456543, 60.012718200683594, 54.22587966918945, 72.45347595214844, 57.980438232421875, 57.83335876464844, 61.68459701538086, 51.29081726074219, 55.88255310058594, 58.42268371582031, 68.41898345947266, 49.987064361572266, 69.87438201904297, 47.99296188354492, 51.91478729248047, 52.14631271362305, 51.27456283569336, 56.625282287597656, 61.298179626464844, 42.52545166015625, 61.59010314941406, 44.26089096069336, 53.03147506713867, 48.77647399902344, 48.192138671875, 59.516754150390625, 40.46019744873047, 44.282108306884766, 52.93024444580078, 60.51103210449219, 37.36012649536133, 60.45018768310547, 44.2268180847168], "best_loss": 1.5094819158315658, "neuron_loss": [4424.27490234375, 37.61802720844746, 1.7777084925770759, 1.324019485116005, 1.1125221401453018, 0.9758709336817265, 0.8914563313126564, 0.8315141682326793, 0.7868633119761944, 0.7495348092913627, 0.7155422772467136, 0.7197312067449093, 0.7062991499900818, 0.6981641140580177, 0.6963549709320068, 0.693528838455677, 0.6795658737421035, 0.683521951586008, 0.6673217378556728, 0.6635403303802013, 0.6656497395038605, 0.6519994521141053, 0.6551739946007729, 0.6492418463528157, 0.6387176248431206, 0.6352602200210095, 0.6377401520311833, 0.6292716421186924, 0.6343008826673031, 0.624908103197813, 0.6191845192015171, 0.6287330184876919, 0.62356225207448, 0.6164021137356758, 0.6237222276628017, 0.6141039457917213, 0.6137445110082627, 0.6109194871783257, 0.6123868575692177, 0.6089329235255718, 0.6096457996964455, 0.6103106793761254, 0.6024472151696681, 0.6078216886520386, 0.6072465096414089, 0.6039792682230473, 0.6022020487487316, 0.6061055585741997, 0.599457573145628, 0.596276321709156, 0.5920607641339302, 0.5895527543127537], "trial_loss": [26.248615264892578, 8.18244564563036, 0.8599585555493832, 0.8251619045436382, 0.8107222971320153, 0.7990036202967167, 0.7906977759301662, 0.7845168288052082, 0.7800261016190052, 0.77554013594985, 0.7718828269839286, 0.7665424673259258, 0.757380118817091, 0.75080217897892, 0.7498633636534214, 0.7475055469572545, 0.7407413230836392, 0.7406925041973591, 0.7371122252941131, 0.736409088075161, 0.7353936843574047, 0.7340814858675003, 0.7328676798939705, 0.7331519362330436, 0.731662780046463, 0.7320547723770141, 0.7319742865860462, 0.730308800637722, 0.7314156438410282, 0.7294637028872967, 0.7294927109777928, 0.732857522368431, 0.7293617410957813, 0.7280863983929158, 0.7304865169525147, 0.7280781091749668, 0.728511610776186, 0.7286888368427753, 0.7288344399631024, 0.7283835351467133, 0.7273118072748184, 0.7279257646203041, 0.7266765001416207, 0.7277241015434265, 0.7261780701577664, 0.7259048470854759, 0.7244302588701248, 0.7250552913546562, 0.7235471116006374, 0.7236633671820164, 0.7231702381372451, 0.7211521737277508], "tm_mle_loss": [0.0, 0.0, 0.0, 0.0, 0.0, 0.0, 0.0, 0.0, 0.0, 0.0, 0.0, 0.0, 0.0, 0.0, 0.0, 0.0, 0.0, 0.0, 0.0, 0.0, 0.0, 0.0, 0.0, 0.0, 0.0, 0.0, 0.0, 0.0, 0.0, 0.0, 0.0, 0.0, 0.0, 0.0, 0.0, 0.0, 0.0, 0.0, 0.0, 0.0, 0.0, 0.0, 0.0, 0.0, 0.0, 0.0, 0.0, 0.0, 0.0, 0.0, 0.0, 0.0], "fr_loss": [3743.94873046875, 149.86416434288026, 21.405663380622865, 10.7408335852623, 7.219786034822464, 4.941100529432297, 3.6472487723827363, 2.7229830688238144, 2.054529429078102, 1.5767391523718834, 1.188264781087637, 1.1274300156533719, 1.0182678420841693, 0.9036597569286823, 0.9520943038165569, 0.8440767572820187, 0.6875243625044822, 0.8026144053041935, 0.6042528456449509, 0.526886239349842, 0.5749511653929948, 0.4395900023728609, 0.48900370121002196, 0.4642446480691433, 0.3665744855254889, 0.37858838386833665, 0.46030626390129326, 0.3469413411617279, 0.49662239719182255, 0.31278070908039807, 0.27069137934595344, 0.5678435334935784, 0.30986547585576774, 0.2613324074074626, 0.34309989169239996, 0.3002355504781008, 0.29010617159307, 0.34820165019482374, 0.36012920677661897, 0.3405476173385978, 0.30127616453915834, 0.3078111320361495, 0.2563481595739722, 0.30590920109301806, 0.30286574507132175, 0.2721963386982679, 0.2461879790201783, 0.22448882207274437, 0.21762001506984233, 0.19104013457894325, 0.194250910282135, 0.22425038015469909], "cross_corr_loss": [0.0, 0.0, 0.0, 0.0, 0.0, 0.0, 0.0, 0.0, 0.0, 0.0, 0.0, 0.0, 0.0, 0.0, 0.0, 0.0, 0.0, 0.0, 0.0, 0.0, 0.0, 0.0, 0.0, 0.0, 0.0, 0.0, 0.0, 0.0, 0.0, 0.0, 0.0, 0.0, 0.0, 0.0, 0.0, 0.0, 0.0, 0.0, 0.0, 0.0, 0.0, 0.0, 0.0, 0.0, 0.0, 0.0, 0.0, 0.0, 0.0, 0.0, 0.0, 0.0], "t_trial_pearson": [0.12080878019332886, 0.19997583501040936, 0.3368683058023453, 0.3847939372807741, 0.4031610528379679, 0.41563695095479486, 0.42662452630698683, 0.43431192718446254, 0.44063024684786795, 0.4483062218129635, 0.4505218470841646, 0.4553063710778952, 0.4653757557272911, 0.4730763725191355, 0.47326093025505545, 0.475079512745142, 0.48531185917556285, 0.48444690100848675, 0.4884869211167097, 0.4853882787376642, 0.48781785391271115, 0.4902431067079306, 0.49336312130093574, 0.4933871726691723, 0.49990048587322233, 0.4945615541934967, 0.49792845368385313, 0.4948027639091015, 0.4926233270764351, 0.4993321558833122, 0.5002085234969854, 0.48831336736679076, 0.49726541213691233, 0.49970785677433016, 0.49649770490825174, 0.4995993945747614, 0.49839326344430446, 0.4970243253558874, 0.49753188617527483, 0.4974485687166452, 0.5022215523570775, 0.496758768260479, 0.5008123844116926, 0.49682162411510944, 0.5040588671714068, 0.49388233497738837, 0.5042327992618084, 0.4996990302205086, 0.5087203066051006, 0.5050669823586941, 0.5071032129228115, 0.5102909277379513], "trial_type_accuracy": [0.25, 0.0, 0.0, 0.0, 0.0, 0.0, 0.0, 0.5, 0.0, 0.0, 0.5, 0.25, 0.0, 0.25, 0.5, 0.25, 0.5, 0.25, 0.25, 0.5, 0.25, 0.25, 0.25, 0.5, 0.5, 0.25, 0.5, 0.25, 0.5, 0.5, 0.5, 0.0, 0.5, 0.5, 0.5, 0.5, 0.25, 0.25, 0.25, 0.0, 0.5, 0.25, 0.5, 0.25, 1.0, 0.5, 0.5, 0.0, 1.0, 0.5, 0.75, 0.5], "opto_hit_rate": [],