{"valid_accuracy": [], "total_train_loss": [201.95367431640625, 14.98100144326687, 2.3644182536005975, 1.3732510498166084, 0.9922592347860336, 0.8128984922170639, 0.7200017565488815, 0.6686654105782509, 0.6007361184060573, 0.5719619916379451, 0.5605370461940765, 0.5524682080745698, 0.5467938493192196, 0.5465712659060955, 0.5457514773309231, 0.5455805295705796, 0.5449956920742989, 0.545709720402956, 0.5444426791369915, 0.5462948347628117, 0.5443443396687507, 0.5460037007927895, 0.5451905415952205, 0.5465190881490707, 0.5465705913305282, 0.5482482028007507, 0.5480247792601586, 0.5490140981972218, 0.5491142657399177, 0.5503876668214798, 0.5513885904848576], "train_loss": [], "train_acc": [], "step_at_epoch": [], "dt_forward": [], "dt_backward": [], "dt_step": [], "best_acc": -1, "best_acc_epoch": null, "best_acc_step": null, "test_loss": [181.20404052734375, 3.701198101043701, 1.815885066986084, 1.230496883392334, 0.9589246511459351, 0.8413587808609009, 0.7527205944061279, 0.7068794965744019, 0.6477603912353516, 0.6346114873886108, 0.6304603815078735, 0.6312981247901917, 0.6394012570381165, 0.6751869916915894, 0.6178877353668213, 0.617857813835144, 0.6249772906303406, 0.6365700960159302, 0.6236037611961365, 0.6436516046524048, 0.6411439180374146, 0.630739688873291, 0.6446045637130737, 0.63284832239151, 0.6277976632118225, 0.6325286626815796, 0.6491109132766724, 0.6351895928382874, 0.6557675004005432, 0.6341739892959595, 0.6384614706039429], "best_loss": 0.617857813835144, "neuron_loss": [201.95367431640625, 14.98100144326687, 2.3644182536005975, 1.3732510498166084, 0.9922592347860336, 0.8128984922170639, 0.7200017565488815, 0.6686654105782509, 0.6007361184060573, 0.5719619916379451, 0.5605370461940765, 0.5524682080745698, 0.5467938493192196, 0.5465712659060955, 0.5457514773309231, 0.5455805295705796, 0.5449956920742989, 0.545709720402956, 0.5444426791369915, 0.5462948347628117, 0.5443443396687507, 0.5460037007927895, 0.5451905415952205, 0.5465190881490707, 0.5465705913305282, 0.5482482028007507, 0.5480247792601586, 0.5490140981972218, 0.5491142657399177, 0.5503876668214798, 0.5513885904848576], "trial_loss": [0.0, 0.0, 0.0, 0.0, 0.0, 0.0, 0.0, 0.0, 0.0, 0.0, 0.0, 0.0, 0.0, 0.0, 0.0, 0.0, 0.0, 0.0, 0.0, 0.0, 0.0, 0.0, 0.0, 0.0, 0.0, 0.0, 0.0, 0.0, 0.0, 0.0, 0.0], "tm_mle_loss": [0.0, 0.0, 0.0, 0.0, 0.0, 0.0, 0.0, 0.0, 0.0, 0.0, 0.0, 0.0, 0.0, 0.0, 0.0, 0.0, 0.0, 0.0, 0.0, 0.0, 0.0, 0.0, 0.0, 0.0, 0.0, 0.0, 0.0, 0.0, 0.0, 0.0, 0.0], "fr_loss": [0.0, 0.0, 0.0, 0.0, 0.0, 0.0, 0.0, 0.0, 0.0, 0.0, 0.0, 0.0, 0.0, 0.0, 0.0, 0.0, 0.0, 0.0, 0.0, 0.0, 0.0, 0.0, 0.0, 0.0, 0.0, 0.0, 0.0, 0.0, 0.0, 0.0, 0.0], "cross_corr_loss": [0.0, 0.0, 0.0, 0.0, 0.0, 0.0, 0.0, 0.0, 0.0, 0.0, 0.0, 0.0, 0.0, 0.0, 0.0, 0.0, 0.0, 0.0, 0.0, 0.0, 0.0, 0.0, 0.0, 0.0, 0.0, 0.0, 0.0, 0.0, 0.0, 0.0, 0.0], "t_trial_pearson": [0.06396909803152084, 0.16820920640602707, 0.27254246801137927, 0.34043937772512434, 0.40320477306842806, 0.4428952856361866, 0.46415017001330855, 0.47824934259057045, 0.49536462840826617, 0.5034950787149122, 0.5055850359797478, 0.5069105080515146, 0.503500040397048, 0.5032721737772227, 0.4983204377442598, 0.49656198531389234, 0.494085763245821, 0.49130768731236457, 0.48808707125484946, 0.48643603090130155, 0.482116661593318, 0.47779906578361986, 0.475877757743001, 0.4692921558767557, 0.4664317385852337, 0.46262499898672105, 0.4628995221108198, 0.46134980298578737, 0.46029426574707033, 0.4624690896272659, 0.463169696778059], "trial_type_accuracy": [0.0, 0.0, 0.0, 0.0, 0.0, 1.0, 1.0, 1.0, 0.0, 0.0, 1.0, 1.0, 0.0, 1.0, 1.0, 1.0, 1.0, 1.0, 1.0, 1.0, 0.0, 1.0, 0.0, 0.0, 1.0, 0.0, 0.0, 0.0, 0.0, 1.0, 1.0], "opto_hit_rate": [], "t_trial_pearson_ratio": [0.09977475553750992, 0.34120047092437744, 0.4471276104450226, 0.5198813676834106, 0.5844875574111938, 0.6122109293937683, 0.6474264860153198, 0.6545109748840332, 0.6877443790435791, 0.7032219767570496, 0.6804606914520264, 0.6833005547523499, 0.6895028352737427, 0.6743979454040527, 0.6761922240257263, 0.6777450442314148, 0.6914469599723816, 0.6628810167312622, 0.6560800075531006, 0.6635847091674805, 0.6503481268882751, 0.663278341293335, 0.6382279396057129, 0.6506136655807495, 0.6338755488395691, 0.6376439332962036, 0.628437340259552, 0.6293153762817383, 0.632350742816925, 0.6493983864784241, 0.6212098002433777], "data_loss": [201.95367431640625, 14.98100144326687, 2.3644182536005975, 1.3732510498166084, 0.9922592347860336, 0.8128984922170639, 0.7200017565488815, 0.6686654105782509, 0.6007361184060573, 0.5719619916379451, 0.5605370461940765, 0.5524682080745698, 0.5467938493192196, 0.5465712659060955, 0.5457514773309231, 0.5455805295705796, 0.5449956920742989, 0.545709720402956, 0.5444426791369915, 0.5462948347628117, 0.5443443396687507, 0.5460037007927895, 0.5451905415952205, 0.5465190881490707, 0.5465705913305282, 0.5482482028007507, 0.5480247792601586, 0.5490140981972218, 0.5491142657399177, 0.5503876668214798, 0.5513885904848576]}