{"valid_accuracy": [], "total_train_loss": [906141.3125, 116.31292906045914, 3.7240963631868365, 3.354712156653404, 3.2623944163322447, 3.166234815120697, 3.071034628152847, 2.8977448916435242, 2.8367457854747773, 2.7179219591617585, 2.6182676303386687, 2.6262409687042236, 2.6568705302476885, 2.597961760163307, 2.6007835084199904, 2.4784195625782015, 2.5212815874814987, 2.5143500757217407, 2.5385739541053773, 2.4775941443443297, 2.4626735717058184, 2.451460195183754], "train_loss": [], "train_acc": [], "step_at_epoch": [], "dt_forward": [], "dt_backward": [], "dt_step": [], "best_acc": -1, "best_acc_epoch": null, "best_acc_step": null, "test_loss": [14988.4892578125, 4.0154805183410645, 3.3983070850372314, 3.1526410579681396, 3.400691032409668, 3.1450788974761963, 2.8370699882507324, 2.956202983856201, 2.909651279449463, 2.866807699203491, 3.5307633876800537, 2.7018160820007324, 2.8189148902893066, 2.7511932849884033, 2.5375819206237793, 2.5982823371887207, 2.579242706298828, 2.5737969875335693, 2.690901041030884, 2.7522542476654053, 2.4533286094665527, 2.4675817489624023], "best_loss": 2.4533286094665527, "neuron_loss": [176528.25, 41.39199201613665, 1.144804377257824, 0.9225783352553845, 0.793405125439167, 0.7071619997918606, 0.6443209227919579, 0.5617870122194291, 0.5111274209618568, 0.4430701363831758, 0.3715034306049347, 0.3578967794775963, 0.35292074777185917, 0.3297259905189276, 0.3281571328639984, 0.30258301489055156, 0.3181235352158546, 0.305688152089715, 0.3125933278352022, 0.2841685128211975, 0.2763559253886342, 0.2666964178159833], "trial_loss": [729613.0625, 74.92093636035919, 2.57929198384285, 2.432133817076683, 2.468989291191101, 2.4590728157758712, 2.4267137068510056, 2.335957877635956, 2.3256183636188505, 2.274851822257042, 2.246764206290245, 2.26834419131279, 2.303949784040451, 2.268235765695572, 2.2726263755559923, 2.1758365482091904, 2.2031580525636674, 2.2086619210243223, 2.2259806257486345, 2.1934256321191787, 2.1863176530599593, 2.1847637766599655], "tm_mle_loss": [0.0, 0.0, 0.0, 0.0, 0.0, 0.0, 0.0, 0.0, 0.0, 0.0, 0.0, 0.0, 0.0, 0.0, 0.0, 0.0, 0.0, 0.0, 0.0, 0.0, 0.0, 0.0], "fr_loss": [0.0, 0.0, 0.0, 0.0, 0.0, 0.0, 0.0, 0.0, 0.0, 0.0, 0.0, 0.0, 0.0, 0.0, 0.0, 0.0, 0.0, 0.0, 0.0, 0.0, 0.0, 0.0], "cross_corr_loss": [0.0, 0.0, 0.0, 0.0, 0.0, 0.0, 0.0, 0.0, 0.0, 0.0, 0.0, 0.0, 0.0, 0.0, 0.0, 0.0, 0.0, 0.0, 0.0, 0.0, 0.0, 0.0], "t_trial_pearson": [0.0035292315296828747, 0.4170036568667274, 0.68378273203969, 0.7070735551416873, 0.705931805819273, 0.7023434886336326, 0.6930311766266822, 0.7099674858152867, 0.7135940769314766, 0.7230301618576049, 0.7321914964914322, 0.7129069377481937, 0.7143473702669144, 0.7184959343075752, 0.7145495058596134, 0.728939158320427, 0.7246215444803238, 0.7264608944952488, 0.7233513587713242, 0.7298235750198364, 0.7317903669178486, 0.7306015338003635], "trial_type_accuracy": [0.0, 1.0, 1.0, 1.0, 1.0, 1.0, 0.0, 1.0, 1.0, 1.0, 0.0, 1.0, 0.0, 0.0, 1.0, 0.0, 1.0, 0.0, 1.0, 1.0, 1.0, 1.0], "opto_hit_rate": [], "t_trial_pearson_ratio": [0.09245418012142181, 0.926539421081543, 0.9871434569358826, 0.986970841884613, 0.9669002294540405, 1.0016751289367676, 0.9778532981872559, 1.0027289390563965, 1.008499264717102, 1.0056577920913696, 0.9207057356834412, 1.0101884603500366, 0.9343726634979248, 0.9400174021720886, 1.0038179159164429, 0.9798736572265625, 1.0204452276229858, 0.9712837934494019, 1.004826545715332, 0.9991163611412048, 1.0091192722320557, 1.0187994241714478], "data_loss": [906141.3125, 116.31292906045914, 3.7240963631868365, 3.354712156653404, 3.2623944163322447, 3.166234815120697, 3.071034628152847, 2.8977448916435242, 2.8367457854747773, 2.7179219591617585, 2.6182676303386687, 2.6262409687042236, 2.6568705302476885, 2.597961760163307, 2.6007835084199904, 2.4784195625782015, 2.5212815874814987, 2.5143500757217407, 2.5385739541053773, 2.4775941443443297, 2.4626735717058184, 2.451460195183754]}