{"valid_accuracy": [], "total_train_loss": [467.80010986328125, 25.254621198177336, 5.661914757490158, 4.8370797884464265, 4.500488879680634, 4.192666484713555, 4.025342767238617, 3.9279274559020996, 3.860847592353821, 3.7972992563247683, 3.7539556872844697, 3.7471188378334044, 3.739594631791115, 3.727376630306244, 3.733299134373665, 3.7523157584667204, 3.745336844921112, 3.737782835960388, 3.7316204530000685, 3.738972230553627], "train_loss": [], "train_acc": [], "step_at_epoch": [], "dt_forward": [], "dt_backward": [], "dt_step": [], "best_acc": -1, "best_acc_epoch": null, "best_acc_step": null, "test_loss": [400.7908935546875, 6.4161787033081055, 5.151830673217773, 4.686382293701172, 4.591152667999268, 4.331797122955322, 4.26491641998291, 4.30563497543335, 4.3086256980896, 3.992466926574707, 3.9349498748779297, 3.9214298725128174, 3.935896635055542, 3.7234060764312744, 3.975996971130371, 3.905576705932617, 3.8777458667755127, 3.814499855041504, 3.7493560314178467, 3.774470090866089], "best_loss": 3.7234060764312744, "neuron_loss": [210.11215209960938, 12.19274768024683, 1.2323088993132114, 0.8783050325512886, 0.7410624966025352, 0.667940574735403, 0.6320185478031636, 0.6142795346677303, 0.6050198420882225, 0.5988448479771614, 0.5916610673069954, 0.588707200139761, 0.5859763471782208, 0.5831748315691948, 0.5807004356384278, 0.5794671481847763, 0.5777811197936535, 0.5767343650758266, 0.5768225000798702, 0.576535374969244], "trial_loss": [257.6879577636719, 13.061873543262482, 4.429605869054794, 3.958774746656418, 3.7594263839721678, 3.524725903272629, 3.393324216604233, 3.313647920489311, 3.255827741622925, 3.1984544122219085, 3.1622946220636368, 3.1584116381406786, 3.1536182844638825, 3.144201793074608, 3.15259869992733, 3.1728486078977585, 3.1675557231903078, 3.1610484743118286, 3.1547979468107226, 3.1624368631839754], "tm_mle_loss": [0.0, 0.0, 0.0, 0.0, 0.0, 0.0, 0.0, 0.0, 0.0, 0.0, 0.0, 0.0, 0.0, 0.0, 0.0, 0.0, 0.0, 0.0, 0.0, 0.0], "fr_loss": [0.0, 0.0, 0.0, 0.0, 0.0, 0.0, 0.0, 0.0, 0.0, 0.0, 0.0, 0.0, 0.0, 0.0, 0.0, 0.0, 0.0, 0.0, 0.0, 0.0], "cross_corr_loss": [0.0, 0.0, 0.0, 0.0, 0.0, 0.0, 0.0, 0.0, 0.0, 0.0, 0.0, 0.0, 0.0, 0.0, 0.0, 0.0, 0.0, 0.0, 0.0, 0.0], "t_trial_pearson": [0.07406903058290482, 0.35859632642939687, 0.517994594797492, 0.5684108604490757, 0.6135211519896984, 0.6343159627914429, 0.6555743400752544, 0.658293976932764, 0.6688867130875588, 0.6796728278696537, 0.6819276078045369, 0.6814892302453518, 0.6857741470634937, 0.6883827328681946, 0.6863336251676082, 0.6887537150084972, 0.6907680389285088, 0.6899874097108841, 0.6865741911530495, 0.6888140466809273], "trial_type_accuracy": [0.0, 0.0, 1.0, 0.0, 0.0, 0.0, 0.0, 0.0, 0.0, 0.0, 0.0, 0.0, 0.0, 1.0, 0.0, 0.0, 1.0, 1.0, 1.0, 1.0], "opto_hit_rate": [], "t_trial_pearson_ratio": [0.0972486287355423, 0.6900086402893066, 0.7632312178611755, 0.8223639726638794, 0.8368706107139587, 0.8579367995262146, 0.8614529371261597, 0.8688600659370422, 0.8717185258865356, 0.9028149843215942, 0.9133511185646057, 0.9169806838035583, 0.9177401065826416, 0.9486979246139526, 0.9122991561889648, 0.925256073474884, 0.9401413798332214, 0.9350551962852478, 0.9522607922554016, 0.9447934031486511], "data_loss": [467.80010986328125, 25.254621198177336, 5.661914757490158, 4.8370797884464265, 4.500488879680634, 4.192666484713555, 4.025342767238617, 3.9279274559020996, 3.860847592353821, 3.7972992563247683, 3.7539556872844697, 3.7471188378334044, 3.739594631791115, 3.727376630306244, 3.733299134373665, 3.7523157584667204, 3.745336844921112, 3.737782835960388, 3.7316204530000685, 3.738972230553627]}