{"valid_accuracy": [], "total_train_loss": [447.7055358886719, 22.68852928876877, 5.371181975603104, 4.625319395065308, 4.266654918789864, 4.12121483027935, 4.0057929652929305, 3.8950800669193266, 3.7981118714809416, 3.7431377917528152, 3.7428201019763945, 3.7279459941387176, 3.7521841514110563, 3.7302912890911104, 3.733207866549492, 3.7416853880882264, 3.7390554416179658, 3.7275047117471694, 3.6959779113531113, 3.716127282977104, 3.7056931579113006, 3.6968159961700437, 3.687678272128105, 3.6958504420518876], "train_loss": [], "train_acc": [], "step_at_epoch": [], "dt_forward": [], "dt_backward": [], "dt_step": [], "best_acc": -1, "best_acc_epoch": null, "best_acc_step": null, "test_loss": [389.7786865234375, 5.891047477722168, 4.956092834472656, 4.316747188568115, 4.289708614349365, 4.515501022338867, 3.9335451126098633, 3.832949161529541, 3.905195713043213, 3.771108627319336, 3.806304454803467, 3.644087553024292, 3.599597454071045, 3.8418426513671875, 3.665203332901001, 3.6511380672454834, 3.5694358348846436, 3.538022994995117, 3.6355583667755127, 3.659769058227539, 3.6942291259765625, 3.603663444519043, 3.59310245513916, 3.6765708923339844], "best_loss": 3.538022994995117, "neuron_loss": [200.0897216796875, 10.135979365110398, 1.152293087095022, 0.8863753809034824, 0.8064317806065082, 0.7537218669056892, 0.6982299970090389, 0.6512990663945675, 0.6175604675710201, 0.6000872409343719, 0.5892727364599705, 0.5818785737454891, 0.5801941645145416, 0.577081255465746, 0.5765345163643361, 0.5761817587912083, 0.5756945134699345, 0.5741926246881485, 0.5725542503595352, 0.5737704928219318, 0.5714683425426483, 0.5732728919386864, 0.573315285295248, 0.5734616866707802], "trial_loss": [247.61581420898438, 12.552549781799316, 4.218888875246048, 3.7389440047740936, 3.4602231389284133, 3.3674929648637772, 3.3075629723072053, 3.243781002163887, 3.1805514025688173, 3.143050549030304, 3.1535473585128786, 3.1460674196481704, 3.171989984512329, 3.1532100367546083, 3.1566733580827715, 3.165503625869751, 3.163360925912857, 3.153312090039253, 3.1234236574172973, 3.1423567873239517, 3.134224811196327, 3.1235431039333346, 3.114362988471985, 3.1223887467384337], "tm_mle_loss": [0.0, 0.0, 0.0, 0.0, 0.0, 0.0, 0.0, 0.0, 0.0, 0.0, 0.0, 0.0, 0.0, 0.0, 0.0, 0.0, 0.0, 0.0, 0.0, 0.0, 0.0, 0.0, 0.0, 0.0], "fr_loss": [0.0, 0.0, 0.0, 0.0, 0.0, 0.0, 0.0, 0.0, 0.0, 0.0, 0.0, 0.0, 0.0, 0.0, 0.0, 0.0, 0.0, 0.0, 0.0, 0.0, 0.0, 0.0, 0.0, 0.0], "cross_corr_loss": [0.0, 0.0, 0.0, 0.0, 0.0, 0.0, 0.0, 0.0, 0.0, 0.0, 0.0, 0.0, 0.0, 0.0, 0.0, 0.0, 0.0, 0.0, 0.0, 0.0, 0.0, 0.0, 0.0, 0.0], "t_trial_pearson": [0.07967139035463333, 0.3765899193845689, 0.5314074963331222, 0.5865766157209873, 0.6251968865096569, 0.642258535772562, 0.6540079218149185, 0.6686698988080024, 0.674872944355011, 0.6773561044037342, 0.6724912610650062, 0.673832618445158, 0.670568445622921, 0.664570190757513, 0.6686922053992749, 0.6673132546246052, 0.6661723175644875, 0.6683851906657219, 0.670585066229105, 0.6717429193854332, 0.6773680101335049, 0.6741245286166668, 0.6736479623615742, 0.6736634297668934], "trial_type_accuracy": [0.0, 0.0, 1.0, 0.0, 1.0, 1.0, 0.0, 0.0, 0.0, 0.0, 0.0, 0.0, 0.0, 1.0, 0.0, 0.0, 0.0, 0.0, 0.0, 0.0, 0.0, 0.0, 0.0, 0.0], "opto_hit_rate": [], "t_trial_pearson_ratio": [0.09504858404397964, 0.6877326369285583, 0.7416901588439941, 0.8179770112037659, 0.8638254404067993, 0.8722460269927979, 0.8941975235939026, 0.9157252311706543, 0.8756048083305359, 0.880469024181366, 0.8724405765533447, 0.93464195728302, 0.9137076735496521, 0.9446112513542175, 0.8987259864807129, 0.9113121628761292, 0.9281942844390869, 0.933106005191803, 0.9236694574356079, 0.8961999416351318, 0.9253990650177002, 0.9154026508331299, 0.9168047904968262, 0.8959599733352661], "data_loss": [447.7055358886719, 22.68852928876877, 5.371181975603104, 4.625319395065308, 4.266654918789864, 4.12121483027935, 4.0057929652929305, 3.8950800669193266, 3.7981118714809416, 3.7431377917528152, 3.7428201019763945, 3.7279459941387176, 3.7521841514110563, 3.7302912890911104, 3.733207866549492, 3.7416853880882264, 3.7390554416179658, 3.7275047117471694, 3.6959779113531113, 3.716127282977104, 3.7056931579113006, 3.6968159961700437, 3.687678272128105, 3.6958504420518876]}