{"valid_accuracy": [], "total_train_loss": [447.7055358886719, 22.796547515392305, 5.331075106859207, 4.568774224519729, 4.270418899059296, 4.143079449534416, 4.0365660101175305, 3.9482462298870087, 3.8892538505792618, 3.836633098125458, 3.79118235707283, 3.7648688513040542, 3.7475703203678132, 3.7311182767152786, 3.7277965050935746, 3.719320830106735, 3.715409396290779, 3.7144616627693177, 3.7153508788347245, 3.71132230758667, 3.708300482034683, 3.735141946673393, 3.731037849187851, 3.721597507596016, 3.724741723537445], "train_loss": [], "train_acc": [], "step_at_epoch": [], "dt_forward": [], "dt_backward": [], "dt_step": [], "best_acc": -1, "best_acc_epoch": null, "best_acc_step": null, "test_loss": [389.7054443359375, 5.897336959838867, 4.832663536071777, 4.283010482788086, 4.189759731292725, 4.184228897094727, 3.924267530441284, 3.85642147064209, 3.825822353363037, 3.754899740219116, 3.7096681594848633, 3.784658193588257, 3.6998958587646484, 3.76669979095459, 3.6545989513397217, 3.6438851356506348, 3.705482006072998, 3.63462233543396, 3.586514949798584, 3.664691925048828, 3.693594455718994, 3.739320755004883, 3.6217846870422363, 3.6553311347961426, 3.7402048110961914], "best_loss": 3.586514949798584, "neuron_loss": [200.0897216796875, 10.180496560633182, 1.1567424711585046, 0.9021900664269924, 0.8031112337112427, 0.7347032286226749, 0.679483725130558, 0.6334689113497735, 0.6127659414708614, 0.6040812112390995, 0.5980672828853131, 0.5943383957445622, 0.5914835993945599, 0.5903874152898788, 0.5883317647874355, 0.5882973243296147, 0.5881499019265175, 0.5863299264013767, 0.5879381412267685, 0.5881676872074604, 0.5876493562757968, 0.5865894462168216, 0.5856512388586999, 0.5834609416127204, 0.5834521807730197], "trial_loss": [247.61581420898438, 12.616050978899002, 4.174332649111748, 3.6665841621160506, 3.467307658791542, 3.408376218676567, 3.3570822912454603, 3.3147773224115373, 3.2764879083633422, 3.2325518918037415, 3.193115074634552, 3.1705304557085037, 3.1560867178440093, 3.1407308596372605, 3.139464745521545, 3.1310235029459, 3.1272594904899598, 3.128131738305092, 3.1274127340316773, 3.1231546139717103, 3.1206511276960374, 3.148552498817444, 3.145386619567871, 3.1381365662813185, 3.1412895411252975], "tm_mle_loss": [0.0, 0.0, 0.0, 0.0, 0.0, 0.0, 0.0, 0.0, 0.0, 0.0, 0.0, 0.0, 0.0, 0.0, 0.0, 0.0, 0.0, 0.0, 0.0, 0.0, 0.0, 0.0, 0.0, 0.0, 0.0], "fr_loss": [0.0, 0.0, 0.0, 0.0, 0.0, 0.0, 0.0, 0.0, 0.0, 0.0, 0.0, 0.0, 0.0, 0.0, 0.0, 0.0, 0.0, 0.0, 0.0, 0.0, 0.0, 0.0, 0.0, 0.0, 0.0], "cross_corr_loss": [0.0, 0.0, 0.0, 0.0, 0.0, 0.0, 0.0, 0.0, 0.0, 0.0, 0.0, 0.0, 0.0, 0.0, 0.0, 0.0, 0.0, 0.0, 0.0, 0.0, 0.0, 0.0, 0.0, 0.0, 0.0], "t_trial_pearson": [0.07967139035463333, 0.37514812206849457, 0.5427360032498837, 0.6032406131923199, 0.6318885514140129, 0.6427363519370556, 0.6537278798222542, 0.6570402643084526, 0.660390919148922, 0.6665987634658813, 0.670162412673235, 0.6762011145055294, 0.672429296374321, 0.6730050358176232, 0.6762953402101993, 0.6752716134488582, 0.6784815745055676, 0.6765468770265579, 0.6828461436927319, 0.6814381593465805, 0.6804256787896157, 0.6808164195716381, 0.6761142335832119, 0.6793521851301193, 0.6799239003658295], "trial_type_accuracy": [0.0, 0.0, 0.0, 0.0, 0.0, 1.0, 1.0, 0.0, 0.0, 0.0, 0.0, 0.0, 0.0, 0.0, 0.0, 0.0, 0.0, 0.0, 0.0, 0.0, 0.0, 0.0, 0.0, 0.0, 0.0], "opto_hit_rate": [], "t_trial_pearson_ratio": [0.09483148157596588, 0.6968456506729126, 0.7616696953773499, 0.8432046175003052, 0.8536148071289062, 0.891184389591217, 0.8886748552322388, 0.8670048713684082, 0.8762106895446777, 0.9140982031822205, 0.9161842465400696, 0.8931931853294373, 0.9119396209716797, 0.8768488764762878, 0.9316617846488953, 0.9180433750152588, 0.9263779520988464, 0.9287789463996887, 0.9266915321350098, 0.9345483779907227, 0.9232251644134521, 0.9092336893081665, 0.9322093725204468, 0.938444197177887, 0.9212669730186462], "data_loss": [447.7055358886719, 22.796547515392305, 5.331075106859207, 4.568774224519729, 4.270418899059296, 4.143079449534416, 4.0365660101175305, 3.9482462298870087, 3.8892538505792618, 3.836633098125458, 3.79118235707283, 3.7648688513040542, 3.7475703203678132, 3.7311182767152786, 3.7277965050935746, 3.719320830106735, 3.715409396290779, 3.7144616627693177, 3.7153508788347245, 3.71132230758667, 3.708300482034683, 3.735141946673393, 3.731037849187851, 3.721597507596016, 3.724741723537445]}