{"valid_accuracy": [], "total_train_loss": [892541.875, 224.39891140699388, 4.780404959321022, 3.727955030798912, 3.3117365473508835, 3.05976518034935, 2.8994311904907226, 2.8234376549720763, 2.766369683742523, 2.715885162949562, 2.6830294638872147, 2.648558183312416, 2.6221579939126967, 2.61149405002594, 2.5861195278167726, 2.566822818517685, 2.5640378832817077, 2.5536677718162535, 2.5444649833440782, 2.5287149316072464, 2.5207570821046827, 2.50993205845356, 2.5129836344718934, 2.500698159337044, 2.494676456451416, 2.492022585272789, 2.4929385286569596, 2.4823680824041365, 2.472837439775467], "train_loss": [], "train_acc": [], "step_at_epoch": [], "dt_forward": [], "dt_backward": [], "dt_step": [], "best_acc": -1, "best_acc_epoch": null, "best_acc_step": null, "test_loss": [38526.32421875, 6.239878177642822, 4.294994354248047, 3.6196348667144775, 3.4015636444091797, 3.134585380554199, 3.099956512451172, 3.1109859943389893, 2.938300132751465, 3.0175795555114746, 2.860112190246582, 2.892343759536743, 2.8138155937194824, 2.9035227298736572, 2.741495370864868, 2.8038084506988525, 2.776714563369751, 2.7656641006469727, 2.713557720184326, 2.7345499992370605, 2.7520856857299805, 2.7969377040863037, 2.696711778640747, 2.922475576400757, 2.70330810546875, 2.8154287338256836, 2.718568801879883, 2.7156076431274414, 2.780125379562378], "best_loss": 2.696711778640747, "neuron_loss": [176557.75, 77.33564520716668, 1.3136776347458363, 0.7203960531949997, 0.5020510800182819, 0.38492409147322176, 0.3180987936258316, 0.2918897683918476, 0.26727131810039284, 0.24201312970370054, 0.22943109691143035, 0.21743962973356246, 0.20755122970789672, 0.20072202570736408, 0.19390977330505849, 0.1902425817027688, 0.18793754801154136, 0.18537393890321255, 0.18368591871112586, 0.18186591628938914, 0.18012207016348838, 0.17818699102848767, 0.17719046778976918, 0.17597971074283122, 0.17449952073395253, 0.17344241820275783, 0.17298644363880158, 0.17204421389847993, 0.16960819225758314], "trial_loss": [715984.125, 147.06327197015287, 3.466727316379547, 3.0075589734315873, 2.8096854692697524, 2.6748410904407502, 2.5813323950767515, 2.531547889113426, 2.499098365902901, 2.473872039318085, 2.45359836101532, 2.4311185544729232, 2.414606763124466, 2.4107720202207563, 2.392209751009941, 2.376580224633217, 2.376100338101387, 2.368293836712837, 2.360779061317444, 2.346849014759064, 2.340635006427765, 2.331745063662529, 2.3357931679487227, 2.3247184479236602, 2.3201769387722013, 2.3185801619291304, 2.319952080845833, 2.310323865413666, 2.3032292485237122], "tm_mle_loss": [0.0, 0.0, 0.0, 0.0, 0.0, 0.0, 0.0, 0.0, 0.0, 0.0, 0.0, 0.0, 0.0, 0.0, 0.0, 0.0, 0.0, 0.0, 0.0, 0.0, 0.0, 0.0, 0.0, 0.0, 0.0, 0.0, 0.0, 0.0, 0.0], "fr_loss": [0.0, 0.0, 0.0, 0.0, 0.0, 0.0, 0.0, 0.0, 0.0, 0.0, 0.0, 0.0, 0.0, 0.0, 0.0, 0.0, 0.0, 0.0, 0.0, 0.0, 0.0, 0.0, 0.0, 0.0, 0.0, 0.0, 0.0, 0.0, 0.0], "cross_corr_loss": [0.0, 0.0, 0.0, 0.0, 0.0, 0.0, 0.0, 0.0, 0.0, 0.0, 0.0, 0.0, 0.0, 0.0, 0.0, 0.0, 0.0, 0.0, 0.0, 0.0, 0.0, 0.0, 0.0, 0.0, 0.0, 0.0, 0.0, 0.0, 0.0], "t_trial_pearson": [0.0011082617565989494, 0.2717596475291066, 0.564340626001358, 0.6242912773787975, 0.6540242789685726, 0.6724353811144829, 0.68674695789814, 0.6951363171637058, 0.6982764372229576, 0.7058037281036377, 0.7044019514322281, 0.7087911541759968, 0.7111727711558342, 0.7134244821965694, 0.7148769836127759, 0.7115411829948425, 0.717166106402874, 0.7153450933098793, 0.7157954685389996, 0.7206385785341263, 0.7179298976063728, 0.7220216496288776, 0.7214328415691853, 0.7209732635319233, 0.7255804692208767, 0.7224108232557773, 0.7220198333263397, 0.7283457712829113, 0.7281227743625641], "trial_type_accuracy": [0.0, 1.0, 1.0, 0.0, 1.0, 1.0, 1.0, 1.0, 1.0, 1.0, 1.0, 1.0, 1.0, 1.0, 1.0, 1.0, 1.0, 1.0, 1.0, 1.0, 1.0, 1.0, 1.0, 0.0, 1.0, 1.0, 1.0, 1.0, 1.0], "opto_hit_rate": [], "t_trial_pearson_ratio": [0.09769945591688156, 0.6957331895828247, 0.8049963116645813, 0.8552793860435486, 0.8885656595230103, 0.908141553401947, 0.9222287535667419, 0.932023823261261, 0.9445090889930725, 0.9460347294807434, 0.9523754119873047, 0.9543166160583496, 0.9593009948730469, 0.9595881700515747, 0.9664652943611145, 0.9699419736862183, 0.9739275574684143, 0.9730464816093445, 0.9695724844932556, 0.9689595103263855, 0.9731374979019165, 0.9749184250831604, 0.9780329465866089, 0.9643163681030273, 0.9808102250099182, 0.9775465130805969, 0.9828107953071594, 0.9852551817893982, 0.9804883003234863], "data_loss": [892541.875, 224.39891140699388, 4.780404959321022, 3.727955030798912, 3.3117365473508835, 3.05976518034935, 2.8994311904907226, 2.8234376549720763, 2.766369683742523, 2.715885162949562, 2.6830294638872147, 2.648558183312416, 2.6221579939126967, 2.61149405002594, 2.5861195278167726, 2.566822818517685, 2.5640378832817077, 2.5536677718162535, 2.5444649833440782, 2.5287149316072464, 2.5207570821046827, 2.50993205845356, 2.5129836344718934, 2.500698159337044, 2.494676456451416, 2.492022585272789, 2.4929385286569596, 2.4823680824041365, 2.472837439775467]}