{"valid_accuracy": [], "total_train_loss": [8859.3544921875, 258.5187845182419, 21.871813962459566, 12.654127941131591, 9.376148934364318, 7.406046948432922, 5.9839856243133545, 4.915895305871963, 4.016102674007416, 3.3550284081697463, 2.885473857522011, 2.5382876563072205, 2.2756278491020203, 2.0918166318535807, 1.9413271713256837, 1.8592743256688118, 1.7955597391724587, 1.7019048482179642, 1.6892037624120713, 1.6639504873752593, 1.6375167310237884, 1.6499190071225167, 1.8194819176197052, 1.6681569567322732, 1.5496993267536163, 1.534503808915615, 1.5510929471254349, 1.4850132691860198, 1.4605584383010863, 1.4417399910092354, 1.4270787367224693, 1.4836398375034332, 1.4184977585077285, 1.4048590505123137, 1.4024996593594552, 1.4057375964522363, 1.3810149696469307, 1.3834914055466652, 1.3769213396310807, 1.3708754086494446, 1.3768940308690072, 1.3731843799352645, 1.3711632657051087, 1.373407399058342, 1.3618322283029556, 1.3609324836730956, 1.3565353193879128, 1.357038395702839, 1.3511120146512985, 1.3748982238769532, 1.3488441535830498, 1.3530291497707367], "train_loss": [], "train_acc": [], "step_at_epoch": [], "dt_forward": [], "dt_backward": [], "dt_step": [], "best_acc": -1, "best_acc_epoch": null, "best_acc_step": null, "test_loss": [8848.029296875, 68.9588623046875, 58.20721435546875, 63.30733871459961, 64.71531677246094, 71.36174774169922, 56.273380279541016, 57.18040084838867, 57.04057693481445, 55.163116455078125, 47.192176818847656, 37.454566955566406, 25.393775939941406, 32.84602737426758, 29.230302810668945, 30.691551208496094, 43.75638198852539, 36.187164306640625, 33.69337844848633, 26.419240951538086, 32.51722717285156, 33.44255447387695, 37.44453811645508, 47.34086608886719, 34.08939743041992, 49.37750244140625, 27.484891891479492, 56.108943939208984, 50.67263412475586, 37.71028137207031, 31.913652420043945, 33.09052276611328, 50.16938781738281, 41.559486389160156, 33.73775863647461, 44.079288482666016, 44.059627532958984, 46.0477409362793, 44.50611114501953, 44.411293029785156, 46.084659576416016, 46.20892333984375, 69.80635070800781, 47.75094223022461, 64.6092300415039, 43.044921875, 49.83881378173828, 64.54170989990234, 28.302352905273438, 73.39942169189453, 59.7540397644043, 59.86344528198242], "best_loss": 1.3488441535830498, "neuron_loss": [4833.06640625, 74.4025732883811, 1.6758083176612855, 1.30615887850523, 1.1564125075936318, 1.0422043193876744, 0.9542875398695468, 0.8883022986352443, 0.8273722018301487, 0.7837328046560288, 0.7491266684234142, 0.7220732223987579, 0.6986870580911636, 0.6826094572246074, 0.6690935297310352, 0.6637030315399169, 0.6575312907993793, 0.6516740664839744, 0.6490607871115208, 0.6507701586186886, 0.6454833501577377, 0.6440843053162097, 0.6479468840360642, 0.6389235277473927, 0.627418924421072, 0.6238837026059627, 0.6226238796114921, 0.6200063836574554, 0.6097764347493648, 0.6063068228960037, 0.5999922449886799, 0.6022260783612728, 0.5972826947271824, 0.5908671201765537, 0.5891525372862816, 0.5873705469071865, 0.5815712204575538, 0.5792592690885067, 0.5767413111031056, 0.5745353668928146, 0.5753049689531327, 0.5733303074538708, 0.5740936949849129, 0.570841413885355, 0.5670067997276783, 0.5659181785583496, 0.5638139660656453, 0.5634523236751556, 0.5593224664032459, 0.5645138493180275, 0.5610645006597043, 0.5603649184107781], "trial_loss": [32.87445831298828, 10.372623496353626, 0.8500723372399807, 0.825364568978548, 0.8124162653088569, 0.8030203624069691, 0.794607549905777, 0.7872424256801606, 0.7804407082498074, 0.7754989182949066, 0.771684396713972, 0.7688078996539116, 0.766530661135912, 0.763855485022068, 0.7612294210493564, 0.7542916904389858, 0.749454583376646, 0.7443602001667022, 0.7403877092897893, 0.7380458423495293, 0.7377550944685936, 0.7350379566848279, 0.7344223421812057, 0.7334953543543815, 0.7318285900354385, 0.7306538207828999, 0.729323098063469, 0.7282810278236866, 0.7274086017906666, 0.7266536907851696, 0.7255381770431996, 0.7252805595099926, 0.7245707149803639, 0.7235429427027702, 0.723887876868248, 0.7231556588411331, 0.722009787261486, 0.7225380448997021, 0.7219792506098748, 0.7210383307933808, 0.7216500197350979, 0.7219164523482323, 0.7201792854070663, 0.7212207865715027, 0.7206514221429825, 0.7195118053257465, 0.7187157800793648, 0.7187294086813927, 0.7195694537460804, 0.7233855459094047, 0.7181051987409591, 0.7181455962359905], "tm_mle_loss": [0.0, 0.0, 0.0, 0.0, 0.0, 0.0, 0.0, 0.0, 0.0, 0.0, 0.0, 0.0, 0.0, 0.0, 0.0, 0.0, 0.0, 0.0, 0.0, 0.0, 0.0, 0.0, 0.0, 0.0, 0.0, 0.0, 0.0, 0.0, 0.0, 0.0, 0.0, 0.0, 0.0, 0.0, 0.0, 0.0, 0.0, 0.0, 0.0, 0.0, 0.0, 0.0, 0.0, 0.0, 0.0, 0.0, 0.0, 0.0, 0.0, 0.0, 0.0, 0.0], "fr_loss": [3993.413330078125, 173.74358623027803, 19.34593326330185, 10.52260453939438, 7.407320141792297, 5.560822274684906, 4.235090546011925, 3.24035057246685, 2.4082897689938547, 1.795796690583229, 1.3646627908945084, 1.0474065324664117, 0.8104101300239563, 0.6453516934812069, 0.5110042233020067, 0.4412796077877283, 0.38857386127114296, 0.3058705807849765, 0.29975526466965674, 0.27513448514044286, 0.254278286062181, 0.27079674292355776, 0.43711269803345204, 0.295738069191575, 0.19045181069523096, 0.17996628480032087, 0.19914596762508155, 0.1367258576489985, 0.12337340530008077, 0.10877947572618724, 0.10154831243678927, 0.15613319709897042, 0.09664435042068362, 0.09044898717664182, 0.08945924782194198, 0.0952113897074014, 0.07743395765312017, 0.08169409539550543, 0.07820077783428132, 0.07530171080492437, 0.07993904108181596, 0.0779376183450222, 0.07689028535038232, 0.08134519888088107, 0.07417400693520904, 0.07550250409170985, 0.07400557632558048, 0.07485666164197027, 0.07222009497694672, 0.08699882440268994, 0.06967445069923997, 0.07451863580383361], "cross_corr_loss": [0.0, 0.0, 0.0, 0.0, 0.0, 0.0, 0.0, 0.0, 0.0, 0.0, 0.0, 0.0, 0.0, 0.0, 0.0, 0.0, 0.0, 0.0, 0.0, 0.0, 0.0, 0.0, 0.0, 0.0, 0.0, 0.0, 0.0, 0.0, 0.0, 0.0, 0.0, 0.0, 0.0, 0.0, 0.0, 0.0, 0.0, 0.0, 0.0, 0.0, 0.0, 0.0, 0.0, 0.0, 0.0, 0.0, 0.0, 0.0, 0.0, 0.0, 0.0, 0.0], "t_trial_pearson": [0.12718939781188965, 0.19162187505513428, 0.35588020980358126, 0.3831014480441809, 0.3939796271175146, 0.41005806855857374, 0.4177192083746195, 0.43114769078791143, 0.4392256575077772, 0.445993944182992, 0.4504086328297853, 0.45178497917950156, 0.45678345642983914, 0.4563458117842674, 0.4630819085240364, 0.4676747473329306, 0.4742088730633259, 0.47754266165196896, 0.47952426567673684, 0.4811244523525238, 0.48800045765936373, 0.49204887099564076, 0.49516652926802635, 0.4968209119141102, 0.4953905261307955, 0.49528132401406766, 0.49930631920695306, 0.4982815283536911, 0.5018536602705717, 0.49973484344780444, 0.5041821727156639, 0.5036207598447799, 0.5066165709495545, 0.5057165138423443, 0.5081095999479294, 0.5084155271947384, 0.5090351566672325, 0.5050617694854737, 0.5083619980514049, 0.5111747599393129, 0.5078860963135958, 0.5065697659552097, 0.5119024263322354, 0.5126331469416618, 0.5120702102780342, 0.5155418993532658, 0.512595537006855, 0.5095606265962124, 0.5093908845633268, 0.5020045550912619, 0.5111043804883957, 0.5146198579668999], "trial_type_accuracy": [0.25, 0.0, 0.0, 0.0, 0.0, 0.0, 0.0, 0.5, 0.0, 0.0, 0.0, 0.25, 0.0, 0.0, 0.25, 0.25, 0.5, 0.5, 0.0, 0.5, 0.5, 0.5, 0.5, 0.25, 0.5, 0.5, 0.25, 0.75, 0.5, 0.5, 0.25, 0.25, 0.5, 0.5, 0.25, 0.25, 0.5, 0.5, 0.5, 0.5, 0.5, 0.5, 0.75, 0.75, 0.5, 0.25, 0.25, 0.25, 0.5, 0.5, 0.25, 0.5], "opto_hit_rate": [],