{"valid_accuracy": [], "total_train_loss": [10453.11328125, 94.20832875192166, 1.99683709025383, 1.9324856886267663, 1.8499546977877617, 1.7832157132029534, 1.6416105851531029, 1.6413503846526145, 1.6106704992055894, 1.6037058290839195, 1.57173341691494, 1.5562457531690597, 1.5722614833712578, 1.5595315501093865, 1.5023500829935075, 1.4800150257349014, 1.546168087720871, 1.4759192192554473, 1.4694189113378524, 1.4985200279951096, 1.458071333169937, 1.5055260810256004, 1.3939080017805099, 1.4577116730809212, 1.3616243171691895, 1.3643889251351355, 1.3231165114045143, 1.3404351872205735, 1.3009713685512543, 1.3174572572112084, 1.3423187297582626, 1.3167383098602294, 1.2918304404616356, 1.2796112406253815, 1.3034910061955451, 1.270376968383789, 1.2606231299042703, 1.2965624293684959, 1.2674336257576941, 1.2633018776774407, 1.2674794203042985, 1.281193187534809, 1.2717780247330666, 1.2848637360334396, 1.2450342875719072, 1.2809125179052352, 1.2759135395288468, 1.2993281629681588, 1.2585768491029738, 1.3494329673051835, 1.2648808285593987], "train_loss": [], "train_acc": [], "step_at_epoch": [], "dt_forward": [], "dt_backward": [], "dt_step": [], "best_acc": -1, "best_acc_epoch": null, "best_acc_step": null, "test_loss": [28129.51953125, 16.748720169067383, 15.926106452941895, 18.406660079956055, 19.549163818359375, 20.1524600982666, 21.475130081176758, 21.031105041503906, 19.357698440551758, 23.123220443725586, 21.75244140625, 18.517738342285156, 21.64582633972168, 19.02419662475586, 21.834774017333984, 22.284414291381836, 24.057641983032227, 17.78194236755371, 17.55695343017578, 18.198184967041016, 19.35186004638672, 19.295516967773438, 17.21413803100586, 18.81446647644043, 15.781007766723633, 19.28882598876953, 15.474162101745605, 14.529007911682129, 18.761871337890625, 14.361531257629395, 14.576960563659668, 16.173002243041992, 14.681453704833984, 14.830223083496094, 16.90270233154297, 13.732494354248047, 14.990593910217285, 15.299599647521973, 13.228519439697266, 14.8302001953125, 15.701058387756348, 14.386652946472168, 14.393949508666992, 16.311100006103516, 14.31760311126709, 15.29211139678955, 15.481493949890137, 15.772842407226562, 14.082490921020508, 15.683243751525879, 15.953581809997559], "best_loss": 1.2450342875719072, "neuron_loss": [5676.69921875, 56.313711707443, 0.9150230167806148, 0.811596583276987, 0.7569001276791095, 0.7410828523337841, 0.7021195702254772, 0.6876413019001484, 0.6684886948764324, 0.6555863159894944, 0.6371873611211777, 0.6215806974470616, 0.6205710890889168, 0.6145527936518193, 0.5908447036147118, 0.5829725617170334, 0.5899689218401909, 0.5686517409980297, 0.5612224227190018, 0.5606325137615203, 0.5468752363324165, 0.5564049778878689, 0.5270354849100113, 0.5405563703924418, 0.5147820911556482, 0.5120295221358537, 0.4980967624485493, 0.5024093176424503, 0.4932847520709038, 0.49368296168744563, 0.49932772628962996, 0.48731242030858996, 0.48041678719222547, 0.476791817098856, 0.4803798797726631, 0.47054657131433486, 0.4671333924680948, 0.47642146483063696, 0.4649106216430664, 0.46218693591654303, 0.46168015703558923, 0.46380166336894035, 0.46259092643857, 0.46496566615998747, 0.45231591038405894, 0.46379740253090856, 0.46000403188169003, 0.46532422296702863, 0.45344103150069714, 0.46376629278063775, 0.45469311214983466], "trial_loss": [47.92924118041992, 1.0124141028523446, 0.7966238552331925, 0.7832119759917259, 0.7735577243566513, 0.7623355650901794, 0.7448609171807766, 0.7392495550215245, 0.735372229963541, 0.7349201028048992, 0.7296967649459839, 0.7259565848112106, 0.7266930247843265, 0.7245423291623593, 0.7198966398835183, 0.7162754730880261, 0.7238542173802852, 0.7155995005369187, 0.713992515951395, 0.7133827911317349, 0.7115494099259376, 0.7160077817738056, 0.7074962112307549, 0.7151627196371555, 0.7057890392839908, 0.7055752822756767, 0.7033832421898842, 0.7042077013850212, 0.703016711473465, 0.7033707946538925, 0.703661333322525, 0.7022254317998886, 0.700316269248724, 0.7002143289148808, 0.7000019408762455, 0.6995106913149357, 0.6988321596384048, 0.7001171907782555, 0.6980994281172752, 0.6977157494425774, 0.6974926073849201, 0.6978160692751407, 0.6976644843816757, 0.6970332045853138, 0.6960869412124157, 0.6973764030635357, 0.6965475556254387, 0.6982516184449196, 0.695820484906435, 0.6962241066992283, 0.6955913610756397], "tm_mle_loss": [0.0, 0.0, 0.0, 0.0, 0.0, 0.0, 0.0, 0.0, 0.0, 0.0, 0.0, 0.0, 0.0, 0.0, 0.0, 0.0, 0.0, 0.0, 0.0, 0.0, 0.0, 0.0, 0.0, 0.0, 0.0, 0.0, 0.0, 0.0, 0.0, 0.0, 0.0, 0.0, 0.0, 0.0, 0.0, 0.0, 0.0, 0.0, 0.0, 0.0, 0.0, 0.0, 0.0, 0.0, 0.0, 0.0, 0.0, 0.0, 0.0, 0.0, 0.0], "fr_loss": [4728.48486328125, 36.88220771744847, 0.28519021801650524, 0.33767712336033584, 0.3194968417286873, 0.27979729786515234, 0.19463009545579552, 0.2144595337472856, 0.2068095714226365, 0.2131994073279202, 0.20484929526224732, 0.20870846742764115, 0.22499736692756414, 0.22043643621727824, 0.1916087453253567, 0.18076699124649168, 0.23234495526179672, 0.19166797721758486, 0.1942039710097015, 0.22450472274795175, 0.19964668945409358, 0.2331133275013417, 0.15937630975618958, 0.20199258208274842, 0.14105318210087717, 0.1467841212451458, 0.12163650936447085, 0.13381817057728768, 0.10466990747489036, 0.12040350234135985, 0.13932966968044638, 0.12720045791007578, 0.11109737931750714, 0.1026050962228328, 0.1231091839633882, 0.10031970649026334, 0.09465757612138986, 0.12002377597615123, 0.10442358056083322, 0.103399189254269, 0.10830665467306971, 0.11957545094192028, 0.11152261441573501, 0.12286486234515906, 0.09663143088109791, 0.1197387121245265, 0.11936195375397801, 0.13575232408940793, 0.10931533093564212, 0.1894425667542964, 0.11459635514765978], "cross_corr_loss": [0.0, 0.0, 0.0, 0.0, 0.0, 0.0, 0.0, 0.0, 0.0, 0.0, 0.0, 0.0, 0.0, 0.0, 0.0, 0.0, 0.0, 0.0, 0.0, 0.0, 0.0, 0.0, 0.0, 0.0, 0.0, 0.0, 0.0, 0.0, 0.0, 0.0, 0.0, 0.0, 0.0, 0.0, 0.0, 0.0, 0.0, 0.0, 0.0, 0.0, 0.0, 0.0, 0.0, 0.0, 0.0, 0.0, 0.0, 0.0, 0.0, 0.0, 0.0], "t_trial_pearson": [0.1320551633834839, 0.3243334785103798, 0.4107702498883009, 0.43601018242537976, 0.45191658519208433, 0.4636609946936369, 0.4760117018967867, 0.4863619088381529, 0.4917060377448797, 0.4906564852595329, 0.4987165521085262, 0.5065371482074261, 0.5046399018168449, 0.510132703781128, 0.5126303696632385, 0.5180094499886035, 0.5112848466634751, 0.5242650850117206, 0.5201094396412372, 0.5227746509015561, 0.5273498667776585, 0.5181630252301693, 0.5260094289481639, 0.514938453361392, 0.5265817030519248, 0.5264943115413189, 0.5376266877353192, 0.534267146885395, 0.5373699432611465, 0.5384566636383533, 0.5340631322562694, 0.5321626807749271, 0.5383046178519726, 0.5403657425940037, 0.5387892037630081, 0.5424562801420688, 0.5408429573476314, 0.5373005117475986, 0.5414474077522755, 0.5459047757089138, 0.5413901299238205, 0.5434349828958511, 0.5415291661024093, 0.5457825466990471, 0.5463438959419727, 0.540294020473957, 0.5455761814117431, 0.539624842852354, 0.5445021848380566, 0.5435318550467492, 0.5425915448367595], "trial_type_accuracy": [0.25, 0.0, 0.5, 0.5, 0.5, 0.0, 0.75, 0.75, 0.5, 1.0, 1.0, 0.5, 0.75, 0.25, 0.5, 1.0, 0.5, 0.5, 0.5, 0.5, 0.75, 0.75, 0.25, 0.25, 0.75, 0.75, 0.75, 0.5, 0.75, 0.5, 0.5, 0.5, 0.5, 0.75, 0.5, 0.5, 0.5, 0.5, 0.25, 0.5, 0.75, 0.75, 0.75, 0.75, 0.5, 0.75, 0.75, 0.75, 0.25, 0.5, 0.75], "opto_hit_rate": [],