{"valid_accuracy": [], "total_train_loss": [480.5836181640625, 25.03290985703468, 5.437639647722245, 4.576516437530517, 4.2409867405891415, 4.085809516906738, 4.031168952584267, 3.996731989979744, 3.905912992954254, 3.8660250049829483, 3.8373478496074678, 3.812411776185036, 3.7874741101264955, 3.7796816676855087, 3.7721903455257415, 3.7569162118434907, 3.747638502717018, 3.7501649081707003, 3.7463490176200867, 3.7347850131988527, 3.734597874879837, 3.744985386133194, 3.7383439218997956, 3.738081498146057, 3.725057182908058, 3.731935313344002, 3.743558194041252], "train_loss": [], "train_acc": [], "step_at_epoch": [], "dt_forward": [], "dt_backward": [], "dt_step": [], "best_acc": -1, "best_acc_epoch": null, "best_acc_step": null, "test_loss": [408.968994140625, 6.0046234130859375, 4.795111656188965, 4.341019153594971, 4.068185329437256, 3.959557294845581, 4.241262912750244, 3.942892074584961, 3.841118812561035, 3.860431671142578, 3.8830575942993164, 3.7963314056396484, 3.8061914443969727, 3.808478593826294, 3.827563524246216, 3.883993625640869, 3.7052600383758545, 3.712827205657959, 4.033990859985352, 3.7461490631103516, 3.7030580043792725, 3.7743983268737793, 3.7211153507232666, 3.8706841468811035, 3.7368717193603516, 4.041914463043213, 3.885491371154785], "best_loss": 3.7030580043792725, "neuron_loss": [210.22607421875, 11.8741663813591, 1.2598246973752976, 0.8749455633759499, 0.7828262081742287, 0.7318188090622425, 0.6894179460406303, 0.6452287219464778, 0.6172139813005925, 0.6098551119863987, 0.603654016405344, 0.5984390085935593, 0.5914652319252491, 0.5886955259740353, 0.5851753206551075, 0.5806741666793823, 0.5770939600467682, 0.574060660302639, 0.5732473492622375, 0.5717985825240612, 0.571840606033802, 0.5731568908691407, 0.5733145146071911, 0.5751140661537647, 0.5754207549989223, 0.5760083192586899, 0.5752229261398315], "trial_loss": [270.3575439453125, 13.158743461370468, 4.177814952731133, 3.7015708750486374, 3.458160521388054, 3.3539906978607177, 3.3417510080337522, 3.3515032655000687, 3.2886990028619767, 3.2561698937416077, 3.2336938333511354, 3.213972768187523, 3.196008870601654, 3.190986148715019, 3.187015023231506, 3.176242044568062, 3.1705445432662964, 3.176104257106781, 3.173101671934128, 3.162986429333687, 3.1627572739124297, 3.1718284916877746, 3.1650294071435927, 3.1629674285650253, 3.149636432528496, 3.1559269857406616, 3.1683352625370027], "tm_mle_loss": [0.0, 0.0, 0.0, 0.0, 0.0, 0.0, 0.0, 0.0, 0.0, 0.0, 0.0, 0.0, 0.0, 0.0, 0.0, 0.0, 0.0, 0.0, 0.0, 0.0, 0.0, 0.0, 0.0, 0.0, 0.0, 0.0, 0.0], "fr_loss": [0.0, 0.0, 0.0, 0.0, 0.0, 0.0, 0.0, 0.0, 0.0, 0.0, 0.0, 0.0, 0.0, 0.0, 0.0, 0.0, 0.0, 0.0, 0.0, 0.0, 0.0, 0.0, 0.0, 0.0, 0.0, 0.0, 0.0], "cross_corr_loss": [0.0, 0.0, 0.0, 0.0, 0.0, 0.0, 0.0, 0.0, 0.0, 0.0, 0.0, 0.0, 0.0, 0.0, 0.0, 0.0, 0.0, 0.0, 0.0, 0.0, 0.0, 0.0, 0.0, 0.0, 0.0, 0.0, 0.0], "t_trial_pearson": [0.08766532689332962, 0.3652110063843429, 0.5340353436768055, 0.5838839490711689, 0.6166941346228123, 0.6315971171855926, 0.6330038030445576, 0.6393424181640148, 0.6418599064648152, 0.6458542957901955, 0.6475898230075836, 0.6529607637226582, 0.6547433614730835, 0.6555487014353275, 0.655983624458313, 0.6548353137075901, 0.6588708110153675, 0.6608080591261387, 0.6619277821481228, 0.661600192040205, 0.666691684126854, 0.6669523404538631, 0.6674115739762783, 0.6638478572666645, 0.6651017044484615, 0.6692253702878952, 0.6683980573713779], "trial_type_accuracy": [0.0, 0.0, 0.0, 0.0, 0.0, 0.0, 1.0, 0.0, 0.0, 0.0, 1.0, 0.0, 0.0, 1.0, 1.0, 1.0, 0.0, 0.0, 1.0, 1.0, 1.0, 1.0, 1.0, 1.0, 0.0, 1.0, 1.0], "opto_hit_rate": [], "t_trial_pearson_ratio": [0.09974470734596252, 0.7113720774650574, 0.7692658305168152, 0.8173971772193909, 0.8724320530891418, 0.8667881488800049, 0.8800802826881409, 0.8727153539657593, 0.8936464190483093, 0.8995667695999146, 0.8963118195533752, 0.9050220847129822, 0.8883613348007202, 0.9227396249771118, 0.9337471723556519, 0.9242081642150879, 0.9093688130378723, 0.9073262810707092, 0.9232710599899292, 0.9147003293037415, 0.9153143763542175, 0.9240800738334656, 0.9315602779388428, 0.9200798869132996, 0.902361273765564, 0.9339079260826111, 0.9403994083404541], "data_loss": [480.5836181640625, 25.03290985703468, 5.437639647722245, 4.576516437530517, 4.2409867405891415, 4.085809516906738, 4.031168952584267, 3.996731989979744, 3.905912992954254, 3.8660250049829483, 3.8373478496074678, 3.812411776185036, 3.7874741101264955, 3.7796816676855087, 3.7721903455257415, 3.7569162118434907, 3.747638502717018, 3.7501649081707003, 3.7463490176200867, 3.7347850131988527, 3.734597874879837, 3.744985386133194, 3.7383439218997956, 3.738081498146057, 3.725057182908058, 3.731935313344002, 3.743558194041252]}